tanglish_input,english_output,intent,emotion,keywords,urgency,confidence,source_file
"sales target pathi ipo tension illa, mind calm ah irukku","I don't feel tense about my sales target anymore, my mind feels calm",career,calm,"sales,calm",low,high,vernacbridge_career_1000.csv
"bonus payout start aaga innum konjam naal dhaan irukku, romba excited ah irukken","There's only a few days left for my bonus payout to start, I'm really excited",career,excited,"bonus,excited",low,high,vernacbridge_career_1000.csv
salary hike pathi ninachaale sad ah irukku,Thinking about my salary hike makes me feel sad,career,sad,"salary,sad",medium,high,vernacbridge_career_1000.csv
resume update success ah mudinjadhu nu kelvi pattu happy ah irukken,"I heard my resume update was successful, I'm happy about it",career,happy,"resume,happy",low,high,vernacbridge_career_1000.csv
probation period pathi negative outcome varumo nu fear ah irukku,I'm scared that my probation period might have a negative outcome,career,fear,"probation,fear",medium,high,vernacbridge_career_1000.csv
higher studies plan ku team ah let down pannitten nu guilt irukku,I feel guilty that I let my team down regarding my higher studies plan,career,guilty,"higher,guilty",medium,high,vernacbridge_career_1000.csv
team lead role pathi decision edukka mudiyama irukken innum,I still can't make a decision about my team lead role,career,confused,"team,confused",medium,high,vernacbridge_career_1000.csv
MBA admission reject aayiduchu nu therinjadhum mind heavy ah aayiduchu,"The moment I found out my MBA admission got rejected, my mind felt heavy",career,sad,"mba,sad",medium,high,vernacbridge_career_1000.csv
"interview feedback konjam kashtama irundhalum, future bright ah irukum nu feel panren","Even though my interview feedback is a bit tough, I feel the future will be bright",career,hopeful,"interview,hopeful",low,high,vernacbridge_career_1000.csv
"incentive structure start aaga innum konjam naal dhaan irukku, romba excited ah irukken","There's only a few days left for my incentive structure to start, I'm really excited",career,excited,"incentive,excited",low,high,vernacbridge_career_1000.csv
"project deadline expect panna madhiri nadakala, romba vaguthadhu","My project deadline didn't turn out as I expected, it really disappointed me",career,sad,"project,sad",medium,high,vernacbridge_career_1000.csv
team restructuring pathi ninachaale sad ah irukku,Thinking about my team restructuring makes me feel sad,career,sad,"team,sad",medium,high,vernacbridge_career_1000.csv
internship offer ku team ah let down pannitten nu guilt irukku,I feel guilty that I let my team down regarding my internship offer,career,guilty,"internship,guilty",medium,high,vernacbridge_career_1000.csv
"cold email for job deadline nearagudhu, romba stress ah irukku","My cold email for job deadline is approaching, I'm really stressed",career,stressed,"cold,stressed",high,high,vernacbridge_career_1000.csv
"github profile pathi friends ellarum different advice kudukranga, confuse ah irukku","All my friends are giving different advice about my github profile, I'm confused",career,confused,"github,confused",medium,high,vernacbridge_career_1000.csv
"aptitude test pathi over thinking pannitu irukken, sleep kooda varala","I've been overthinking about my aptitude test, I can't even sleep",career,anxious,"aptitude,anxious",medium,high,vernacbridge_career_1000.csv
"incentive structure deadline nearagudhu, romba stress ah irukku","My incentive structure deadline is approaching, I'm really stressed",career,stressed,"incentive,stressed",high,high,vernacbridge_career_1000.csv
"salary hike nalla poayiduchu, semma happy ah irukku","My salary hike went really well, I'm so happy",career,happy,"salary,happy",low,high,vernacbridge_career_1000.csv
"onboarding process vishayathula unfair ah treat pannanga nu feel panren, romba frustration","I feel like I was treated unfairly regarding my onboarding process, it's really frustrating",career,angry,"onboarding,angry",medium,high,vernacbridge_career_1000.csv
entrepreneurship idea pathi share panna oruthar kooda illa,I don't have anyone to share my entrepreneurship idea worries with,career,lonely,"entrepreneurship,lonely",medium,high,vernacbridge_career_1000.csv
quarterly review decision edukkara naala nalla varum nu wait pandren,I'm waiting hopefully for the day my quarterly review decision comes,career,hopeful,"quarterly,hopeful",low,high,vernacbridge_career_1000.csv
interview feedback pathi negative outcome varumo nu fear ah irukku,I'm scared that my interview feedback might have a negative outcome,career,fear,"interview,fear",medium,high,vernacbridge_career_1000.csv
"skill gap start aaga innum konjam naal dhaan irukku, romba excited ah irukken","There's only a few days left for my skill gap to start, I'm really excited",career,excited,"skill,excited",low,high,vernacbridge_career_1000.csv
"background verification workload adhigama irukku, over stress ah aayiduchu","The workload for my background verification is too much, I'm extremely stressed",career,stressed,"background,stressed",high,high,vernacbridge_career_1000.csv
"remote job pathi nalla news kidaichu, romba santhosham","I got good news about my remote job, I'm really happy",career,happy,"remote,happy",low,high,vernacbridge_career_1000.csv
final offer letter nalla mudiyala nu ninachu romba down ah irukken,I'm feeling really down thinking that my final offer letter didn't go well,career,sad,"final,sad",medium,high,vernacbridge_career_1000.csv
technical round eppadi handle pannanum nu confusion ah irukku,I'm confused about how to handle my technical round,career,confused,"technical,confused",medium,high,vernacbridge_career_1000.csv
cold email for job interview ku munnadi kai kaal nadunguthu,My hands and legs are shaking before my cold email for job,career,fear,"cold,fear",medium,high,vernacbridge_career_1000.csv
technical round result eppo varum nu wait panni panni anxiety adhigama aayiduchu,Waiting for my technical round result has made me really anxious,career,anxious,"technical,anxious",medium,high,vernacbridge_career_1000.csv
internship offer journey la yaarum kooda illa nu feel panren,I feel like no one is with me in this internship offer journey,career,lonely,"internship,lonely",medium,high,vernacbridge_career_1000.csv
"cold email for job pathi ipo tension illa, mind calm ah irukku","I don't feel tense about my cold email for job anymore, my mind feels calm",career,calm,"cold,calm",low,high,vernacbridge_career_1000.csv
business loss time la mistake pannitten nu ippozhum kashtama irukku,I still feel bad that I made a mistake during my business loss,career,guilty,"business,guilty",medium,high,vernacbridge_career_1000.csv
"annual review expect panna madhiri nadakala, romba vaguthadhu","My annual review didn't turn out as I expected, it really disappointed me",career,sad,"annual,sad",medium,high,vernacbridge_career_1000.csv
"performance review vishayathula unfair ah treat pannanga nu feel panren, romba frustration","I feel like I was treated unfairly regarding my performance review, it's really frustrating",career,angry,"performance,angry",medium,high,vernacbridge_career_1000.csv
"cold email for job pathi plan panna aarambichitten, romba pumped up ah irukken","I've started planning for my cold email for job, I'm really pumped up",career,excited,"cold,excited",low,high,vernacbridge_career_1000.csv
cover letter promise pannitu keep pannala nu romba kobam ah irukku,"They promised something about my cover letter and didn't keep it, I'm really angry",career,angry,"cover,angry",medium,high,vernacbridge_career_1000.csv
co-founder issue success ah mudinjadhu nu kelvi pattu happy ah irukken,"I heard my co-founder issue was successful, I'm happy about it",career,happy,"co-founder,happy",low,high,vernacbridge_career_1000.csv
"technical round expect panna madhiri nadakala, romba vaguthadhu","My technical round didn't turn out as I expected, it really disappointed me",career,sad,"technical,sad",medium,high,vernacbridge_career_1000.csv
"skill gap pathi nalla news kidaichu, romba santhosham","I got good news about my skill gap, I'm really happy",career,happy,"skill,happy",low,high,vernacbridge_career_1000.csv
work life balance promise pannitu keep pannala nu romba kobam ah irukku,"They promised something about my work life balance and didn't keep it, I'm really angry",career,angry,"work,angry",medium,high,vernacbridge_career_1000.csv
"layoff round nalla plan pannitten, adhanala mind peace ah irukku","I planned my layoff round well, so my mind feels at peace",career,calm,"layoff,calm",low,high,vernacbridge_career_1000.csv
"co-founder issue pathi plan panna aarambichitten, romba pumped up ah irukken","I've started planning for my co-founder issue, I'm really pumped up",career,excited,"co-founder,excited",low,high,vernacbridge_career_1000.csv
"hybrid work policy pathi ella effort um podren, nalladhu nadakum nu nambikkai irukku","I'm putting in all the effort for my hybrid work policy, I believe good things will happen",career,hopeful,"hybrid,hopeful",low,high,vernacbridge_career_1000.csv
"project deadline pathi rendu option irukku, edhu correct nu therila","I have two options for my project deadline, not sure which one is right",career,confused,"project,confused",medium,high,vernacbridge_career_1000.csv
"HR interview pathi negative aana vishayam kekkalam, aana naan hopeful ah dhaan irukken","I might hear negative things about my HR interview, but I'm staying hopeful",career,hopeful,"hr,hopeful",low,high,vernacbridge_career_1000.csv
final offer letter nalla ah prepare pannama vittutten nu guilt ah irukku,I feel guilty that I didn't prepare well for my final offer letter,career,guilty,"final,guilty",medium,high,vernacbridge_career_1000.csv
probation period reject aayiduchu nu therinjadhum mind heavy ah aayiduchu,"The moment I found out my probation period got rejected, my mind felt heavy",career,sad,"probation,sad",medium,high,vernacbridge_career_1000.csv
night shift schedule eppadi handle pannanum nu confusion ah irukku,I'm confused about how to handle my night shift schedule,career,confused,"night,confused",medium,high,vernacbridge_career_1000.csv
toxic boss issue ku team ah let down pannitten nu guilt irukku,I feel guilty that I let my team down regarding my toxic boss issue,career,guilty,"toxic,guilty",medium,high,vernacbridge_career_1000.csv
notice period pathi nyabagam vandha automatic ah excitement varudhu,Just thinking about my notice period gets me excited,career,excited,"notice,excited",low,high,vernacbridge_career_1000.csv
"probation period nalla poayiduchu, semma happy ah irukku","My probation period went really well, I'm so happy",career,happy,"probation,happy",low,high,vernacbridge_career_1000.csv
internship offer mudinja pinnadi vazhkai better ah maarum nu nambaren,I believe life will get better once my internship offer is done,career,hopeful,"internship,hopeful",low,high,vernacbridge_career_1000.csv
background verification continue pannanuma illa mathanuma nu therila,I don't know whether to continue or change my background verification,career,confused,"background,confused",medium,high,vernacbridge_career_1000.csv
technical round pathi ipozhum yosichaale angry ah aaguthu,"Even now, thinking about my technical round makes me angry",career,angry,"technical,angry",medium,high,vernacbridge_career_1000.csv
interview feedback pathi ipozhum yosichaale angry ah aaguthu,"Even now, thinking about my interview feedback makes me angry",career,angry,"interview,angry",medium,high,vernacbridge_career_1000.csv
notice period pathi negative outcome varumo nu fear ah irukku,I'm scared that my notice period might have a negative outcome,career,fear,"notice,fear",medium,high,vernacbridge_career_1000.csv
freelance project ku team ah let down pannitten nu guilt irukku,I feel guilty that I let my team down regarding my freelance project,career,guilty,"freelance,guilty",medium,high,vernacbridge_career_1000.csv
walk-in interview reject aayiduchu nu therinjadhum mind heavy ah aayiduchu,"The moment I found out my walk-in interview got rejected, my mind felt heavy",career,sad,"walk-in,sad",medium,high,vernacbridge_career_1000.csv
group discussion round pathi ipozhum yosichaale angry ah aaguthu,"Even now, thinking about my group discussion round makes me angry",career,angry,"group,angry",medium,high,vernacbridge_career_1000.csv
office politics promise pannitu keep pannala nu romba kobam ah irukku,"They promised something about my office politics and didn't keep it, I'm really angry",career,angry,"office,angry",medium,high,vernacbridge_career_1000.csv
"mentorship program results ku wait pandren, semma thrill ah irukku","I'm waiting for my mentorship program results, feeling a real thrill",career,excited,"mentorship,excited",low,high,vernacbridge_career_1000.csv
performance review pressure ah face panra time la romba thanimai ah irukku,I feel really alone while facing the pressure of my performance review,career,lonely,"performance,lonely",medium,high,vernacbridge_career_1000.csv
team restructuring pathi share panna oruthar kooda illa,I don't have anyone to share my team restructuring worries with,career,lonely,"team,lonely",medium,high,vernacbridge_career_1000.csv
"group discussion round expect panna madhiri nadakala, romba vaguthadhu","My group discussion round didn't turn out as I expected, it really disappointed me",career,sad,"group,sad",medium,high,vernacbridge_career_1000.csv
"onboarding process pathi ella effort um podren, nalladhu nadakum nu nambikkai irukku","I'm putting in all the effort for my onboarding process, I believe good things will happen",career,hopeful,"onboarding,hopeful",low,high,vernacbridge_career_1000.csv
"sales target confirm aaguma nu therila, romba restless ah irukken","I don't know if my sales target will be confirmed, I'm feeling really restless",career,anxious,"sales,anxious",medium,high,vernacbridge_career_1000.csv
performance review pathi ratha ovvoru naalum tension ah irukku,I feel tense about my performance review every single day,career,anxious,"performance,anxious",medium,high,vernacbridge_career_1000.csv
freelance project pathi share panna oruthar kooda illa,I don't have anyone to share my freelance project worries with,career,lonely,"freelance,lonely",medium,high,vernacbridge_career_1000.csv
remote job pathi ratha ovvoru naalum tension ah irukku,I feel tense about my remote job every single day,career,anxious,"remote,anxious",medium,high,vernacbridge_career_1000.csv
"technical round results ku wait pandren, semma thrill ah irukku","I'm waiting for my technical round results, feeling a real thrill",career,excited,"technical,excited",low,high,vernacbridge_career_1000.csv
appraisal cycle success ah mudinjadhu nu kelvi pattu happy ah irukken,"I heard my appraisal cycle was successful, I'm happy about it",career,happy,"appraisal,happy",low,high,vernacbridge_career_1000.csv
"salary hike pathi friends ellarum different advice kudukranga, confuse ah irukku","All my friends are giving different advice about my salary hike, I'm confused",career,confused,"salary,confused",medium,high,vernacbridge_career_1000.csv
"promotion round pathi yosichu yosichu ipo oru clarity vandhuchu, mind settle aayiduchu","After thinking a lot about my promotion round, I finally got clarity and my mind settled",career,calm,"promotion,calm",low,high,vernacbridge_career_1000.csv
"work life balance pathi management sariya handle pannala, romba angry ah irukku","The management didn't handle my work life balance properly, I'm really angry",career,angry,"work,angry",medium,high,vernacbridge_career_1000.csv
"office politics expect panna madhiri nadakala, romba vaguthadhu","My office politics didn't turn out as I expected, it really disappointed me",career,sad,"office,sad",medium,high,vernacbridge_career_1000.csv
"referral process pathi management sariya handle pannala, romba angry ah irukku","The management didn't handle my referral process properly, I'm really angry",career,angry,"referral,angry",medium,high,vernacbridge_career_1000.csv
funding round continue pannanuma illa mathanuma nu therila,I don't know whether to continue or change my funding round,career,confused,"funding,confused",medium,high,vernacbridge_career_1000.csv
salary hike success ah mudinjadhu nu kelvi pattu happy ah irukken,"I heard my salary hike was successful, I'm happy about it",career,happy,"salary,happy",low,high,vernacbridge_career_1000.csv
night shift schedule pathi ipozhum yosichaale angry ah aaguthu,"Even now, thinking about my night shift schedule makes me angry",career,angry,"night,angry",medium,high,vernacbridge_career_1000.csv
probation period result eppo varum nu wait panni panni anxiety adhigama aayiduchu,Waiting for my probation period result has made me really anxious,career,anxious,"probation,anxious",medium,high,vernacbridge_career_1000.csv
"Finally incentive structure sort aayiduchu, mood set ah irukku","Finally my incentive structure got sorted out, I'm in a great mood",career,happy,"incentive,happy",low,high,vernacbridge_career_1000.csv
bonus payout decision edukra naala nenachaale nervous ah irukku,I feel nervous just thinking about the day I decide on my bonus payout,career,fear,"bonus,fear",medium,high,vernacbridge_career_1000.csv
business plan pathi negative outcome varumo nu fear ah irukku,I'm scared that my business plan might have a negative outcome,career,fear,"business,fear",medium,high,vernacbridge_career_1000.csv
"campus placement pathi nalla news kidaichu, romba santhosham","I got good news about my campus placement, I'm really happy",career,happy,"campus,happy",low,high,vernacbridge_career_1000.csv
mentorship program pathi ipozhum yosichaale angry ah aaguthu,"Even now, thinking about my mentorship program makes me angry",career,angry,"mentorship,angry",medium,high,vernacbridge_career_1000.csv
salary negotiation success ah mudinjadhu nu kelvi pattu happy ah irukken,"I heard my salary negotiation was successful, I'm happy about it",career,happy,"salary,happy",low,high,vernacbridge_career_1000.csv
incentive structure journey la yaarum kooda illa nu feel panren,I feel like no one is with me in this incentive structure journey,career,lonely,"incentive,lonely",medium,high,vernacbridge_career_1000.csv
"resignation letter pathi yosichu yosichu ipo oru clarity vandhuchu, mind settle aayiduchu","After thinking a lot about my resignation letter, I finally got clarity and my mind settled",career,calm,"resignation,calm",low,high,vernacbridge_career_1000.csv
investor pitch eppadi handle pannanum nu confusion ah irukku,I'm confused about how to handle my investor pitch,career,confused,"investor,confused",medium,high,vernacbridge_career_1000.csv
freelance project nalla mudiyala nu ninachu romba down ah irukken,I'm feeling really down thinking that my freelance project didn't go well,career,sad,"freelance,sad",medium,high,vernacbridge_career_1000.csv
resignation letter pathi ipozhum yosichaale angry ah aaguthu,"Even now, thinking about my resignation letter makes me angry",career,angry,"resignation,angry",medium,high,vernacbridge_career_1000.csv
resume update interview ku munnadi kai kaal nadunguthu,My hands and legs are shaking before my resume update,career,fear,"resume,fear",medium,high,vernacbridge_career_1000.csv
group discussion round fail aayiduma nu romba bayama irukku,I'm really scared that my group discussion round might fail,career,fear,"group,fear",medium,high,vernacbridge_career_1000.csv
"salary negotiation confirm aaguma nu therila, romba restless ah irukken","I don't know if my salary negotiation will be confirmed, I'm feeling really restless",career,anxious,"salary,anxious",medium,high,vernacbridge_career_1000.csv
"job offer pathi yosichu yosichu ipo oru clarity vandhuchu, mind settle aayiduchu","After thinking a lot about my job offer, I finally got clarity and my mind settled",career,calm,"job,calm",low,high,vernacbridge_career_1000.csv
"client feedback confirm aaguma nu therila, romba restless ah irukken","I don't know if my client feedback will be confirmed, I'm feeling really restless",career,anxious,"client,anxious",medium,high,vernacbridge_career_1000.csv
"background verification results eppadi vandhalum, naan calm ah dhaan irukken","Whatever the results of my background verification are, I'm staying calm",career,calm,"background,calm",low,high,vernacbridge_career_1000.csv
freelance project fail aayiduma nu romba bayama irukku,I'm really scared that my freelance project might fail,career,fear,"freelance,fear",medium,high,vernacbridge_career_1000.csv
hybrid work policy fail aayiduma nu romba bayama irukku,I'm really scared that my hybrid work policy might fail,career,fear,"hybrid,fear",medium,high,vernacbridge_career_1000.csv
"aptitude test vishayathula unfair ah treat pannanga nu feel panren, romba frustration","I feel like I was treated unfairly regarding my aptitude test, it's really frustrating",career,angry,"aptitude,angry",medium,high,vernacbridge_career_1000.csv
onboarding process ku team ah let down pannitten nu guilt irukku,I feel guilty that I let my team down regarding my onboarding process,career,guilty,"onboarding,guilty",medium,high,vernacbridge_career_1000.csv
product launch journey la yaarum kooda illa nu feel panren,I feel like no one is with me in this product launch journey,career,lonely,"product,lonely",medium,high,vernacbridge_career_1000.csv
product launch pathi ratha ovvoru naalum tension ah irukku,I feel tense about my product launch every single day,career,anxious,"product,anxious",medium,high,vernacbridge_career_1000.csv
sales target pathi vera vazhi irundhum sariya decision edukkala nu feel panren,"I feel like I didn't make the right decision about my sales target, even though there were other options",career,guilty,"sales,guilty",medium,high,vernacbridge_career_1000.csv
"skill gap pathi decide panna help panna yaarum illa, lonely ah irukku","There's no one to help me decide about my skill gap, I feel lonely",career,lonely,"skill,lonely",medium,high,vernacbridge_career_1000.csv
"internship offer expect panna madhiri nadakala, romba vaguthadhu","My internship offer didn't turn out as I expected, it really disappointed me",career,sad,"internship,sad",medium,high,vernacbridge_career_1000.csv
"job offer pathi over thinking pannitu irukken, sleep kooda varala","I've been overthinking about my job offer, I can't even sleep",career,anxious,"job,anxious",medium,high,vernacbridge_career_1000.csv
"networking event pathi over thinking pannitu irukken, sleep kooda varala","I've been overthinking about my networking event, I can't even sleep",career,anxious,"networking,anxious",medium,high,vernacbridge_career_1000.csv
"walk-in interview pathi over thinking pannitu irukken, sleep kooda varala","I've been overthinking about my walk-in interview, I can't even sleep",career,anxious,"walk-in,anxious",medium,high,vernacbridge_career_1000.csv
freelance project eppadi handle pannanum nu confusion ah irukku,I'm confused about how to handle my freelance project,career,confused,"freelance,confused",medium,high,vernacbridge_career_1000.csv
bonus payout journey la yaarum kooda illa nu feel panren,I feel like no one is with me in this bonus payout journey,career,lonely,"bonus,lonely",medium,high,vernacbridge_career_1000.csv
"work life balance pathi ipo tension illa, mind calm ah irukku","I don't feel tense about my work life balance anymore, my mind feels calm",career,calm,"work,calm",low,high,vernacbridge_career_1000.csv
work from home policy nalla mudiyala nu ninachu romba down ah irukken,I'm feeling really down thinking that my work from home policy didn't go well,career,sad,"work,sad",medium,high,vernacbridge_career_1000.csv
portfolio review reject aayiduchu nu therinjadhum mind heavy ah aayiduchu,"The moment I found out my portfolio review got rejected, my mind felt heavy",career,sad,"portfolio,sad",medium,high,vernacbridge_career_1000.csv
"higher studies plan results eppadi vandhalum, naan calm ah dhaan irukken","Whatever the results of my higher studies plan are, I'm staying calm",career,calm,"higher,calm",low,high,vernacbridge_career_1000.csv
networking event eppadi handle pannanum nu confusion ah irukku,I'm confused about how to handle my networking event,career,confused,"networking,confused",medium,high,vernacbridge_career_1000.csv
"manager feedback pathi yosichu yosichu ipo oru clarity vandhuchu, mind settle aayiduchu","After thinking a lot about my manager feedback, I finally got clarity and my mind settled",career,calm,"manager,calm",low,high,vernacbridge_career_1000.csv
"startup idea pathi decide panna help panna yaarum illa, lonely ah irukku","There's no one to help me decide about my startup idea, I feel lonely",career,lonely,"startup,lonely",medium,high,vernacbridge_career_1000.csv
MBA admission pathi negative outcome varumo nu fear ah irukku,I'm scared that my MBA admission might have a negative outcome,career,fear,"mba,fear",medium,high,vernacbridge_career_1000.csv
walk-in interview journey la yaarum kooda illa nu feel panren,I feel like no one is with me in this walk-in interview journey,career,lonely,"walk-in,lonely",medium,high,vernacbridge_career_1000.csv
"MBA admission pathi over thinking pannitu irukken, sleep kooda varala","I've been overthinking about my MBA admission, I can't even sleep",career,anxious,"mba,anxious",medium,high,vernacbridge_career_1000.csv
"quarterly review pathi yosichu yosichu ipo oru clarity vandhuchu, mind settle aayiduchu","After thinking a lot about my quarterly review, I finally got clarity and my mind settled",career,calm,"quarterly,calm",low,high,vernacbridge_career_1000.csv
"internship offer pathi over thinking pannitu irukken, sleep kooda varala","I've been overthinking about my internship offer, I can't even sleep",career,anxious,"internship,anxious",medium,high,vernacbridge_career_1000.csv
"background verification pathi ella effort um podren, nalladhu nadakum nu nambikkai irukku","I'm putting in all the effort for my background verification, I believe good things will happen",career,hopeful,"background,hopeful",low,high,vernacbridge_career_1000.csv
target pressure pressure ah face panra time la romba thanimai ah irukku,I feel really alone while facing the pressure of my target pressure,career,lonely,"target,lonely",medium,high,vernacbridge_career_1000.csv
"layoff round balance panna mudiyama, mental ah exhaust ah irukken","I'm unable to balance my layoff round, I'm mentally exhausted",career,stressed,"layoff,stressed",high,high,vernacbridge_career_1000.csv
"team lead role pathi over thinking pannitu irukken, sleep kooda varala","I've been overthinking about my team lead role, I can't even sleep",career,anxious,"team,anxious",medium,high,vernacbridge_career_1000.csv
"technical round workload adhigama irukku, over stress ah aayiduchu","The workload for my technical round is too much, I'm extremely stressed",career,stressed,"technical,stressed",high,high,vernacbridge_career_1000.csv
cover letter nalla mudiyala nu ninachu romba down ah irukken,I'm feeling really down thinking that my cover letter didn't go well,career,sad,"cover,sad",medium,high,vernacbridge_career_1000.csv
"co-founder issue nalla plan pannitten, adhanala mind peace ah irukku","I planned my co-founder issue well, so my mind feels at peace",career,calm,"co-founder,calm",low,high,vernacbridge_career_1000.csv
"investor pitch expect panna madhiri nadakala, romba vaguthadhu","My investor pitch didn't turn out as I expected, it really disappointed me",career,sad,"investor,sad",medium,high,vernacbridge_career_1000.csv
probation period pathi share panna oruthar kooda illa,I don't have anyone to share my probation period worries with,career,lonely,"probation,lonely",medium,high,vernacbridge_career_1000.csv
"sales target pathi negative aana vishayam kekkalam, aana naan hopeful ah dhaan irukken","I might hear negative things about my sales target, but I'm staying hopeful",career,hopeful,"sales,hopeful",low,high,vernacbridge_career_1000.csv
HR interview pressure ah face panra time la romba thanimai ah irukku,I feel really alone while facing the pressure of my HR interview,career,lonely,"hr,lonely",medium,high,vernacbridge_career_1000.csv
"toxic boss issue workload adhigama irukku, over stress ah aayiduchu","The workload for my toxic boss issue is too much, I'm extremely stressed",career,stressed,"toxic,stressed",high,high,vernacbridge_career_1000.csv
hybrid work policy pathi ninachaale sad ah irukku,Thinking about my hybrid work policy makes me feel sad,career,sad,"hybrid,sad",medium,high,vernacbridge_career_1000.csv
"joining date workload adhigama irukku, over stress ah aayiduchu","The workload for my joining date is too much, I'm extremely stressed",career,stressed,"joining,stressed",high,high,vernacbridge_career_1000.csv
promotion round pathi ratha ovvoru naalum tension ah irukku,I feel tense about my promotion round every single day,career,anxious,"promotion,anxious",medium,high,vernacbridge_career_1000.csv
"notice period vishayathula unfair ah treat pannanga nu feel panren, romba frustration","I feel like I was treated unfairly regarding my notice period, it's really frustrating",career,angry,"notice,angry",medium,high,vernacbridge_career_1000.csv
"funding round pathi ipo tension illa, mind calm ah irukku","I don't feel tense about my funding round anymore, my mind feels calm",career,calm,"funding,calm",low,high,vernacbridge_career_1000.csv
pay cut eppadi handle pannanum nu confusion ah irukku,I'm confused about how to handle my pay cut,career,confused,"pay,confused",medium,high,vernacbridge_career_1000.csv
group discussion round promise pannitu keep pannala nu romba kobam ah irukku,"They promised something about my group discussion round and didn't keep it, I'm really angry",career,angry,"group,angry",medium,high,vernacbridge_career_1000.csv
product launch success ah mudinjadhu nu kelvi pattu happy ah irukken,"I heard my product launch was successful, I'm happy about it",career,happy,"product,happy",low,high,vernacbridge_career_1000.csv
remote job pressure ah face panra time la romba thanimai ah irukku,I feel really alone while facing the pressure of my remote job,career,lonely,"remote,lonely",medium,high,vernacbridge_career_1000.csv
part time job fail aayiduma nu romba bayama irukku,I'm really scared that my part time job might fail,career,fear,"part,fear",medium,high,vernacbridge_career_1000.csv
office politics pathi share panna oruthar kooda illa,I don't have anyone to share my office politics worries with,career,lonely,"office,lonely",medium,high,vernacbridge_career_1000.csv
work from home policy promise pannitu keep pannala nu romba kobam ah irukku,"They promised something about my work from home policy and didn't keep it, I'm really angry",career,angry,"work,angry",medium,high,vernacbridge_career_1000.csv
annual review results pathi nenachaale bayama irukku,Just thinking about my annual review results scares me,career,fear,"annual,fear",medium,high,vernacbridge_career_1000.csv
"LinkedIn profile results ku wait pandren, semma thrill ah irukku","I'm waiting for my LinkedIn profile results, feeling a real thrill",career,excited,"linkedin,excited",low,high,vernacbridge_career_1000.csv
"entrepreneurship idea nalla poayiduchu, semma happy ah irukku","My entrepreneurship idea went really well, I'm so happy",career,happy,"entrepreneurship,happy",low,high,vernacbridge_career_1000.csv
business loss pathi nyabagam vandha automatic ah excitement varudhu,Just thinking about my business loss gets me excited,career,excited,"business,excited",low,high,vernacbridge_career_1000.csv
technical round decision edukra naala nenachaale nervous ah irukku,I feel nervous just thinking about the day I decide on my technical round,career,fear,"technical,fear",medium,high,vernacbridge_career_1000.csv
project deadline expect panna madhiri nalla ah mudinjadhu,"My project deadline turned out exactly as I expected, really nice",career,happy,"project,happy",low,high,vernacbridge_career_1000.csv
work from home policy fail aayiduma nu romba bayama irukku,I'm really scared that my work from home policy might fail,career,fear,"work,fear",medium,high,vernacbridge_career_1000.csv
"work life balance pathi yosichu yosichu ipo oru clarity vandhuchu, mind settle aayiduchu","After thinking a lot about my work life balance, I finally got clarity and my mind settled",career,calm,"work,calm",low,high,vernacbridge_career_1000.csv
remote job ku team ah let down pannitten nu guilt irukku,I feel guilty that I let my team down regarding my remote job,career,guilty,"remote,guilty",medium,high,vernacbridge_career_1000.csv
HR interview reject aayiduchu nu therinjadhum mind heavy ah aayiduchu,"The moment I found out my HR interview got rejected, my mind felt heavy",career,sad,"hr,sad",medium,high,vernacbridge_career_1000.csv
"work from home policy konjam kashtama irundhalum, future bright ah irukum nu feel panren","Even though my work from home policy is a bit tough, I feel the future will be bright",career,hopeful,"work,hopeful",low,high,vernacbridge_career_1000.csv
night shift schedule ku team ah let down pannitten nu guilt irukku,I feel guilty that I let my team down regarding my night shift schedule,career,guilty,"night,guilty",medium,high,vernacbridge_career_1000.csv
entrepreneurship idea interview ku munnadi kai kaal nadunguthu,My hands and legs are shaking before my entrepreneurship idea,career,fear,"entrepreneurship,fear",medium,high,vernacbridge_career_1000.csv
exit interview reject aayiduchu nu therinjadhum mind heavy ah aayiduchu,"The moment I found out my exit interview got rejected, my mind felt heavy",career,sad,"exit,sad",medium,high,vernacbridge_career_1000.csv
incentive structure results pathi nenachaale bayama irukku,Just thinking about my incentive structure results scares me,career,fear,"incentive,fear",medium,high,vernacbridge_career_1000.csv
"team restructuring pathi ipo semma confident ah feel panren, happy ah irukku","I feel really confident about my team restructuring now, it makes me happy",career,happy,"team,happy",low,high,vernacbridge_career_1000.csv
appraisal cycle pathi nyabagam vandha automatic ah excitement varudhu,Just thinking about my appraisal cycle gets me excited,career,excited,"appraisal,excited",low,high,vernacbridge_career_1000.csv
"MBA admission deadline nearagudhu, romba stress ah irukku","My MBA admission deadline is approaching, I'm really stressed",career,stressed,"mba,stressed",high,high,vernacbridge_career_1000.csv
campus placement pathi ratha ovvoru naalum tension ah irukku,I feel tense about my campus placement every single day,career,anxious,"campus,anxious",medium,high,vernacbridge_career_1000.csv
"appraisal cycle pathi ella effort um podren, nalladhu nadakum nu nambikkai irukku","I'm putting in all the effort for my appraisal cycle, I believe good things will happen",career,hopeful,"appraisal,hopeful",low,high,vernacbridge_career_1000.csv
"appraisal cycle pathi friends ellarum different advice kudukranga, confuse ah irukku","All my friends are giving different advice about my appraisal cycle, I'm confused",career,confused,"appraisal,confused",medium,high,vernacbridge_career_1000.csv
manager feedback nalla ah prepare pannama vittutten nu guilt ah irukku,I feel guilty that I didn't prepare well for my manager feedback,career,guilty,"manager,guilty",medium,high,vernacbridge_career_1000.csv
job interview ku team ah let down pannitten nu guilt irukku,I feel guilty that I let my team down regarding my job interview,career,guilty,"job,guilty",medium,high,vernacbridge_career_1000.csv
"Finally job offer sort aayiduchu, mood set ah irukku","Finally my job offer got sorted out, I'm in a great mood",career,happy,"job,happy",low,high,vernacbridge_career_1000.csv
skill gap nalla ah prepare pannama vittutten nu guilt ah irukku,I feel guilty that I didn't prepare well for my skill gap,career,guilty,"skill,guilty",medium,high,vernacbridge_career_1000.csv
layoff round interview ku munnadi kai kaal nadunguthu,My hands and legs are shaking before my layoff round,career,fear,"layoff,fear",medium,high,vernacbridge_career_1000.csv
"business loss pathi negative aana vishayam kekkalam, aana naan hopeful ah dhaan irukken","I might hear negative things about my business loss, but I'm staying hopeful",career,hopeful,"business,hopeful",low,high,vernacbridge_career_1000.csv
night shift schedule result eppo varum nu wait panni panni anxiety adhigama aayiduchu,Waiting for my night shift schedule result has made me really anxious,career,anxious,"night,anxious",medium,high,vernacbridge_career_1000.csv
project deadline journey la yaarum kooda illa nu feel panren,I feel like no one is with me in this project deadline journey,career,lonely,"project,lonely",medium,high,vernacbridge_career_1000.csv
"office relocation results eppadi vandhalum, naan calm ah dhaan irukken","Whatever the results of my office relocation are, I'm staying calm",career,calm,"office,calm",low,high,vernacbridge_career_1000.csv
"performance review pathi over thinking pannitu irukken, sleep kooda varala","I've been overthinking about my performance review, I can't even sleep",career,anxious,"performance,anxious",medium,high,vernacbridge_career_1000.csv
"skill certification pathi ella effort um podren, nalladhu nadakum nu nambikkai irukku","I'm putting in all the effort for my skill certification, I believe good things will happen",career,hopeful,"skill,hopeful",low,high,vernacbridge_career_1000.csv
bonus payout reject aayiduchu nu therinjadhum mind heavy ah aayiduchu,"The moment I found out my bonus payout got rejected, my mind felt heavy",career,sad,"bonus,sad",medium,high,vernacbridge_career_1000.csv
"interview feedback pathi yosichu yosichu ipo oru clarity vandhuchu, mind settle aayiduchu","After thinking a lot about my interview feedback, I finally got clarity and my mind settled",career,calm,"interview,calm",low,high,vernacbridge_career_1000.csv
"overtime work pathi decide panna help panna yaarum illa, lonely ah irukku","There's no one to help me decide about my overtime work, I feel lonely",career,lonely,"overtime,lonely",medium,high,vernacbridge_career_1000.csv
"job interview pathi ipo semma confident ah feel panren, happy ah irukku","I feel really confident about my job interview now, it makes me happy",career,happy,"job,happy",low,high,vernacbridge_career_1000.csv
onboarding process decision edukra naala nenachaale nervous ah irukku,I feel nervous just thinking about the day I decide on my onboarding process,career,fear,"onboarding,fear",medium,high,vernacbridge_career_1000.csv
aptitude test expect panna madhiri nalla ah mudinjadhu,"My aptitude test turned out exactly as I expected, really nice",career,happy,"aptitude,happy",low,high,vernacbridge_career_1000.csv
internship offer pathi negative outcome varumo nu fear ah irukku,I'm scared that my internship offer might have a negative outcome,career,fear,"internship,fear",medium,high,vernacbridge_career_1000.csv
"portfolio review pathi plan panna aarambichitten, romba pumped up ah irukken","I've started planning for my portfolio review, I'm really pumped up",career,excited,"portfolio,excited",low,high,vernacbridge_career_1000.csv
business loan pathi nenachaale udane stress varudhu,Just thinking about my business loan instantly stresses me out,career,stressed,"business,stressed",high,high,vernacbridge_career_1000.csv
promotion round promise pannitu keep pannala nu romba kobam ah irukku,"They promised something about my promotion round and didn't keep it, I'm really angry",career,angry,"promotion,angry",medium,high,vernacbridge_career_1000.csv
client feedback results pathi nenachaale bayama irukku,Just thinking about my client feedback results scares me,career,fear,"client,fear",medium,high,vernacbridge_career_1000.csv
"salary negotiation deadline nearagudhu, romba stress ah irukku","My salary negotiation deadline is approaching, I'm really stressed",career,stressed,"salary,stressed",high,high,vernacbridge_career_1000.csv
"contract renewal pathi nalla news kidaichu, romba santhosham","I got good news about my contract renewal, I'm really happy",career,happy,"contract,happy",low,high,vernacbridge_career_1000.csv
"Finally business loss sort aayiduchu, mood set ah irukku","Finally my business loss got sorted out, I'm in a great mood",career,happy,"business,happy",low,high,vernacbridge_career_1000.csv
product launch nalla mudiyala nu ninachu romba down ah irukken,I'm feeling really down thinking that my product launch didn't go well,career,sad,"product,sad",medium,high,vernacbridge_career_1000.csv
layoff round success ah mudinjadhu nu kelvi pattu happy ah irukken,"I heard my layoff round was successful, I'm happy about it",career,happy,"layoff,happy",low,high,vernacbridge_career_1000.csv
team restructuring pathi ipozhum yosichaale angry ah aaguthu,"Even now, thinking about my team restructuring makes me angry",career,angry,"team,angry",medium,high,vernacbridge_career_1000.csv
job interview pathi vera vazhi irundhum sariya decision edukkala nu feel panren,"I feel like I didn't make the right decision about my job interview, even though there were other options",career,guilty,"job,guilty",medium,high,vernacbridge_career_1000.csv
"freelance project balance panna mudiyama, mental ah exhaust ah irukken","I'm unable to balance my freelance project, I'm mentally exhausted",career,stressed,"freelance,stressed",high,high,vernacbridge_career_1000.csv
cover letter pathi negative outcome varumo nu fear ah irukku,I'm scared that my cover letter might have a negative outcome,career,fear,"cover,fear",medium,high,vernacbridge_career_1000.csv
"LinkedIn profile pathi nalla news kidaichu, romba santhosham","I got good news about my LinkedIn profile, I'm really happy",career,happy,"linkedin,happy",low,high,vernacbridge_career_1000.csv
"probation period pathi nalla news kidaichu, romba santhosham","I got good news about my probation period, I'm really happy",career,happy,"probation,happy",low,high,vernacbridge_career_1000.csv
LinkedIn profile mudinja pinnadi vazhkai better ah maarum nu nambaren,I believe life will get better once my LinkedIn profile is done,career,hopeful,"linkedin,hopeful",low,high,vernacbridge_career_1000.csv
"mentorship program pathi plan panna aarambichitten, romba pumped up ah irukken","I've started planning for my mentorship program, I'm really pumped up",career,excited,"mentorship,excited",low,high,vernacbridge_career_1000.csv
hybrid work policy pathi negative outcome varumo nu fear ah irukku,I'm scared that my hybrid work policy might have a negative outcome,career,fear,"hybrid,fear",medium,high,vernacbridge_career_1000.csv
coding test success ah mudinjadhu nu kelvi pattu happy ah irukken,"I heard my coding test was successful, I'm happy about it",career,happy,"coding,happy",low,high,vernacbridge_career_1000.csv
"toxic boss issue results eppadi vandhalum, naan calm ah dhaan irukken","Whatever the results of my toxic boss issue are, I'm staying calm",career,calm,"toxic,calm",low,high,vernacbridge_career_1000.csv
"work from home policy pathi ella effort um podren, nalladhu nadakum nu nambikkai irukku","I'm putting in all the effort for my work from home policy, I believe good things will happen",career,hopeful,"work,hopeful",low,high,vernacbridge_career_1000.csv
"visa interview nalla poayiduchu, semma happy ah irukku","My visa interview went really well, I'm so happy",career,happy,"visa,happy",low,high,vernacbridge_career_1000.csv
resume update continue pannanuma illa mathanuma nu therila,I don't know whether to continue or change my resume update,career,confused,"resume,confused",medium,high,vernacbridge_career_1000.csv
toxic boss issue pathi ipozhum yosichaale angry ah aaguthu,"Even now, thinking about my toxic boss issue makes me angry",career,angry,"toxic,angry",medium,high,vernacbridge_career_1000.csv
"referral process results ku wait pandren, semma thrill ah irukku","I'm waiting for my referral process results, feeling a real thrill",career,excited,"referral,excited",low,high,vernacbridge_career_1000.csv
"annual review nalla plan pannitten, adhanala mind peace ah irukku","I planned my annual review well, so my mind feels at peace",career,calm,"annual,calm",low,high,vernacbridge_career_1000.csv
mentorship program nalla mudiyala nu ninachu romba down ah irukken,I'm feeling really down thinking that my mentorship program didn't go well,career,sad,"mentorship,sad",medium,high,vernacbridge_career_1000.csv
"coding test nalla poayiduchu, semma happy ah irukku","My coding test went really well, I'm so happy",career,happy,"coding,happy",low,high,vernacbridge_career_1000.csv
skill certification success ah mudinjadhu nu kelvi pattu happy ah irukken,"I heard my skill certification was successful, I'm happy about it",career,happy,"skill,happy",low,high,vernacbridge_career_1000.csv
target pressure pathi nenachaale udane stress varudhu,Just thinking about my target pressure instantly stresses me out,career,stressed,"target,stressed",high,high,vernacbridge_career_1000.csv
quarterly review decision edukra naala nenachaale nervous ah irukku,I feel nervous just thinking about the day I decide on my quarterly review,career,fear,"quarterly,fear",medium,high,vernacbridge_career_1000.csv
"LinkedIn profile vishayathula unfair ah treat pannanga nu feel panren, romba frustration","I feel like I was treated unfairly regarding my LinkedIn profile, it's really frustrating",career,angry,"linkedin,angry",medium,high,vernacbridge_career_1000.csv
resume update time la mistake pannitten nu ippozhum kashtama irukku,I still feel bad that I made a mistake during my resume update,career,guilty,"resume,guilty",medium,high,vernacbridge_career_1000.csv
business loan promise pannitu keep pannala nu romba kobam ah irukku,"They promised something about my business loan and didn't keep it, I'm really angry",career,angry,"business,angry",medium,high,vernacbridge_career_1000.csv
portfolio review pathi negative outcome varumo nu fear ah irukku,I'm scared that my portfolio review might have a negative outcome,career,fear,"portfolio,fear",medium,high,vernacbridge_career_1000.csv
job fair expect panna madhiri nalla ah mudinjadhu,"My job fair turned out exactly as I expected, really nice",career,happy,"job,happy",low,high,vernacbridge_career_1000.csv
"toxic boss issue nalla plan pannitten, adhanala mind peace ah irukku","I planned my toxic boss issue well, so my mind feels at peace",career,calm,"toxic,calm",low,high,vernacbridge_career_1000.csv
work from home policy pathi ratha ovvoru naalum tension ah irukku,I feel tense about my work from home policy every single day,career,anxious,"work,anxious",medium,high,vernacbridge_career_1000.csv
campus placement nalla ah prepare pannama vittutten nu guilt ah irukku,I feel guilty that I didn't prepare well for my campus placement,career,guilty,"campus,guilty",medium,high,vernacbridge_career_1000.csv
"joining date pathi rendu option irukku, edhu correct nu therila","I have two options for my joining date, not sure which one is right",career,confused,"joining,confused",medium,high,vernacbridge_career_1000.csv
"investor pitch start aaga innum konjam naal dhaan irukku, romba excited ah irukken","There's only a few days left for my investor pitch to start, I'm really excited",career,excited,"investor,excited",low,high,vernacbridge_career_1000.csv
resignation letter confirm aayiduchu nu therinja moment romba excited ah aayiduchen,"The moment I found out my resignation letter was confirmed, I got really excited",career,excited,"resignation,excited",low,high,vernacbridge_career_1000.csv
"performance appraisal pathi yosichu yosichu ipo oru clarity vandhuchu, mind settle aayiduchu","After thinking a lot about my performance appraisal, I finally got clarity and my mind settled",career,calm,"performance,calm",low,high,vernacbridge_career_1000.csv
scholarship application expect panna madhiri nalla ah mudinjadhu,"My scholarship application turned out exactly as I expected, really nice",career,happy,"scholarship,happy",low,high,vernacbridge_career_1000.csv
"job offer pathi management sariya handle pannala, romba angry ah irukku","The management didn't handle my job offer properly, I'm really angry",career,angry,"job,angry",medium,high,vernacbridge_career_1000.csv
product launch confirm aayiduchu nu therinja moment romba excited ah aayiduchen,"The moment I found out my product launch was confirmed, I got really excited",career,excited,"product,excited",low,high,vernacbridge_career_1000.csv
startup idea interview ku munnadi kai kaal nadunguthu,My hands and legs are shaking before my startup idea,career,fear,"startup,fear",medium,high,vernacbridge_career_1000.csv
exit interview promise pannitu keep pannala nu romba kobam ah irukku,"They promised something about my exit interview and didn't keep it, I'm really angry",career,angry,"exit,angry",medium,high,vernacbridge_career_1000.csv
"internship offer nalla plan pannitten, adhanala mind peace ah irukku","I planned my internship offer well, so my mind feels at peace",career,calm,"internship,calm",low,high,vernacbridge_career_1000.csv
cold email for job pathi ninachaale sad ah irukku,Thinking about my cold email for job makes me feel sad,career,sad,"cold,sad",medium,high,vernacbridge_career_1000.csv
"MBA admission start aaga innum konjam naal dhaan irukku, romba excited ah irukken","There's only a few days left for my MBA admission to start, I'm really excited",career,excited,"mba,excited",low,high,vernacbridge_career_1000.csv
"relocation offer results eppadi vandhalum, naan calm ah dhaan irukken","Whatever the results of my relocation offer are, I'm staying calm",career,calm,"relocation,calm",low,high,vernacbridge_career_1000.csv
cover letter pathi decision edukka mudiyama irukken innum,I still can't make a decision about my cover letter,career,confused,"cover,confused",medium,high,vernacbridge_career_1000.csv
contract renewal promise pannitu keep pannala nu romba kobam ah irukku,"They promised something about my contract renewal and didn't keep it, I'm really angry",career,angry,"contract,angry",medium,high,vernacbridge_career_1000.csv
"performance appraisal workload adhigama irukku, over stress ah aayiduchu","The workload for my performance appraisal is too much, I'm extremely stressed",career,stressed,"performance,stressed",high,high,vernacbridge_career_1000.csv
quarterly review pathi ratha ovvoru naalum tension ah irukku,I feel tense about my quarterly review every single day,career,anxious,"quarterly,anxious",medium,high,vernacbridge_career_1000.csv
visa interview fail aayiduma nu romba bayama irukku,I'm really scared that my visa interview might fail,career,fear,"visa,fear",medium,high,vernacbridge_career_1000.csv
"job fair results eppadi vandhalum, naan calm ah dhaan irukken","Whatever the results of my job fair are, I'm staying calm",career,calm,"job,calm",low,high,vernacbridge_career_1000.csv
"scholarship application balance panna mudiyama, mental ah exhaust ah irukken","I'm unable to balance my scholarship application, I'm mentally exhausted",career,stressed,"scholarship,stressed",high,high,vernacbridge_career_1000.csv
resignation letter interview ku munnadi kai kaal nadunguthu,My hands and legs are shaking before my resignation letter,career,fear,"resignation,fear",medium,high,vernacbridge_career_1000.csv
github profile interview ku munnadi kai kaal nadunguthu,My hands and legs are shaking before my github profile,career,fear,"github,fear",medium,high,vernacbridge_career_1000.csv
"HR interview pathi ella effort um podren, nalladhu nadakum nu nambikkai irukku","I'm putting in all the effort for my HR interview, I believe good things will happen",career,hopeful,"hr,hopeful",low,high,vernacbridge_career_1000.csv
probation period continue pannanuma illa mathanuma nu therila,I don't know whether to continue or change my probation period,career,confused,"probation,confused",medium,high,vernacbridge_career_1000.csv
project deadline time la mistake pannitten nu ippozhum kashtama irukku,I still feel bad that I made a mistake during my project deadline,career,guilty,"project,guilty",medium,high,vernacbridge_career_1000.csv
work life balance interview ku munnadi kai kaal nadunguthu,My hands and legs are shaking before my work life balance,career,fear,"work,fear",medium,high,vernacbridge_career_1000.csv
"salary hike pathi rendu option irukku, edhu correct nu therila","I have two options for my salary hike, not sure which one is right",career,confused,"salary,confused",medium,high,vernacbridge_career_1000.csv
"performance review pathi plan panna aarambichitten, romba pumped up ah irukken","I've started planning for my performance review, I'm really pumped up",career,excited,"performance,excited",low,high,vernacbridge_career_1000.csv
startup idea mudinja pinnadi vazhkai better ah maarum nu nambaren,I believe life will get better once my startup idea is done,career,hopeful,"startup,hopeful",low,high,vernacbridge_career_1000.csv
annual review continue pannanuma illa mathanuma nu therila,I don't know whether to continue or change my annual review,career,confused,"annual,confused",medium,high,vernacbridge_career_1000.csv
client feedback pathi vera vazhi irundhum sariya decision edukkala nu feel panren,"I feel like I didn't make the right decision about my client feedback, even though there were other options",career,guilty,"client,guilty",medium,high,vernacbridge_career_1000.csv
office relocation journey la yaarum kooda illa nu feel panren,I feel like no one is with me in this office relocation journey,career,lonely,"office,lonely",medium,high,vernacbridge_career_1000.csv
higher studies plan pathi nyabagam vandha automatic ah excitement varudhu,Just thinking about my higher studies plan gets me excited,career,excited,"higher,excited",low,high,vernacbridge_career_1000.csv
"resume update konjam kashtama irundhalum, future bright ah irukum nu feel panren","Even though my resume update is a bit tough, I feel the future will be bright",career,hopeful,"resume,hopeful",low,high,vernacbridge_career_1000.csv
mentorship program pathi nyabagam vandha automatic ah excitement varudhu,Just thinking about my mentorship program gets me excited,career,excited,"mentorship,excited",low,high,vernacbridge_career_1000.csv
"layoff round pathi negative aana vishayam kekkalam, aana naan hopeful ah dhaan irukken","I might hear negative things about my layoff round, but I'm staying hopeful",career,hopeful,"layoff,hopeful",low,high,vernacbridge_career_1000.csv
"client meeting deadline nearagudhu, romba stress ah irukku","My client meeting deadline is approaching, I'm really stressed",career,stressed,"client,stressed",high,high,vernacbridge_career_1000.csv
"HR interview pathi ipo tension illa, mind calm ah irukku","I don't feel tense about my HR interview anymore, my mind feels calm",career,calm,"hr,calm",low,high,vernacbridge_career_1000.csv
LinkedIn profile expect panna madhiri nalla ah mudinjadhu,"My LinkedIn profile turned out exactly as I expected, really nice",career,happy,"linkedin,happy",low,high,vernacbridge_career_1000.csv
"career switch pathi negative aana vishayam kekkalam, aana naan hopeful ah dhaan irukken","I might hear negative things about my career switch, but I'm staying hopeful",career,hopeful,"career,hopeful",low,high,vernacbridge_career_1000.csv
"incentive structure expect panna madhiri nadakala, romba vaguthadhu","My incentive structure didn't turn out as I expected, it really disappointed me",career,sad,"incentive,sad",medium,high,vernacbridge_career_1000.csv
layoff round mudinja pinnadi vazhkai better ah maarum nu nambaren,I believe life will get better once my layoff round is done,career,hopeful,"layoff,hopeful",low,high,vernacbridge_career_1000.csv
"office politics deadline nearagudhu, romba stress ah irukku","My office politics deadline is approaching, I'm really stressed",career,stressed,"office,stressed",high,high,vernacbridge_career_1000.csv
notice period pathi ipozhum yosichaale angry ah aaguthu,"Even now, thinking about my notice period makes me angry",career,angry,"notice,angry",medium,high,vernacbridge_career_1000.csv
"work from home policy nalla poayiduchu, semma happy ah irukku","My work from home policy went really well, I'm so happy",career,happy,"work,happy",low,high,vernacbridge_career_1000.csv
team lead role pathi share panna oruthar kooda illa,I don't have anyone to share my team lead role worries with,career,lonely,"team,lonely",medium,high,vernacbridge_career_1000.csv
portfolio review expect panna madhiri nalla ah mudinjadhu,"My portfolio review turned out exactly as I expected, really nice",career,happy,"portfolio,happy",low,high,vernacbridge_career_1000.csv
co-founder issue journey la yaarum kooda illa nu feel panren,I feel like no one is with me in this co-founder issue journey,career,lonely,"co-founder,lonely",medium,high,vernacbridge_career_1000.csv
business loan decision edukkara naala nalla varum nu wait pandren,I'm waiting hopefully for the day my business loan decision comes,career,hopeful,"business,hopeful",low,high,vernacbridge_career_1000.csv
"joining date nalla plan pannitten, adhanala mind peace ah irukku","I planned my joining date well, so my mind feels at peace",career,calm,"joining,calm",low,high,vernacbridge_career_1000.csv
"promotion round konjam kashtama irundhalum, future bright ah irukum nu feel panren","Even though my promotion round is a bit tough, I feel the future will be bright",career,hopeful,"promotion,hopeful",low,high,vernacbridge_career_1000.csv
side hustle journey la yaarum kooda illa nu feel panren,I feel like no one is with me in this side hustle journey,career,lonely,"side,lonely",medium,high,vernacbridge_career_1000.csv
"co-founder issue balance panna mudiyama, mental ah exhaust ah irukken","I'm unable to balance my co-founder issue, I'm mentally exhausted",career,stressed,"co-founder,stressed",high,high,vernacbridge_career_1000.csv
team restructuring pathi ratha ovvoru naalum tension ah irukku,I feel tense about my team restructuring every single day,career,anxious,"team,anxious",medium,high,vernacbridge_career_1000.csv
"work from home policy pathi nalla news kidaichu, romba santhosham","I got good news about my work from home policy, I'm really happy",career,happy,"work,happy",low,high,vernacbridge_career_1000.csv
client feedback ku team ah let down pannitten nu guilt irukku,I feel guilty that I let my team down regarding my client feedback,career,guilty,"client,guilty",medium,high,vernacbridge_career_1000.csv
"campus placement vishayathula unfair ah treat pannanga nu feel panren, romba frustration","I feel like I was treated unfairly regarding my campus placement, it's really frustrating",career,angry,"campus,angry",medium,high,vernacbridge_career_1000.csv
"pay cut pathi ipo tension illa, mind calm ah irukku","I don't feel tense about my pay cut anymore, my mind feels calm",career,calm,"pay,calm",low,high,vernacbridge_career_1000.csv
product launch pathi decision edukka mudiyama irukken innum,I still can't make a decision about my product launch,career,confused,"product,confused",medium,high,vernacbridge_career_1000.csv
"performance review expect panna madhiri nadakala, romba vaguthadhu","My performance review didn't turn out as I expected, it really disappointed me",career,sad,"performance,sad",medium,high,vernacbridge_career_1000.csv
aptitude test interview ku munnadi kai kaal nadunguthu,My hands and legs are shaking before my aptitude test,career,fear,"aptitude,fear",medium,high,vernacbridge_career_1000.csv
part time job results pathi nenachaale bayama irukku,Just thinking about my part time job results scares me,career,fear,"part,fear",medium,high,vernacbridge_career_1000.csv
"promotion round pathi ipo semma confident ah feel panren, happy ah irukku","I feel really confident about my promotion round now, it makes me happy",career,happy,"promotion,happy",low,high,vernacbridge_career_1000.csv
"team lead role pathi management sariya handle pannala, romba angry ah irukku","The management didn't handle my team lead role properly, I'm really angry",career,angry,"team,angry",medium,high,vernacbridge_career_1000.csv
"onboarding process pathi ipo semma confident ah feel panren, happy ah irukku","I feel really confident about my onboarding process now, it makes me happy",career,happy,"onboarding,happy",low,high,vernacbridge_career_1000.csv
entrepreneurship idea pressure ah face panra time la romba thanimai ah irukku,I feel really alone while facing the pressure of my entrepreneurship idea,career,lonely,"entrepreneurship,lonely",medium,high,vernacbridge_career_1000.csv
product launch pathi vera vazhi irundhum sariya decision edukkala nu feel panren,"I feel like I didn't make the right decision about my product launch, even though there were other options",career,guilty,"product,guilty",medium,high,vernacbridge_career_1000.csv
campus placement nalla mudiyala nu ninachu romba down ah irukken,I'm feeling really down thinking that my campus placement didn't go well,career,sad,"campus,sad",medium,high,vernacbridge_career_1000.csv
office relocation pathi nyabagam vandha automatic ah excitement varudhu,Just thinking about my office relocation gets me excited,career,excited,"office,excited",low,high,vernacbridge_career_1000.csv
cold email for job pathi ipozhum yosichaale angry ah aaguthu,"Even now, thinking about my cold email for job makes me angry",career,angry,"cold,angry",medium,high,vernacbridge_career_1000.csv
layoff round eppadi handle pannanum nu confusion ah irukku,I'm confused about how to handle my layoff round,career,confused,"layoff,confused",medium,high,vernacbridge_career_1000.csv
"promotion round pathi ella effort um podren, nalladhu nadakum nu nambikkai irukku","I'm putting in all the effort for my promotion round, I believe good things will happen",career,hopeful,"promotion,hopeful",low,high,vernacbridge_career_1000.csv
"entrepreneurship idea workload adhigama irukku, over stress ah aayiduchu","The workload for my entrepreneurship idea is too much, I'm extremely stressed",career,stressed,"entrepreneurship,stressed",high,high,vernacbridge_career_1000.csv
"job offer balance panna mudiyama, mental ah exhaust ah irukken","I'm unable to balance my job offer, I'm mentally exhausted",career,stressed,"job,stressed",high,high,vernacbridge_career_1000.csv
"hybrid work policy deadline nearagudhu, romba stress ah irukku","My hybrid work policy deadline is approaching, I'm really stressed",career,stressed,"hybrid,stressed",high,high,vernacbridge_career_1000.csv
skill certification continue pannanuma illa mathanuma nu therila,I don't know whether to continue or change my skill certification,career,confused,"skill,confused",medium,high,vernacbridge_career_1000.csv
bonus payout success ah mudinjadhu nu kelvi pattu happy ah irukken,"I heard my bonus payout was successful, I'm happy about it",career,happy,"bonus,happy",low,high,vernacbridge_career_1000.csv
interview feedback continue pannanuma illa mathanuma nu therila,I don't know whether to continue or change my interview feedback,career,confused,"interview,confused",medium,high,vernacbridge_career_1000.csv
higher studies plan success ah mudinjadhu nu kelvi pattu happy ah irukken,"I heard my higher studies plan was successful, I'm happy about it",career,happy,"higher,happy",low,high,vernacbridge_career_1000.csv
"MBA admission results eppadi vandhalum, naan calm ah dhaan irukken","Whatever the results of my MBA admission are, I'm staying calm",career,calm,"mba,calm",low,high,vernacbridge_career_1000.csv
"freelance project confirm aaguma nu therila, romba restless ah irukken","I don't know if my freelance project will be confirmed, I'm feeling really restless",career,anxious,"freelance,anxious",medium,high,vernacbridge_career_1000.csv
"coding test pathi ipo tension illa, mind calm ah irukku","I don't feel tense about my coding test anymore, my mind feels calm",career,calm,"coding,calm",low,high,vernacbridge_career_1000.csv
"networking event nalla plan pannitten, adhanala mind peace ah irukku","I planned my networking event well, so my mind feels at peace",career,calm,"networking,calm",low,high,vernacbridge_career_1000.csv
remote job pathi ipozhum yosichaale angry ah aaguthu,"Even now, thinking about my remote job makes me angry",career,angry,"remote,angry",medium,high,vernacbridge_career_1000.csv
resume update decision edukra naala nenachaale nervous ah irukku,I feel nervous just thinking about the day I decide on my resume update,career,fear,"resume,fear",medium,high,vernacbridge_career_1000.csv
MBA admission mudinja pinnadi vazhkai better ah maarum nu nambaren,I believe life will get better once my MBA admission is done,career,hopeful,"mba,hopeful",low,high,vernacbridge_career_1000.csv
product launch pathi ipozhum yosichaale angry ah aaguthu,"Even now, thinking about my product launch makes me angry",career,angry,"product,angry",medium,high,vernacbridge_career_1000.csv
"quarterly review balance panna mudiyama, mental ah exhaust ah irukken","I'm unable to balance my quarterly review, I'm mentally exhausted",career,stressed,"quarterly,stressed",high,high,vernacbridge_career_1000.csv
"resignation letter nalla plan pannitten, adhanala mind peace ah irukku","I planned my resignation letter well, so my mind feels at peace",career,calm,"resignation,calm",low,high,vernacbridge_career_1000.csv
job interview pathi nenachaale udane stress varudhu,Just thinking about my job interview instantly stresses me out,career,stressed,"job,stressed",high,high,vernacbridge_career_1000.csv
"promotion round pathi rendu option irukku, edhu correct nu therila","I have two options for my promotion round, not sure which one is right",career,confused,"promotion,confused",medium,high,vernacbridge_career_1000.csv
manager feedback decision edukkara naala nalla varum nu wait pandren,I'm waiting hopefully for the day my manager feedback decision comes,career,hopeful,"manager,hopeful",low,high,vernacbridge_career_1000.csv
incentive structure pathi negative outcome varumo nu fear ah irukku,I'm scared that my incentive structure might have a negative outcome,career,fear,"incentive,fear",medium,high,vernacbridge_career_1000.csv
annual review pathi share panna oruthar kooda illa,I don't have anyone to share my annual review worries with,career,lonely,"annual,lonely",medium,high,vernacbridge_career_1000.csv
portfolio review pressure ah face panra time la romba thanimai ah irukku,I feel really alone while facing the pressure of my portfolio review,career,lonely,"portfolio,lonely",medium,high,vernacbridge_career_1000.csv
"campus placement pathi yosichu yosichu ipo oru clarity vandhuchu, mind settle aayiduchu","After thinking a lot about my campus placement, I finally got clarity and my mind settled",career,calm,"campus,calm",low,high,vernacbridge_career_1000.csv
product launch results pathi nenachaale bayama irukku,Just thinking about my product launch results scares me,career,fear,"product,fear",medium,high,vernacbridge_career_1000.csv
job interview decision edukkara naala nalla varum nu wait pandren,I'm waiting hopefully for the day my job interview decision comes,career,hopeful,"job,hopeful",low,high,vernacbridge_career_1000.csv
"night shift schedule pathi management sariya handle pannala, romba angry ah irukku","The management didn't handle my night shift schedule properly, I'm really angry",career,angry,"night,angry",medium,high,vernacbridge_career_1000.csv
"relocation offer expect panna madhiri nadakala, romba vaguthadhu","My relocation offer didn't turn out as I expected, it really disappointed me",career,sad,"relocation,sad",medium,high,vernacbridge_career_1000.csv
"salary hike vishayathula unfair ah treat pannanga nu feel panren, romba frustration","I feel like I was treated unfairly regarding my salary hike, it's really frustrating",career,angry,"salary,angry",medium,high,vernacbridge_career_1000.csv
"manager feedback nalla poayiduchu, semma happy ah irukku","My manager feedback went really well, I'm so happy",career,happy,"manager,happy",low,high,vernacbridge_career_1000.csv
skill gap pathi vera vazhi irundhum sariya decision edukkala nu feel panren,"I feel like I didn't make the right decision about my skill gap, even though there were other options",career,guilty,"skill,guilty",medium,high,vernacbridge_career_1000.csv
appraisal cycle pathi share panna oruthar kooda illa,I don't have anyone to share my appraisal cycle worries with,career,lonely,"appraisal,lonely",medium,high,vernacbridge_career_1000.csv
"salary negotiation pathi rendu option irukku, edhu correct nu therila","I have two options for my salary negotiation, not sure which one is right",career,confused,"salary,confused",medium,high,vernacbridge_career_1000.csv
LinkedIn profile pathi nenachaale udane stress varudhu,Just thinking about my LinkedIn profile instantly stresses me out,career,stressed,"linkedin,stressed",high,high,vernacbridge_career_1000.csv
remote job eppadi handle pannanum nu confusion ah irukku,I'm confused about how to handle my remote job,career,confused,"remote,confused",medium,high,vernacbridge_career_1000.csv
"cold email for job balance panna mudiyama, mental ah exhaust ah irukken","I'm unable to balance my cold email for job, I'm mentally exhausted",career,stressed,"cold,stressed",high,high,vernacbridge_career_1000.csv
"cover letter vishayathula unfair ah treat pannanga nu feel panren, romba frustration","I feel like I was treated unfairly regarding my cover letter, it's really frustrating",career,angry,"cover,angry",medium,high,vernacbridge_career_1000.csv
"Finally part time job sort aayiduchu, mood set ah irukku","Finally my part time job got sorted out, I'm in a great mood",career,happy,"part,happy",low,high,vernacbridge_career_1000.csv
"job interview pathi rendu option irukku, edhu correct nu therila","I have two options for my job interview, not sure which one is right",career,confused,"job,confused",medium,high,vernacbridge_career_1000.csv
job offer results pathi nenachaale bayama irukku,Just thinking about my job offer results scares me,career,fear,"job,fear",medium,high,vernacbridge_career_1000.csv
onboarding process journey la yaarum kooda illa nu feel panren,I feel like no one is with me in this onboarding process journey,career,lonely,"onboarding,lonely",medium,high,vernacbridge_career_1000.csv
"technical round balance panna mudiyama, mental ah exhaust ah irukken","I'm unable to balance my technical round, I'm mentally exhausted",career,stressed,"technical,stressed",high,high,vernacbridge_career_1000.csv
"Finally interview feedback sort aayiduchu, mood set ah irukku","Finally my interview feedback got sorted out, I'm in a great mood",career,happy,"interview,happy",low,high,vernacbridge_career_1000.csv
job fair journey la yaarum kooda illa nu feel panren,I feel like no one is with me in this job fair journey,career,lonely,"job,lonely",medium,high,vernacbridge_career_1000.csv
scholarship application pathi share panna oruthar kooda illa,I don't have anyone to share my scholarship application worries with,career,lonely,"scholarship,lonely",medium,high,vernacbridge_career_1000.csv
"startup idea pathi nalla news kidaichu, romba santhosham","I got good news about my startup idea, I'm really happy",career,happy,"startup,happy",low,high,vernacbridge_career_1000.csv
"toxic boss issue balance panna mudiyama, mental ah exhaust ah irukken","I'm unable to balance my toxic boss issue, I'm mentally exhausted",career,stressed,"toxic,stressed",high,high,vernacbridge_career_1000.csv
"Finally contract renewal sort aayiduchu, mood set ah irukku","Finally my contract renewal got sorted out, I'm in a great mood",career,happy,"contract,happy",low,high,vernacbridge_career_1000.csv
pay cut pathi ipozhum yosichaale angry ah aaguthu,"Even now, thinking about my pay cut makes me angry",career,angry,"pay,angry",medium,high,vernacbridge_career_1000.csv
"manager feedback konjam kashtama irundhalum, future bright ah irukum nu feel panren","Even though my manager feedback is a bit tough, I feel the future will be bright",career,hopeful,"manager,hopeful",low,high,vernacbridge_career_1000.csv
pay cut promise pannitu keep pannala nu romba kobam ah irukku,"They promised something about my pay cut and didn't keep it, I'm really angry",career,angry,"pay,angry",medium,high,vernacbridge_career_1000.csv
startup idea pathi nenachaale udane stress varudhu,Just thinking about my startup idea instantly stresses me out,career,stressed,"startup,stressed",high,high,vernacbridge_career_1000.csv
"client feedback start aaga innum konjam naal dhaan irukku, romba excited ah irukken","There's only a few days left for my client feedback to start, I'm really excited",career,excited,"client,excited",low,high,vernacbridge_career_1000.csv
"cold email for job workload adhigama irukku, over stress ah aayiduchu","The workload for my cold email for job is too much, I'm extremely stressed",career,stressed,"cold,stressed",high,high,vernacbridge_career_1000.csv
performance review interview ku munnadi kai kaal nadunguthu,My hands and legs are shaking before my performance review,career,fear,"performance,fear",medium,high,vernacbridge_career_1000.csv
career switch pathi share panna oruthar kooda illa,I don't have anyone to share my career switch worries with,career,lonely,"career,lonely",medium,high,vernacbridge_career_1000.csv
target pressure confirm aayiduchu nu therinja moment romba excited ah aayiduchen,"The moment I found out my target pressure was confirmed, I got really excited",career,excited,"target,excited",low,high,vernacbridge_career_1000.csv
interview feedback pathi decision edukka mudiyama irukken innum,I still can't make a decision about my interview feedback,career,confused,"interview,confused",medium,high,vernacbridge_career_1000.csv
"exit interview konjam kashtama irundhalum, future bright ah irukum nu feel panren","Even though my exit interview is a bit tough, I feel the future will be bright",career,hopeful,"exit,hopeful",low,high,vernacbridge_career_1000.csv
"business loss confirm aaguma nu therila, romba restless ah irukken","I don't know if my business loss will be confirmed, I'm feeling really restless",career,anxious,"business,anxious",medium,high,vernacbridge_career_1000.csv
"cold email for job pathi negative aana vishayam kekkalam, aana naan hopeful ah dhaan irukken","I might hear negative things about my cold email for job, but I'm staying hopeful",career,hopeful,"cold,hopeful",low,high,vernacbridge_career_1000.csv
"quarterly review workload adhigama irukku, over stress ah aayiduchu","The workload for my quarterly review is too much, I'm extremely stressed",career,stressed,"quarterly,stressed",high,high,vernacbridge_career_1000.csv
contract renewal expect panna madhiri nalla ah mudinjadhu,"My contract renewal turned out exactly as I expected, really nice",career,happy,"contract,happy",low,high,vernacbridge_career_1000.csv
"startup idea pathi ipo semma confident ah feel panren, happy ah irukku","I feel really confident about my startup idea now, it makes me happy",career,happy,"startup,happy",low,high,vernacbridge_career_1000.csv
"HR interview workload adhigama irukku, over stress ah aayiduchu","The workload for my HR interview is too much, I'm extremely stressed",career,stressed,"hr,stressed",high,high,vernacbridge_career_1000.csv
github profile pathi decision edukka mudiyama irukken innum,I still can't make a decision about my github profile,career,confused,"github,confused",medium,high,vernacbridge_career_1000.csv
relocation offer pathi ipozhum yosichaale angry ah aaguthu,"Even now, thinking about my relocation offer makes me angry",career,angry,"relocation,angry",medium,high,vernacbridge_career_1000.csv
pay cut continue pannanuma illa mathanuma nu therila,I don't know whether to continue or change my pay cut,career,confused,"pay,confused",medium,high,vernacbridge_career_1000.csv
project deadline nalla ah prepare pannama vittutten nu guilt ah irukku,I feel guilty that I didn't prepare well for my project deadline,career,guilty,"project,guilty",medium,high,vernacbridge_career_1000.csv
annual review result eppo varum nu wait panni panni anxiety adhigama aayiduchu,Waiting for my annual review result has made me really anxious,career,anxious,"annual,anxious",medium,high,vernacbridge_career_1000.csv
coding test eppadi handle pannanum nu confusion ah irukku,I'm confused about how to handle my coding test,career,confused,"coding,confused",medium,high,vernacbridge_career_1000.csv
toxic boss issue results pathi nenachaale bayama irukku,Just thinking about my toxic boss issue results scares me,career,fear,"toxic,fear",medium,high,vernacbridge_career_1000.csv
"coding test pathi decide panna help panna yaarum illa, lonely ah irukku","There's no one to help me decide about my coding test, I feel lonely",career,lonely,"coding,lonely",medium,high,vernacbridge_career_1000.csv
contract renewal pathi decision edukka mudiyama irukken innum,I still can't make a decision about my contract renewal,career,confused,"contract,confused",medium,high,vernacbridge_career_1000.csv
"quarterly review nalla poayiduchu, semma happy ah irukku","My quarterly review went really well, I'm so happy",career,happy,"quarterly,happy",low,high,vernacbridge_career_1000.csv
cold email for job decision edukkara naala nalla varum nu wait pandren,I'm waiting hopefully for the day my cold email for job decision comes,career,hopeful,"cold,hopeful",low,high,vernacbridge_career_1000.csv
internship offer decision edukkara naala nalla varum nu wait pandren,I'm waiting hopefully for the day my internship offer decision comes,career,hopeful,"internship,hopeful",low,high,vernacbridge_career_1000.csv
career switch nalla mudiyala nu ninachu romba down ah irukken,I'm feeling really down thinking that my career switch didn't go well,career,sad,"career,sad",medium,high,vernacbridge_career_1000.csv
"joining date pathi over thinking pannitu irukken, sleep kooda varala","I've been overthinking about my joining date, I can't even sleep",career,anxious,"joining,anxious",medium,high,vernacbridge_career_1000.csv
"probation period pathi negative aana vishayam kekkalam, aana naan hopeful ah dhaan irukken","I might hear negative things about my probation period, but I'm staying hopeful",career,hopeful,"probation,hopeful",low,high,vernacbridge_career_1000.csv
exit interview pathi share panna oruthar kooda illa,I don't have anyone to share my exit interview worries with,career,lonely,"exit,lonely",medium,high,vernacbridge_career_1000.csv
"Finally funding round sort aayiduchu, mood set ah irukku","Finally my funding round got sorted out, I'm in a great mood",career,happy,"funding,happy",low,high,vernacbridge_career_1000.csv
"campus placement expect panna madhiri nadakala, romba vaguthadhu","My campus placement didn't turn out as I expected, it really disappointed me",career,sad,"campus,sad",medium,high,vernacbridge_career_1000.csv
"funding round pathi decide panna help panna yaarum illa, lonely ah irukku","There's no one to help me decide about my funding round, I feel lonely",career,lonely,"funding,lonely",medium,high,vernacbridge_career_1000.csv
"funding round confirm aaguma nu therila, romba restless ah irukken","I don't know if my funding round will be confirmed, I'm feeling really restless",career,anxious,"funding,anxious",medium,high,vernacbridge_career_1000.csv
"incentive structure pathi friends ellarum different advice kudukranga, confuse ah irukku","All my friends are giving different advice about my incentive structure, I'm confused",career,confused,"incentive,confused",medium,high,vernacbridge_career_1000.csv
job interview pathi share panna oruthar kooda illa,I don't have anyone to share my job interview worries with,career,lonely,"job,lonely",medium,high,vernacbridge_career_1000.csv
interview feedback result eppo varum nu wait panni panni anxiety adhigama aayiduchu,Waiting for my interview feedback result has made me really anxious,career,anxious,"interview,anxious",medium,high,vernacbridge_career_1000.csv
job interview promise pannitu keep pannala nu romba kobam ah irukku,"They promised something about my job interview and didn't keep it, I'm really angry",career,angry,"job,angry",medium,high,vernacbridge_career_1000.csv
resume update pathi nyabagam vandha automatic ah excitement varudhu,Just thinking about my resume update gets me excited,career,excited,"resume,excited",low,high,vernacbridge_career_1000.csv
bonus payout result eppo varum nu wait panni panni anxiety adhigama aayiduchu,Waiting for my bonus payout result has made me really anxious,career,anxious,"bonus,anxious",medium,high,vernacbridge_career_1000.csv
"manager feedback balance panna mudiyama, mental ah exhaust ah irukken","I'm unable to balance my manager feedback, I'm mentally exhausted",career,stressed,"manager,stressed",high,high,vernacbridge_career_1000.csv
"scholarship application pathi ipo tension illa, mind calm ah irukku","I don't feel tense about my scholarship application anymore, my mind feels calm",career,calm,"scholarship,calm",low,high,vernacbridge_career_1000.csv
job offer pathi ratha ovvoru naalum tension ah irukku,I feel tense about my job offer every single day,career,anxious,"job,anxious",medium,high,vernacbridge_career_1000.csv
"promotion round deadline nearagudhu, romba stress ah irukku","My promotion round deadline is approaching, I'm really stressed",career,stressed,"promotion,stressed",high,high,vernacbridge_career_1000.csv
"mentorship program expect panna madhiri nadakala, romba vaguthadhu","My mentorship program didn't turn out as I expected, it really disappointed me",career,sad,"mentorship,sad",medium,high,vernacbridge_career_1000.csv
"appraisal cycle pathi yosichu yosichu ipo oru clarity vandhuchu, mind settle aayiduchu","After thinking a lot about my appraisal cycle, I finally got clarity and my mind settled",career,calm,"appraisal,calm",low,high,vernacbridge_career_1000.csv
cover letter pathi vera vazhi irundhum sariya decision edukkala nu feel panren,"I feel like I didn't make the right decision about my cover letter, even though there were other options",career,guilty,"cover,guilty",medium,high,vernacbridge_career_1000.csv
notice period results pathi nenachaale bayama irukku,Just thinking about my notice period results scares me,career,fear,"notice,fear",medium,high,vernacbridge_career_1000.csv
internship offer pathi ninachaale sad ah irukku,Thinking about my internship offer makes me feel sad,career,sad,"internship,sad",medium,high,vernacbridge_career_1000.csv
group discussion round pathi nenachaale udane stress varudhu,Just thinking about my group discussion round instantly stresses me out,career,stressed,"group,stressed",high,high,vernacbridge_career_1000.csv
"work life balance workload adhigama irukku, over stress ah aayiduchu","The workload for my work life balance is too much, I'm extremely stressed",career,stressed,"work,stressed",high,high,vernacbridge_career_1000.csv
promotion round time la mistake pannitten nu ippozhum kashtama irukku,I still feel bad that I made a mistake during my promotion round,career,guilty,"promotion,guilty",medium,high,vernacbridge_career_1000.csv
"office relocation nalla poayiduchu, semma happy ah irukku","My office relocation went really well, I'm so happy",career,happy,"office,happy",low,high,vernacbridge_career_1000.csv
"client feedback pathi rendu option irukku, edhu correct nu therila","I have two options for my client feedback, not sure which one is right",career,confused,"client,confused",medium,high,vernacbridge_career_1000.csv
resume update ku team ah let down pannitten nu guilt irukku,I feel guilty that I let my team down regarding my resume update,career,guilty,"resume,guilty",medium,high,vernacbridge_career_1000.csv
"career switch pathi ella effort um podren, nalladhu nadakum nu nambikkai irukku","I'm putting in all the effort for my career switch, I believe good things will happen",career,hopeful,"career,hopeful",low,high,vernacbridge_career_1000.csv
background verification time la mistake pannitten nu ippozhum kashtama irukku,I still feel bad that I made a mistake during my background verification,career,guilty,"background,guilty",medium,high,vernacbridge_career_1000.csv
team lead role pathi ratha ovvoru naalum tension ah irukku,I feel tense about my team lead role every single day,career,anxious,"team,anxious",medium,high,vernacbridge_career_1000.csv
internship offer pathi share panna oruthar kooda illa,I don't have anyone to share my internship offer worries with,career,lonely,"internship,lonely",medium,high,vernacbridge_career_1000.csv
"aptitude test pathi friends ellarum different advice kudukranga, confuse ah irukku","All my friends are giving different advice about my aptitude test, I'm confused",career,confused,"aptitude,confused",medium,high,vernacbridge_career_1000.csv
salary negotiation result eppo varum nu wait panni panni anxiety adhigama aayiduchu,Waiting for my salary negotiation result has made me really anxious,career,anxious,"salary,anxious",medium,high,vernacbridge_career_1000.csv
"resume update pathi management sariya handle pannala, romba angry ah irukku","The management didn't handle my resume update properly, I'm really angry",career,angry,"resume,angry",medium,high,vernacbridge_career_1000.csv
"part time job pathi rendu option irukku, edhu correct nu therila","I have two options for my part time job, not sure which one is right",career,confused,"part,confused",medium,high,vernacbridge_career_1000.csv
joining date pathi nenachaale udane stress varudhu,Just thinking about my joining date instantly stresses me out,career,stressed,"joining,stressed",high,high,vernacbridge_career_1000.csv
HR interview pathi ipozhum yosichaale angry ah aaguthu,"Even now, thinking about my HR interview makes me angry",career,angry,"hr,angry",medium,high,vernacbridge_career_1000.csv
"incentive structure nalla poayiduchu, semma happy ah irukku","My incentive structure went really well, I'm so happy",career,happy,"incentive,happy",low,high,vernacbridge_career_1000.csv
"entrepreneurship idea confirm aaguma nu therila, romba restless ah irukken","I don't know if my entrepreneurship idea will be confirmed, I'm feeling really restless",career,anxious,"entrepreneurship,anxious",medium,high,vernacbridge_career_1000.csv
"Finally internship offer sort aayiduchu, mood set ah irukku","Finally my internship offer got sorted out, I'm in a great mood",career,happy,"internship,happy",low,high,vernacbridge_career_1000.csv
contract renewal reject aayiduchu nu therinjadhum mind heavy ah aayiduchu,"The moment I found out my contract renewal got rejected, my mind felt heavy",career,sad,"contract,sad",medium,high,vernacbridge_career_1000.csv
contract renewal decision edukkara naala nalla varum nu wait pandren,I'm waiting hopefully for the day my contract renewal decision comes,career,hopeful,"contract,hopeful",low,high,vernacbridge_career_1000.csv
portfolio review decision edukra naala nenachaale nervous ah irukku,I feel nervous just thinking about the day I decide on my portfolio review,career,fear,"portfolio,fear",medium,high,vernacbridge_career_1000.csv
group discussion round pathi nyabagam vandha automatic ah excitement varudhu,Just thinking about my group discussion round gets me excited,career,excited,"group,excited",low,high,vernacbridge_career_1000.csv
"business loss pathi ipo tension illa, mind calm ah irukku","I don't feel tense about my business loss anymore, my mind feels calm",career,calm,"business,calm",low,high,vernacbridge_career_1000.csv
job interview expect panna madhiri nalla ah mudinjadhu,"My job interview turned out exactly as I expected, really nice",career,happy,"job,happy",low,high,vernacbridge_career_1000.csv
"portfolio review results ku wait pandren, semma thrill ah irukku","I'm waiting for my portfolio review results, feeling a real thrill",career,excited,"portfolio,excited",low,high,vernacbridge_career_1000.csv
training program pathi negative outcome varumo nu fear ah irukku,I'm scared that my training program might have a negative outcome,career,fear,"training,fear",medium,high,vernacbridge_career_1000.csv
work from home policy reject aayiduchu nu therinjadhum mind heavy ah aayiduchu,"The moment I found out my work from home policy got rejected, my mind felt heavy",career,sad,"work,sad",medium,high,vernacbridge_career_1000.csv
"MBA admission results ku wait pandren, semma thrill ah irukku","I'm waiting for my MBA admission results, feeling a real thrill",career,excited,"mba,excited",low,high,vernacbridge_career_1000.csv
group discussion round pathi share panna oruthar kooda illa,I don't have anyone to share my group discussion round worries with,career,lonely,"group,lonely",medium,high,vernacbridge_career_1000.csv
"referral process start aaga innum konjam naal dhaan irukku, romba excited ah irukken","There's only a few days left for my referral process to start, I'm really excited",career,excited,"referral,excited",low,high,vernacbridge_career_1000.csv
funding round pathi share panna oruthar kooda illa,I don't have anyone to share my funding round worries with,career,lonely,"funding,lonely",medium,high,vernacbridge_career_1000.csv
performance review pathi ipozhum yosichaale angry ah aaguthu,"Even now, thinking about my performance review makes me angry",career,angry,"performance,angry",medium,high,vernacbridge_career_1000.csv
promotion round pathi vera vazhi irundhum sariya decision edukkala nu feel panren,"I feel like I didn't make the right decision about my promotion round, even though there were other options",career,guilty,"promotion,guilty",medium,high,vernacbridge_career_1000.csv
campus placement result eppo varum nu wait panni panni anxiety adhigama aayiduchu,Waiting for my campus placement result has made me really anxious,career,anxious,"campus,anxious",medium,high,vernacbridge_career_1000.csv
manager feedback pathi decision edukka mudiyama irukken innum,I still can't make a decision about my manager feedback,career,confused,"manager,confused",medium,high,vernacbridge_career_1000.csv
"skill certification pathi yosichu yosichu ipo oru clarity vandhuchu, mind settle aayiduchu","After thinking a lot about my skill certification, I finally got clarity and my mind settled",career,calm,"skill,calm",low,high,vernacbridge_career_1000.csv
"business loan pathi ella effort um podren, nalladhu nadakum nu nambikkai irukku","I'm putting in all the effort for my business loan, I believe good things will happen",career,hopeful,"business,hopeful",low,high,vernacbridge_career_1000.csv
sales target result eppo varum nu wait panni panni anxiety adhigama aayiduchu,Waiting for my sales target result has made me really anxious,career,anxious,"sales,anxious",medium,high,vernacbridge_career_1000.csv
"interview feedback pathi nalla news kidaichu, romba santhosham","I got good news about my interview feedback, I'm really happy",career,happy,"interview,happy",low,high,vernacbridge_career_1000.csv
overtime work pathi vera vazhi irundhum sariya decision edukkala nu feel panren,"I feel like I didn't make the right decision about my overtime work, even though there were other options",career,guilty,"overtime,guilty",medium,high,vernacbridge_career_1000.csv
"entrepreneurship idea pathi ipo tension illa, mind calm ah irukku","I don't feel tense about my entrepreneurship idea anymore, my mind feels calm",career,calm,"entrepreneurship,calm",low,high,vernacbridge_career_1000.csv
onboarding process eppadi handle pannanum nu confusion ah irukku,I'm confused about how to handle my onboarding process,career,confused,"onboarding,confused",medium,high,vernacbridge_career_1000.csv
walk-in interview nalla ah prepare pannama vittutten nu guilt ah irukku,I feel guilty that I didn't prepare well for my walk-in interview,career,guilty,"walk-in,guilty",medium,high,vernacbridge_career_1000.csv
"notice period pathi over thinking pannitu irukken, sleep kooda varala","I've been overthinking about my notice period, I can't even sleep",career,anxious,"notice,anxious",medium,high,vernacbridge_career_1000.csv
"product launch vishayathula unfair ah treat pannanga nu feel panren, romba frustration","I feel like I was treated unfairly regarding my product launch, it's really frustrating",career,angry,"product,angry",medium,high,vernacbridge_career_1000.csv
"interview feedback pathi ipo tension illa, mind calm ah irukku","I don't feel tense about my interview feedback anymore, my mind feels calm",career,calm,"interview,calm",low,high,vernacbridge_career_1000.csv
office relocation pathi decision edukka mudiyama irukken innum,I still can't make a decision about my office relocation,career,confused,"office,confused",medium,high,vernacbridge_career_1000.csv
"business plan nalla poayiduchu, semma happy ah irukku","My business plan went really well, I'm so happy",career,happy,"business,happy",low,high,vernacbridge_career_1000.csv
"resume update pathi ipo tension illa, mind calm ah irukku","I don't feel tense about my resume update anymore, my mind feels calm",career,calm,"resume,calm",low,high,vernacbridge_career_1000.csv
client feedback continue pannanuma illa mathanuma nu therila,I don't know whether to continue or change my client feedback,career,confused,"client,confused",medium,high,vernacbridge_career_1000.csv
entrepreneurship idea success ah mudinjadhu nu kelvi pattu happy ah irukken,"I heard my entrepreneurship idea was successful, I'm happy about it",career,happy,"entrepreneurship,happy",low,high,vernacbridge_career_1000.csv
"higher studies plan balance panna mudiyama, mental ah exhaust ah irukken","I'm unable to balance my higher studies plan, I'm mentally exhausted",career,stressed,"higher,stressed",high,high,vernacbridge_career_1000.csv
"final offer letter pathi ipo tension illa, mind calm ah irukku","I don't feel tense about my final offer letter anymore, my mind feels calm",career,calm,"final,calm",low,high,vernacbridge_career_1000.csv
technical round time la mistake pannitten nu ippozhum kashtama irukku,I still feel bad that I made a mistake during my technical round,career,guilty,"technical,guilty",medium,high,vernacbridge_career_1000.csv
"relocation offer pathi decide panna help panna yaarum illa, lonely ah irukku","There's no one to help me decide about my relocation offer, I feel lonely",career,lonely,"relocation,lonely",medium,high,vernacbridge_career_1000.csv
work life balance eppadi handle pannanum nu confusion ah irukku,I'm confused about how to handle my work life balance,career,confused,"work,confused",medium,high,vernacbridge_career_1000.csv
cold email for job results pathi nenachaale bayama irukku,Just thinking about my cold email for job results scares me,career,fear,"cold,fear",medium,high,vernacbridge_career_1000.csv
career switch pathi decision edukka mudiyama irukken innum,I still can't make a decision about my career switch,career,confused,"career,confused",medium,high,vernacbridge_career_1000.csv
"skill certification results eppadi vandhalum, naan calm ah dhaan irukken","Whatever the results of my skill certification are, I'm staying calm",career,calm,"skill,calm",low,high,vernacbridge_career_1000.csv
referral process pressure ah face panra time la romba thanimai ah irukku,I feel really alone while facing the pressure of my referral process,career,lonely,"referral,lonely",medium,high,vernacbridge_career_1000.csv
promotion round pathi share panna oruthar kooda illa,I don't have anyone to share my promotion round worries with,career,lonely,"promotion,lonely",medium,high,vernacbridge_career_1000.csv
sales target success ah mudinjadhu nu kelvi pattu happy ah irukken,"I heard my sales target was successful, I'm happy about it",career,happy,"sales,happy",low,high,vernacbridge_career_1000.csv
bonus payout fail aayiduma nu romba bayama irukku,I'm really scared that my bonus payout might fail,career,fear,"bonus,fear",medium,high,vernacbridge_career_1000.csv
"Finally MBA admission sort aayiduchu, mood set ah irukku","Finally my MBA admission got sorted out, I'm in a great mood",career,happy,"mba,happy",low,high,vernacbridge_career_1000.csv
team restructuring journey la yaarum kooda illa nu feel panren,I feel like no one is with me in this team restructuring journey,career,lonely,"team,lonely",medium,high,vernacbridge_career_1000.csv
"final offer letter confirm aaguma nu therila, romba restless ah irukken","I don't know if my final offer letter will be confirmed, I'm feeling really restless",career,anxious,"final,anxious",medium,high,vernacbridge_career_1000.csv
"higher studies plan results ku wait pandren, semma thrill ah irukku","I'm waiting for my higher studies plan results, feeling a real thrill",career,excited,"higher,excited",low,high,vernacbridge_career_1000.csv
"skill certification pathi ipo tension illa, mind calm ah irukku","I don't feel tense about my skill certification anymore, my mind feels calm",career,calm,"skill,calm",low,high,vernacbridge_career_1000.csv
layoff round ku team ah let down pannitten nu guilt irukku,I feel guilty that I let my team down regarding my layoff round,career,guilty,"layoff,guilty",medium,high,vernacbridge_career_1000.csv
"client feedback konjam kashtama irundhalum, future bright ah irukum nu feel panren","Even though my client feedback is a bit tough, I feel the future will be bright",career,hopeful,"client,hopeful",low,high,vernacbridge_career_1000.csv
networking event pathi ratha ovvoru naalum tension ah irukku,I feel tense about my networking event every single day,career,anxious,"networking,anxious",medium,high,vernacbridge_career_1000.csv
"business loan balance panna mudiyama, mental ah exhaust ah irukken","I'm unable to balance my business loan, I'm mentally exhausted",career,stressed,"business,stressed",high,high,vernacbridge_career_1000.csv
"visa interview pathi nalla news kidaichu, romba santhosham","I got good news about my visa interview, I'm really happy",career,happy,"visa,happy",low,high,vernacbridge_career_1000.csv
coding test pathi negative outcome varumo nu fear ah irukku,I'm scared that my coding test might have a negative outcome,career,fear,"coding,fear",medium,high,vernacbridge_career_1000.csv
performance review result eppo varum nu wait panni panni anxiety adhigama aayiduchu,Waiting for my performance review result has made me really anxious,career,anxious,"performance,anxious",medium,high,vernacbridge_career_1000.csv
MBA admission result eppo varum nu wait panni panni anxiety adhigama aayiduchu,Waiting for my MBA admission result has made me really anxious,career,anxious,"mba,anxious",medium,high,vernacbridge_career_1000.csv
target pressure journey la yaarum kooda illa nu feel panren,I feel like no one is with me in this target pressure journey,career,lonely,"target,lonely",medium,high,vernacbridge_career_1000.csv
coding test pathi decision edukka mudiyama irukken innum,I still can't make a decision about my coding test,career,confused,"coding,confused",medium,high,vernacbridge_career_1000.csv
"interview feedback pathi over thinking pannitu irukken, sleep kooda varala","I've been overthinking about my interview feedback, I can't even sleep",career,anxious,"interview,anxious",medium,high,vernacbridge_career_1000.csv
"sales target workload adhigama irukku, over stress ah aayiduchu","The workload for my sales target is too much, I'm extremely stressed",career,stressed,"sales,stressed",high,high,vernacbridge_career_1000.csv
skill certification pathi vera vazhi irundhum sariya decision edukkala nu feel panren,"I feel like I didn't make the right decision about my skill certification, even though there were other options",career,guilty,"skill,guilty",medium,high,vernacbridge_career_1000.csv
job offer pathi ipozhum yosichaale angry ah aaguthu,"Even now, thinking about my job offer makes me angry",career,angry,"job,angry",medium,high,vernacbridge_career_1000.csv
referral process nalla ah prepare pannama vittutten nu guilt ah irukku,I feel guilty that I didn't prepare well for my referral process,career,guilty,"referral,guilty",medium,high,vernacbridge_career_1000.csv
job fair time la mistake pannitten nu ippozhum kashtama irukku,I still feel bad that I made a mistake during my job fair,career,guilty,"job,guilty",medium,high,vernacbridge_career_1000.csv
"cold email for job vishayathula unfair ah treat pannanga nu feel panren, romba frustration","I feel like I was treated unfairly regarding my cold email for job, it's really frustrating",career,angry,"cold,angry",medium,high,vernacbridge_career_1000.csv
work from home policy expect panna madhiri nalla ah mudinjadhu,"My work from home policy turned out exactly as I expected, really nice",career,happy,"work,happy",low,high,vernacbridge_career_1000.csv
layoff round result eppo varum nu wait panni panni anxiety adhigama aayiduchu,Waiting for my layoff round result has made me really anxious,career,anxious,"layoff,anxious",medium,high,vernacbridge_career_1000.csv
"remote job workload adhigama irukku, over stress ah aayiduchu","The workload for my remote job is too much, I'm extremely stressed",career,stressed,"remote,stressed",high,high,vernacbridge_career_1000.csv
co-founder issue interview ku munnadi kai kaal nadunguthu,My hands and legs are shaking before my co-founder issue,career,fear,"co-founder,fear",medium,high,vernacbridge_career_1000.csv
networking event pathi nyabagam vandha automatic ah excitement varudhu,Just thinking about my networking event gets me excited,career,excited,"networking,excited",low,high,vernacbridge_career_1000.csv
night shift schedule pathi negative outcome varumo nu fear ah irukku,I'm scared that my night shift schedule might have a negative outcome,career,fear,"night,fear",medium,high,vernacbridge_career_1000.csv
"cold email for job results eppadi vandhalum, naan calm ah dhaan irukken","Whatever the results of my cold email for job are, I'm staying calm",career,calm,"cold,calm",low,high,vernacbridge_career_1000.csv
"walk-in interview start aaga innum konjam naal dhaan irukku, romba excited ah irukken","There's only a few days left for my walk-in interview to start, I'm really excited",career,excited,"walk-in,excited",low,high,vernacbridge_career_1000.csv
business loss success ah mudinjadhu nu kelvi pattu happy ah irukken,"I heard my business loss was successful, I'm happy about it",career,happy,"business,happy",low,high,vernacbridge_career_1000.csv
salary negotiation nalla ah prepare pannama vittutten nu guilt ah irukku,I feel guilty that I didn't prepare well for my salary negotiation,career,guilty,"salary,guilty",medium,high,vernacbridge_career_1000.csv
"resume update confirm aaguma nu therila, romba restless ah irukken","I don't know if my resume update will be confirmed, I'm feeling really restless",career,anxious,"resume,anxious",medium,high,vernacbridge_career_1000.csv
promotion round results pathi nenachaale bayama irukku,Just thinking about my promotion round results scares me,career,fear,"promotion,fear",medium,high,vernacbridge_career_1000.csv
"project deadline pathi friends ellarum different advice kudukranga, confuse ah irukku","All my friends are giving different advice about my project deadline, I'm confused",career,confused,"project,confused",medium,high,vernacbridge_career_1000.csv
"relocation offer pathi ipo tension illa, mind calm ah irukku","I don't feel tense about my relocation offer anymore, my mind feels calm",career,calm,"relocation,calm",low,high,vernacbridge_career_1000.csv
resume update mudinja pinnadi vazhkai better ah maarum nu nambaren,I believe life will get better once my resume update is done,career,hopeful,"resume,hopeful",low,high,vernacbridge_career_1000.csv
startup idea confirm aayiduchu nu therinja moment romba excited ah aayiduchen,"The moment I found out my startup idea was confirmed, I got really excited",career,excited,"startup,excited",low,high,vernacbridge_career_1000.csv
contract renewal eppadi handle pannanum nu confusion ah irukku,I'm confused about how to handle my contract renewal,career,confused,"contract,confused",medium,high,vernacbridge_career_1000.csv
"investor pitch pathi management sariya handle pannala, romba angry ah irukku","The management didn't handle my investor pitch properly, I'm really angry",career,angry,"investor,angry",medium,high,vernacbridge_career_1000.csv
"pay cut pathi nalla news kidaichu, romba santhosham","I got good news about my pay cut, I'm really happy",career,happy,"pay,happy",low,high,vernacbridge_career_1000.csv
visa interview pathi negative outcome varumo nu fear ah irukku,I'm scared that my visa interview might have a negative outcome,career,fear,"visa,fear",medium,high,vernacbridge_career_1000.csv
"Finally freelance project sort aayiduchu, mood set ah irukku","Finally my freelance project got sorted out, I'm in a great mood",career,happy,"freelance,happy",low,high,vernacbridge_career_1000.csv
"training program start aaga innum konjam naal dhaan irukku, romba excited ah irukken","There's only a few days left for my training program to start, I'm really excited",career,excited,"training,excited",low,high,vernacbridge_career_1000.csv
scholarship application pathi nyabagam vandha automatic ah excitement varudhu,Just thinking about my scholarship application gets me excited,career,excited,"scholarship,excited",low,high,vernacbridge_career_1000.csv
quarterly review eppadi handle pannanum nu confusion ah irukku,I'm confused about how to handle my quarterly review,career,confused,"quarterly,confused",medium,high,vernacbridge_career_1000.csv
probation period mudinja pinnadi vazhkai better ah maarum nu nambaren,I believe life will get better once my probation period is done,career,hopeful,"probation,hopeful",low,high,vernacbridge_career_1000.csv
"performance review balance panna mudiyama, mental ah exhaust ah irukken","I'm unable to balance my performance review, I'm mentally exhausted",career,stressed,"performance,stressed",high,high,vernacbridge_career_1000.csv
startup idea results pathi nenachaale bayama irukku,Just thinking about my startup idea results scares me,career,fear,"startup,fear",medium,high,vernacbridge_career_1000.csv
probation period interview ku munnadi kai kaal nadunguthu,My hands and legs are shaking before my probation period,career,fear,"probation,fear",medium,high,vernacbridge_career_1000.csv
"promotion round vishayathula unfair ah treat pannanga nu feel panren, romba frustration","I feel like I was treated unfairly regarding my promotion round, it's really frustrating",career,angry,"promotion,angry",medium,high,vernacbridge_career_1000.csv
background verification pathi nenachaale udane stress varudhu,Just thinking about my background verification instantly stresses me out,career,stressed,"background,stressed",high,high,vernacbridge_career_1000.csv
sales target ku team ah let down pannitten nu guilt irukku,I feel guilty that I let my team down regarding my sales target,career,guilty,"sales,guilty",medium,high,vernacbridge_career_1000.csv
"business loss vishayathula unfair ah treat pannanga nu feel panren, romba frustration","I feel like I was treated unfairly regarding my business loss, it's really frustrating",career,angry,"business,angry",medium,high,vernacbridge_career_1000.csv
"side hustle nalla poayiduchu, semma happy ah irukku","My side hustle went really well, I'm so happy",career,happy,"side,happy",low,high,vernacbridge_career_1000.csv
visa interview pathi ipozhum yosichaale angry ah aaguthu,"Even now, thinking about my visa interview makes me angry",career,angry,"visa,angry",medium,high,vernacbridge_career_1000.csv
"funding round pathi ipo semma confident ah feel panren, happy ah irukku","I feel really confident about my funding round now, it makes me happy",career,happy,"funding,happy",low,high,vernacbridge_career_1000.csv
"walk-in interview pathi ella effort um podren, nalladhu nadakum nu nambikkai irukku","I'm putting in all the effort for my walk-in interview, I believe good things will happen",career,hopeful,"walk-in,hopeful",low,high,vernacbridge_career_1000.csv
"business plan workload adhigama irukku, over stress ah aayiduchu","The workload for my business plan is too much, I'm extremely stressed",career,stressed,"business,stressed",high,high,vernacbridge_career_1000.csv
resignation letter continue pannanuma illa mathanuma nu therila,I don't know whether to continue or change my resignation letter,career,confused,"resignation,confused",medium,high,vernacbridge_career_1000.csv
"co-founder issue pathi yosichu yosichu ipo oru clarity vandhuchu, mind settle aayiduchu","After thinking a lot about my co-founder issue, I finally got clarity and my mind settled",career,calm,"co-founder,calm",low,high,vernacbridge_career_1000.csv
"visa interview results ku wait pandren, semma thrill ah irukku","I'm waiting for my visa interview results, feeling a real thrill",career,excited,"visa,excited",low,high,vernacbridge_career_1000.csv
"training program pathi management sariya handle pannala, romba angry ah irukku","The management didn't handle my training program properly, I'm really angry",career,angry,"training,angry",medium,high,vernacbridge_career_1000.csv
"job fair workload adhigama irukku, over stress ah aayiduchu","The workload for my job fair is too much, I'm extremely stressed",career,stressed,"job,stressed",high,high,vernacbridge_career_1000.csv
github profile nalla mudiyala nu ninachu romba down ah irukken,I'm feeling really down thinking that my github profile didn't go well,career,sad,"github,sad",medium,high,vernacbridge_career_1000.csv
job interview result eppo varum nu wait panni panni anxiety adhigama aayiduchu,Waiting for my job interview result has made me really anxious,career,anxious,"job,anxious",medium,high,vernacbridge_career_1000.csv
relocation offer pathi share panna oruthar kooda illa,I don't have anyone to share my relocation offer worries with,career,lonely,"relocation,lonely",medium,high,vernacbridge_career_1000.csv
"night shift schedule pathi ella effort um podren, nalladhu nadakum nu nambikkai irukku","I'm putting in all the effort for my night shift schedule, I believe good things will happen",career,hopeful,"night,hopeful",low,high,vernacbridge_career_1000.csv
"job offer start aaga innum konjam naal dhaan irukku, romba excited ah irukken","There's only a few days left for my job offer to start, I'm really excited",career,excited,"job,excited",low,high,vernacbridge_career_1000.csv
background verification pathi vera vazhi irundhum sariya decision edukkala nu feel panren,"I feel like I didn't make the right decision about my background verification, even though there were other options",career,guilty,"background,guilty",medium,high,vernacbridge_career_1000.csv
joining date pathi share panna oruthar kooda illa,I don't have anyone to share my joining date worries with,career,lonely,"joining,lonely",medium,high,vernacbridge_career_1000.csv
pay cut pathi decision edukka mudiyama irukken innum,I still can't make a decision about my pay cut,career,confused,"pay,confused",medium,high,vernacbridge_career_1000.csv
"product launch start aaga innum konjam naal dhaan irukku, romba excited ah irukken","There's only a few days left for my product launch to start, I'm really excited",career,excited,"product,excited",low,high,vernacbridge_career_1000.csv
"higher studies plan vishayathula unfair ah treat pannanga nu feel panren, romba frustration","I feel like I was treated unfairly regarding my higher studies plan, it's really frustrating",career,angry,"higher,angry",medium,high,vernacbridge_career_1000.csv
"target pressure nalla plan pannitten, adhanala mind peace ah irukku","I planned my target pressure well, so my mind feels at peace",career,calm,"target,calm",low,high,vernacbridge_career_1000.csv
"quarterly review pathi management sariya handle pannala, romba angry ah irukku","The management didn't handle my quarterly review properly, I'm really angry",career,angry,"quarterly,angry",medium,high,vernacbridge_career_1000.csv
cover letter success ah mudinjadhu nu kelvi pattu happy ah irukken,"I heard my cover letter was successful, I'm happy about it",career,happy,"cover,happy",low,high,vernacbridge_career_1000.csv
overtime work pathi nyabagam vandha automatic ah excitement varudhu,Just thinking about my overtime work gets me excited,career,excited,"overtime,excited",low,high,vernacbridge_career_1000.csv
"interview feedback pathi plan panna aarambichitten, romba pumped up ah irukken","I've started planning for my interview feedback, I'm really pumped up",career,excited,"interview,excited",low,high,vernacbridge_career_1000.csv
probation period pathi ratha ovvoru naalum tension ah irukku,I feel tense about my probation period every single day,career,anxious,"probation,anxious",medium,high,vernacbridge_career_1000.csv
"salary hike pathi negative aana vishayam kekkalam, aana naan hopeful ah dhaan irukken","I might hear negative things about my salary hike, but I'm staying hopeful",career,hopeful,"salary,hopeful",low,high,vernacbridge_career_1000.csv
"incentive structure results eppadi vandhalum, naan calm ah dhaan irukken","Whatever the results of my incentive structure are, I'm staying calm",career,calm,"incentive,calm",low,high,vernacbridge_career_1000.csv
business loan nalla mudiyala nu ninachu romba down ah irukken,I'm feeling really down thinking that my business loan didn't go well,career,sad,"business,sad",medium,high,vernacbridge_career_1000.csv
appraisal cycle pathi nenachaale udane stress varudhu,Just thinking about my appraisal cycle instantly stresses me out,career,stressed,"appraisal,stressed",high,high,vernacbridge_career_1000.csv
"pay cut vishayathula unfair ah treat pannanga nu feel panren, romba frustration","I feel like I was treated unfairly regarding my pay cut, it's really frustrating",career,angry,"pay,angry",medium,high,vernacbridge_career_1000.csv
pay cut ku team ah let down pannitten nu guilt irukku,I feel guilty that I let my team down regarding my pay cut,career,guilty,"pay,guilty",medium,high,vernacbridge_career_1000.csv
"networking event pathi management sariya handle pannala, romba angry ah irukku","The management didn't handle my networking event properly, I'm really angry",career,angry,"networking,angry",medium,high,vernacbridge_career_1000.csv
"cover letter pathi negative aana vishayam kekkalam, aana naan hopeful ah dhaan irukken","I might hear negative things about my cover letter, but I'm staying hopeful",career,hopeful,"cover,hopeful",low,high,vernacbridge_career_1000.csv
"team restructuring pathi ella effort um podren, nalladhu nadakum nu nambikkai irukku","I'm putting in all the effort for my team restructuring, I believe good things will happen",career,hopeful,"team,hopeful",low,high,vernacbridge_career_1000.csv
"resignation letter pathi ipo semma confident ah feel panren, happy ah irukku","I feel really confident about my resignation letter now, it makes me happy",career,happy,"resignation,happy",low,high,vernacbridge_career_1000.csv
office relocation expect panna madhiri nalla ah mudinjadhu,"My office relocation turned out exactly as I expected, really nice",career,happy,"office,happy",low,high,vernacbridge_career_1000.csv
"interview feedback results eppadi vandhalum, naan calm ah dhaan irukken","Whatever the results of my interview feedback are, I'm staying calm",career,calm,"interview,calm",low,high,vernacbridge_career_1000.csv
"scholarship application pathi rendu option irukku, edhu correct nu therila","I have two options for my scholarship application, not sure which one is right",career,confused,"scholarship,confused",medium,high,vernacbridge_career_1000.csv
work from home policy continue pannanuma illa mathanuma nu therila,I don't know whether to continue or change my work from home policy,career,confused,"work,confused",medium,high,vernacbridge_career_1000.csv
portfolio review ku team ah let down pannitten nu guilt irukku,I feel guilty that I let my team down regarding my portfolio review,career,guilty,"portfolio,guilty",medium,high,vernacbridge_career_1000.csv
skill certification pressure ah face panra time la romba thanimai ah irukku,I feel really alone while facing the pressure of my skill certification,career,lonely,"skill,lonely",medium,high,vernacbridge_career_1000.csv
"client meeting pathi ipo tension illa, mind calm ah irukku","I don't feel tense about my client meeting anymore, my mind feels calm",career,calm,"client,calm",low,high,vernacbridge_career_1000.csv
night shift schedule mudinja pinnadi vazhkai better ah maarum nu nambaren,I believe life will get better once my night shift schedule is done,career,hopeful,"night,hopeful",low,high,vernacbridge_career_1000.csv
"LinkedIn profile pathi yosichu yosichu ipo oru clarity vandhuchu, mind settle aayiduchu","After thinking a lot about my LinkedIn profile, I finally got clarity and my mind settled",career,calm,"linkedin,calm",low,high,vernacbridge_career_1000.csv
HR interview pathi decision edukka mudiyama irukken innum,I still can't make a decision about my HR interview,career,confused,"hr,confused",medium,high,vernacbridge_career_1000.csv
campus placement decision edukkara naala nalla varum nu wait pandren,I'm waiting hopefully for the day my campus placement decision comes,career,hopeful,"campus,hopeful",low,high,vernacbridge_career_1000.csv
"product launch results ku wait pandren, semma thrill ah irukku","I'm waiting for my product launch results, feeling a real thrill",career,excited,"product,excited",low,high,vernacbridge_career_1000.csv
final offer letter promise pannitu keep pannala nu romba kobam ah irukku,"They promised something about my final offer letter and didn't keep it, I'm really angry",career,angry,"final,angry",medium,high,vernacbridge_career_1000.csv
visa interview decision edukra naala nenachaale nervous ah irukku,I feel nervous just thinking about the day I decide on my visa interview,career,fear,"visa,fear",medium,high,vernacbridge_career_1000.csv
skill certification pathi ninachaale sad ah irukku,Thinking about my skill certification makes me feel sad,career,sad,"skill,sad",medium,high,vernacbridge_career_1000.csv
"HR interview pathi over thinking pannitu irukken, sleep kooda varala","I've been overthinking about my HR interview, I can't even sleep",career,anxious,"hr,anxious",medium,high,vernacbridge_career_1000.csv
"skill certification vishayathula unfair ah treat pannanga nu feel panren, romba frustration","I feel like I was treated unfairly regarding my skill certification, it's really frustrating",career,angry,"skill,angry",medium,high,vernacbridge_career_1000.csv
"contract renewal pathi ipo tension illa, mind calm ah irukku","I don't feel tense about my contract renewal anymore, my mind feels calm",career,calm,"contract,calm",low,high,vernacbridge_career_1000.csv
"cold email for job pathi ipo semma confident ah feel panren, happy ah irukku","I feel really confident about my cold email for job now, it makes me happy",career,happy,"cold,happy",low,high,vernacbridge_career_1000.csv
appraisal cycle nalla mudiyala nu ninachu romba down ah irukken,I'm feeling really down thinking that my appraisal cycle didn't go well,career,sad,"appraisal,sad",medium,high,vernacbridge_career_1000.csv
visa interview pathi nyabagam vandha automatic ah excitement varudhu,Just thinking about my visa interview gets me excited,career,excited,"visa,excited",low,high,vernacbridge_career_1000.csv
"coding test pathi plan panna aarambichitten, romba pumped up ah irukken","I've started planning for my coding test, I'm really pumped up",career,excited,"coding,excited",low,high,vernacbridge_career_1000.csv
scholarship application fail aayiduma nu romba bayama irukku,I'm really scared that my scholarship application might fail,career,fear,"scholarship,fear",medium,high,vernacbridge_career_1000.csv
referral process decision edukra naala nenachaale nervous ah irukku,I feel nervous just thinking about the day I decide on my referral process,career,fear,"referral,fear",medium,high,vernacbridge_career_1000.csv
probation period eppadi handle pannanum nu confusion ah irukku,I'm confused about how to handle my probation period,career,confused,"probation,confused",medium,high,vernacbridge_career_1000.csv
"resignation letter start aaga innum konjam naal dhaan irukku, romba excited ah irukken","There's only a few days left for my resignation letter to start, I'm really excited",career,excited,"resignation,excited",low,high,vernacbridge_career_1000.csv
job interview pathi ninachaale sad ah irukku,Thinking about my job interview makes me feel sad,career,sad,"job,sad",medium,high,vernacbridge_career_1000.csv
"night shift schedule pathi rendu option irukku, edhu correct nu therila","I have two options for my night shift schedule, not sure which one is right",career,confused,"night,confused",medium,high,vernacbridge_career_1000.csv
entrepreneurship idea continue pannanuma illa mathanuma nu therila,I don't know whether to continue or change my entrepreneurship idea,career,confused,"entrepreneurship,confused",medium,high,vernacbridge_career_1000.csv
"LinkedIn profile konjam kashtama irundhalum, future bright ah irukum nu feel panren","Even though my LinkedIn profile is a bit tough, I feel the future will be bright",career,hopeful,"linkedin,hopeful",low,high,vernacbridge_career_1000.csv
"github profile pathi decide panna help panna yaarum illa, lonely ah irukku","There's no one to help me decide about my github profile, I feel lonely",career,lonely,"github,lonely",medium,high,vernacbridge_career_1000.csv
"appraisal cycle workload adhigama irukku, over stress ah aayiduchu","The workload for my appraisal cycle is too much, I'm extremely stressed",career,stressed,"appraisal,stressed",high,high,vernacbridge_career_1000.csv
business loan expect panna madhiri nalla ah mudinjadhu,"My business loan turned out exactly as I expected, really nice",career,happy,"business,happy",low,high,vernacbridge_career_1000.csv
"campus placement pathi ipo semma confident ah feel panren, happy ah irukku","I feel really confident about my campus placement now, it makes me happy",career,happy,"campus,happy",low,high,vernacbridge_career_1000.csv
visa interview promise pannitu keep pannala nu romba kobam ah irukku,"They promised something about my visa interview and didn't keep it, I'm really angry",career,angry,"visa,angry",medium,high,vernacbridge_career_1000.csv
"skill certification nalla poayiduchu, semma happy ah irukku","My skill certification went really well, I'm so happy",career,happy,"skill,happy",low,high,vernacbridge_career_1000.csv
office politics continue pannanuma illa mathanuma nu therila,I don't know whether to continue or change my office politics,career,confused,"office,confused",medium,high,vernacbridge_career_1000.csv
freelance project pathi nenachaale udane stress varudhu,Just thinking about my freelance project instantly stresses me out,career,stressed,"freelance,stressed",high,high,vernacbridge_career_1000.csv
"aptitude test workload adhigama irukku, over stress ah aayiduchu","The workload for my aptitude test is too much, I'm extremely stressed",career,stressed,"aptitude,stressed",high,high,vernacbridge_career_1000.csv
"freelance project results eppadi vandhalum, naan calm ah dhaan irukken","Whatever the results of my freelance project are, I'm staying calm",career,calm,"freelance,calm",low,high,vernacbridge_career_1000.csv
"office relocation pathi rendu option irukku, edhu correct nu therila","I have two options for my office relocation, not sure which one is right",career,confused,"office,confused",medium,high,vernacbridge_career_1000.csv
"skill certification pathi over thinking pannitu irukken, sleep kooda varala","I've been overthinking about my skill certification, I can't even sleep",career,anxious,"skill,anxious",medium,high,vernacbridge_career_1000.csv
github profile journey la yaarum kooda illa nu feel panren,I feel like no one is with me in this github profile journey,career,lonely,"github,lonely",medium,high,vernacbridge_career_1000.csv
"job interview konjam kashtama irundhalum, future bright ah irukum nu feel panren","Even though my job interview is a bit tough, I feel the future will be bright",career,hopeful,"job,hopeful",low,high,vernacbridge_career_1000.csv
appraisal cycle confirm aayiduchu nu therinja moment romba excited ah aayiduchen,"The moment I found out my appraisal cycle was confirmed, I got really excited",career,excited,"appraisal,excited",low,high,vernacbridge_career_1000.csv
"work life balance pathi rendu option irukku, edhu correct nu therila","I have two options for my work life balance, not sure which one is right",career,confused,"work,confused",medium,high,vernacbridge_career_1000.csv
business plan results pathi nenachaale bayama irukku,Just thinking about my business plan results scares me,career,fear,"business,fear",medium,high,vernacbridge_career_1000.csv
"career switch pathi ipo semma confident ah feel panren, happy ah irukku","I feel really confident about my career switch now, it makes me happy",career,happy,"career,happy",low,high,vernacbridge_career_1000.csv
office politics mudinja pinnadi vazhkai better ah maarum nu nambaren,I believe life will get better once my office politics is done,career,hopeful,"office,hopeful",low,high,vernacbridge_career_1000.csv
joining date mudinja pinnadi vazhkai better ah maarum nu nambaren,I believe life will get better once my joining date is done,career,hopeful,"joining,hopeful",low,high,vernacbridge_career_1000.csv
"exit interview nalla poayiduchu, semma happy ah irukku","My exit interview went really well, I'm so happy",career,happy,"exit,happy",low,high,vernacbridge_career_1000.csv
cover letter interview ku munnadi kai kaal nadunguthu,My hands and legs are shaking before my cover letter,career,fear,"cover,fear",medium,high,vernacbridge_career_1000.csv
referral process nalla mudiyala nu ninachu romba down ah irukken,I'm feeling really down thinking that my referral process didn't go well,career,sad,"referral,sad",medium,high,vernacbridge_career_1000.csv
relocation offer reject aayiduchu nu therinjadhum mind heavy ah aayiduchu,"The moment I found out my relocation offer got rejected, my mind felt heavy",career,sad,"relocation,sad",medium,high,vernacbridge_career_1000.csv
salary negotiation pathi ratha ovvoru naalum tension ah irukku,I feel tense about my salary negotiation every single day,career,anxious,"salary,anxious",medium,high,vernacbridge_career_1000.csv
entrepreneurship idea pathi vera vazhi irundhum sariya decision edukkala nu feel panren,"I feel like I didn't make the right decision about my entrepreneurship idea, even though there were other options",career,guilty,"entrepreneurship,guilty",medium,high,vernacbridge_career_1000.csv
business plan pathi ipozhum yosichaale angry ah aaguthu,"Even now, thinking about my business plan makes me angry",career,angry,"business,angry",medium,high,vernacbridge_career_1000.csv
walk-in interview ku team ah let down pannitten nu guilt irukku,I feel guilty that I let my team down regarding my walk-in interview,career,guilty,"walk-in,guilty",medium,high,vernacbridge_career_1000.csv
team restructuring eppadi handle pannanum nu confusion ah irukku,I'm confused about how to handle my team restructuring,career,confused,"team,confused",medium,high,vernacbridge_career_1000.csv
job interview interview ku munnadi kai kaal nadunguthu,My hands and legs are shaking before my job interview,career,fear,"job,fear",medium,high,vernacbridge_career_1000.csv
networking event pathi share panna oruthar kooda illa,I don't have anyone to share my networking event worries with,career,lonely,"networking,lonely",medium,high,vernacbridge_career_1000.csv
coding test continue pannanuma illa mathanuma nu therila,I don't know whether to continue or change my coding test,career,confused,"coding,confused",medium,high,vernacbridge_career_1000.csv
"promotion round expect panna madhiri nadakala, romba vaguthadhu","My promotion round didn't turn out as I expected, it really disappointed me",career,sad,"promotion,sad",medium,high,vernacbridge_career_1000.csv
"resume update workload adhigama irukku, over stress ah aayiduchu","The workload for my resume update is too much, I'm extremely stressed",career,stressed,"resume,stressed",high,high,vernacbridge_career_1000.csv
"referral process pathi rendu option irukku, edhu correct nu therila","I have two options for my referral process, not sure which one is right",career,confused,"referral,confused",medium,high,vernacbridge_career_1000.csv
"job offer nalla poayiduchu, semma happy ah irukku","My job offer went really well, I'm so happy",career,happy,"job,happy",low,high,vernacbridge_career_1000.csv
exit interview ku team ah let down pannitten nu guilt irukku,I feel guilty that I let my team down regarding my exit interview,career,guilty,"exit,guilty",medium,high,vernacbridge_career_1000.csv
part time job promise pannitu keep pannala nu romba kobam ah irukku,"They promised something about my part time job and didn't keep it, I'm really angry",career,angry,"part,angry",medium,high,vernacbridge_career_1000.csv
"networking event pathi plan panna aarambichitten, romba pumped up ah irukken","I've started planning for my networking event, I'm really pumped up",career,excited,"networking,excited",low,high,vernacbridge_career_1000.csv
notice period nalla mudiyala nu ninachu romba down ah irukken,I'm feeling really down thinking that my notice period didn't go well,career,sad,"notice,sad",medium,high,vernacbridge_career_1000.csv
performance review nalla ah prepare pannama vittutten nu guilt ah irukku,I feel guilty that I didn't prepare well for my performance review,career,guilty,"performance,guilty",medium,high,vernacbridge_career_1000.csv
networking event results pathi nenachaale bayama irukku,Just thinking about my networking event results scares me,career,fear,"networking,fear",medium,high,vernacbridge_career_1000.csv
co-founder issue pathi decision edukka mudiyama irukken innum,I still can't make a decision about my co-founder issue,career,confused,"co-founder,confused",medium,high,vernacbridge_career_1000.csv
technical round decision edukkara naala nalla varum nu wait pandren,I'm waiting hopefully for the day my technical round decision comes,career,hopeful,"technical,hopeful",low,high,vernacbridge_career_1000.csv
sales target pathi ratha ovvoru naalum tension ah irukku,I feel tense about my sales target every single day,career,anxious,"sales,anxious",medium,high,vernacbridge_career_1000.csv
resignation letter nalla ah prepare pannama vittutten nu guilt ah irukku,I feel guilty that I didn't prepare well for my resignation letter,career,guilty,"resignation,guilty",medium,high,vernacbridge_career_1000.csv
"mentorship program deadline nearagudhu, romba stress ah irukku","My mentorship program deadline is approaching, I'm really stressed",career,stressed,"mentorship,stressed",high,high,vernacbridge_career_1000.csv
campus placement ku team ah let down pannitten nu guilt irukku,I feel guilty that I let my team down regarding my campus placement,career,guilty,"campus,guilty",medium,high,vernacbridge_career_1000.csv
job offer nalla ah prepare pannama vittutten nu guilt ah irukku,I feel guilty that I didn't prepare well for my job offer,career,guilty,"job,guilty",medium,high,vernacbridge_career_1000.csv
joining date interview ku munnadi kai kaal nadunguthu,My hands and legs are shaking before my joining date,career,fear,"joining,fear",medium,high,vernacbridge_career_1000.csv
"exit interview pathi over thinking pannitu irukken, sleep kooda varala","I've been overthinking about my exit interview, I can't even sleep",career,anxious,"exit,anxious",medium,high,vernacbridge_career_1000.csv
coding test pathi nyabagam vandha automatic ah excitement varudhu,Just thinking about my coding test gets me excited,career,excited,"coding,excited",low,high,vernacbridge_career_1000.csv
"LinkedIn profile pathi decide panna help panna yaarum illa, lonely ah irukku","There's no one to help me decide about my LinkedIn profile, I feel lonely",career,lonely,"linkedin,lonely",medium,high,vernacbridge_career_1000.csv
sales target nalla mudiyala nu ninachu romba down ah irukken,I'm feeling really down thinking that my sales target didn't go well,career,sad,"sales,sad",medium,high,vernacbridge_career_1000.csv
pay cut pathi vera vazhi irundhum sariya decision edukkala nu feel panren,"I feel like I didn't make the right decision about my pay cut, even though there were other options",career,guilty,"pay,guilty",medium,high,vernacbridge_career_1000.csv
"office relocation pathi ella effort um podren, nalladhu nadakum nu nambikkai irukku","I'm putting in all the effort for my office relocation, I believe good things will happen",career,hopeful,"office,hopeful",low,high,vernacbridge_career_1000.csv
LinkedIn profile pathi nyabagam vandha automatic ah excitement varudhu,Just thinking about my LinkedIn profile gets me excited,career,excited,"linkedin,excited",low,high,vernacbridge_career_1000.csv
training program confirm aayiduchu nu therinja moment romba excited ah aayiduchen,"The moment I found out my training program was confirmed, I got really excited",career,excited,"training,excited",low,high,vernacbridge_career_1000.csv
toxic boss issue pathi negative outcome varumo nu fear ah irukku,I'm scared that my toxic boss issue might have a negative outcome,career,fear,"toxic,fear",medium,high,vernacbridge_career_1000.csv
"cold email for job confirm aaguma nu therila, romba restless ah irukken","I don't know if my cold email for job will be confirmed, I'm feeling really restless",career,anxious,"cold,anxious",medium,high,vernacbridge_career_1000.csv
"salary hike expect panna madhiri nadakala, romba vaguthadhu","My salary hike didn't turn out as I expected, it really disappointed me",career,sad,"salary,sad",medium,high,vernacbridge_career_1000.csv
"training program konjam kashtama irundhalum, future bright ah irukum nu feel panren","Even though my training program is a bit tough, I feel the future will be bright",career,hopeful,"training,hopeful",low,high,vernacbridge_career_1000.csv
freelance project mudinja pinnadi vazhkai better ah maarum nu nambaren,I believe life will get better once my freelance project is done,career,hopeful,"freelance,hopeful",low,high,vernacbridge_career_1000.csv
"salary hike confirm aaguma nu therila, romba restless ah irukken","I don't know if my salary hike will be confirmed, I'm feeling really restless",career,anxious,"salary,anxious",medium,high,vernacbridge_career_1000.csv
resume update promise pannitu keep pannala nu romba kobam ah irukku,"They promised something about my resume update and didn't keep it, I'm really angry",career,angry,"resume,angry",medium,high,vernacbridge_career_1000.csv
"bonus payout pathi ipo tension illa, mind calm ah irukku","I don't feel tense about my bonus payout anymore, my mind feels calm",career,calm,"bonus,calm",low,high,vernacbridge_career_1000.csv
final offer letter fail aayiduma nu romba bayama irukku,I'm really scared that my final offer letter might fail,career,fear,"final,fear",medium,high,vernacbridge_career_1000.csv
"entrepreneurship idea pathi negative aana vishayam kekkalam, aana naan hopeful ah dhaan irukken","I might hear negative things about my entrepreneurship idea, but I'm staying hopeful",career,hopeful,"entrepreneurship,hopeful",low,high,vernacbridge_career_1000.csv
client meeting pathi ratha ovvoru naalum tension ah irukku,I feel tense about my client meeting every single day,career,anxious,"client,anxious",medium,high,vernacbridge_career_1000.csv
resignation letter ku team ah let down pannitten nu guilt irukku,I feel guilty that I let my team down regarding my resignation letter,career,guilty,"resignation,guilty",medium,high,vernacbridge_career_1000.csv
github profile pathi ninachaale sad ah irukku,Thinking about my github profile makes me feel sad,career,sad,"github,sad",medium,high,vernacbridge_career_1000.csv
"bonus payout pathi rendu option irukku, edhu correct nu therila","I have two options for my bonus payout, not sure which one is right",career,confused,"bonus,confused",medium,high,vernacbridge_career_1000.csv
"resignation letter results eppadi vandhalum, naan calm ah dhaan irukken","Whatever the results of my resignation letter are, I'm staying calm",career,calm,"resignation,calm",low,high,vernacbridge_career_1000.csv
"cold email for job pathi nalla news kidaichu, romba santhosham","I got good news about my cold email for job, I'm really happy",career,happy,"cold,happy",low,high,vernacbridge_career_1000.csv
scholarship application pathi ratha ovvoru naalum tension ah irukku,I feel tense about my scholarship application every single day,career,anxious,"scholarship,anxious",medium,high,vernacbridge_career_1000.csv
"work from home policy pathi over thinking pannitu irukken, sleep kooda varala","I've been overthinking about my work from home policy, I can't even sleep",career,anxious,"work,anxious",medium,high,vernacbridge_career_1000.csv
remote job interview ku munnadi kai kaal nadunguthu,My hands and legs are shaking before my remote job,career,fear,"remote,fear",medium,high,vernacbridge_career_1000.csv
contract renewal continue pannanuma illa mathanuma nu therila,I don't know whether to continue or change my contract renewal,career,confused,"contract,confused",medium,high,vernacbridge_career_1000.csv
"job interview results ku wait pandren, semma thrill ah irukku","I'm waiting for my job interview results, feeling a real thrill",career,excited,"job,excited",low,high,vernacbridge_career_1000.csv
"relocation offer deadline nearagudhu, romba stress ah irukku","My relocation offer deadline is approaching, I'm really stressed",career,stressed,"relocation,stressed",high,high,vernacbridge_career_1000.csv
"business loan pathi yosichu yosichu ipo oru clarity vandhuchu, mind settle aayiduchu","After thinking a lot about my business loan, I finally got clarity and my mind settled",career,calm,"business,calm",low,high,vernacbridge_career_1000.csv
incentive structure mudinja pinnadi vazhkai better ah maarum nu nambaren,I believe life will get better once my incentive structure is done,career,hopeful,"incentive,hopeful",low,high,vernacbridge_career_1000.csv
hybrid work policy pathi share panna oruthar kooda illa,I don't have anyone to share my hybrid work policy worries with,career,lonely,"hybrid,lonely",medium,high,vernacbridge_career_1000.csv
hybrid work policy pathi nenachaale udane stress varudhu,Just thinking about my hybrid work policy instantly stresses me out,career,stressed,"hybrid,stressed",high,high,vernacbridge_career_1000.csv
"work life balance expect panna madhiri nadakala, romba vaguthadhu","My work life balance didn't turn out as I expected, it really disappointed me",career,sad,"work,sad",medium,high,vernacbridge_career_1000.csv
work life balance results pathi nenachaale bayama irukku,Just thinking about my work life balance results scares me,career,fear,"work,fear",medium,high,vernacbridge_career_1000.csv
"business plan pathi nalla news kidaichu, romba santhosham","I got good news about my business plan, I'm really happy",career,happy,"business,happy",low,high,vernacbridge_career_1000.csv
"office relocation expect panna madhiri nadakala, romba vaguthadhu","My office relocation didn't turn out as I expected, it really disappointed me",career,sad,"office,sad",medium,high,vernacbridge_career_1000.csv
investor pitch nalla ah prepare pannama vittutten nu guilt ah irukku,I feel guilty that I didn't prepare well for my investor pitch,career,guilty,"investor,guilty",medium,high,vernacbridge_career_1000.csv
incentive structure pathi vera vazhi irundhum sariya decision edukkala nu feel panren,"I feel like I didn't make the right decision about my incentive structure, even though there were other options",career,guilty,"incentive,guilty",medium,high,vernacbridge_career_1000.csv
"higher studies plan pathi over thinking pannitu irukken, sleep kooda varala","I've been overthinking about my higher studies plan, I can't even sleep",career,anxious,"higher,anxious",medium,high,vernacbridge_career_1000.csv
career switch pathi nyabagam vandha automatic ah excitement varudhu,Just thinking about my career switch gets me excited,career,excited,"career,excited",low,high,vernacbridge_career_1000.csv
"night shift schedule deadline nearagudhu, romba stress ah irukku","My night shift schedule deadline is approaching, I'm really stressed",career,stressed,"night,stressed",high,high,vernacbridge_career_1000.csv
skill gap pathi negative outcome varumo nu fear ah irukku,I'm scared that my skill gap might have a negative outcome,career,fear,"skill,fear",medium,high,vernacbridge_career_1000.csv
night shift schedule pathi nenachaale udane stress varudhu,Just thinking about my night shift schedule instantly stresses me out,career,stressed,"night,stressed",high,high,vernacbridge_career_1000.csv
"remote job balance panna mudiyama, mental ah exhaust ah irukken","I'm unable to balance my remote job, I'm mentally exhausted",career,stressed,"remote,stressed",high,high,vernacbridge_career_1000.csv
"business loss pathi ipo semma confident ah feel panren, happy ah irukku","I feel really confident about my business loss now, it makes me happy",career,happy,"business,happy",low,high,vernacbridge_career_1000.csv
"cover letter pathi decide panna help panna yaarum illa, lonely ah irukku","There's no one to help me decide about my cover letter, I feel lonely",career,lonely,"cover,lonely",medium,high,vernacbridge_career_1000.csv
"skill gap balance panna mudiyama, mental ah exhaust ah irukken","I'm unable to balance my skill gap, I'm mentally exhausted",career,stressed,"skill,stressed",high,high,vernacbridge_career_1000.csv
overtime work journey la yaarum kooda illa nu feel panren,I feel like no one is with me in this overtime work journey,career,lonely,"overtime,lonely",medium,high,vernacbridge_career_1000.csv
quarterly review pathi nenachaale udane stress varudhu,Just thinking about my quarterly review instantly stresses me out,career,stressed,"quarterly,stressed",high,high,vernacbridge_career_1000.csv
"cover letter workload adhigama irukku, over stress ah aayiduchu","The workload for my cover letter is too much, I'm extremely stressed",career,stressed,"cover,stressed",high,high,vernacbridge_career_1000.csv
relocation offer fail aayiduma nu romba bayama irukku,I'm really scared that my relocation offer might fail,career,fear,"relocation,fear",medium,high,vernacbridge_career_1000.csv
promotion round pathi ninachaale sad ah irukku,Thinking about my promotion round makes me feel sad,career,sad,"promotion,sad",medium,high,vernacbridge_career_1000.csv
group discussion round result eppo varum nu wait panni panni anxiety adhigama aayiduchu,Waiting for my group discussion round result has made me really anxious,career,anxious,"group,anxious",medium,high,vernacbridge_career_1000.csv
"overtime work deadline nearagudhu, romba stress ah irukku","My overtime work deadline is approaching, I'm really stressed",career,stressed,"overtime,stressed",high,high,vernacbridge_career_1000.csv
interview feedback pathi ratha ovvoru naalum tension ah irukku,I feel tense about my interview feedback every single day,career,anxious,"interview,anxious",medium,high,vernacbridge_career_1000.csv
pay cut pathi nyabagam vandha automatic ah excitement varudhu,Just thinking about my pay cut gets me excited,career,excited,"pay,excited",low,high,vernacbridge_career_1000.csv
appraisal cycle expect panna madhiri nalla ah mudinjadhu,"My appraisal cycle turned out exactly as I expected, really nice",career,happy,"appraisal,happy",low,high,vernacbridge_career_1000.csv
interview feedback promise pannitu keep pannala nu romba kobam ah irukku,"They promised something about my interview feedback and didn't keep it, I'm really angry",career,angry,"interview,angry",medium,high,vernacbridge_career_1000.csv
"job fair confirm aaguma nu therila, romba restless ah irukken","I don't know if my job fair will be confirmed, I'm feeling really restless",career,anxious,"job,anxious",medium,high,vernacbridge_career_1000.csv
"appraisal cycle results eppadi vandhalum, naan calm ah dhaan irukken","Whatever the results of my appraisal cycle are, I'm staying calm",career,calm,"appraisal,calm",low,high,vernacbridge_career_1000.csv
product launch decision edukra naala nenachaale nervous ah irukku,I feel nervous just thinking about the day I decide on my product launch,career,fear,"product,fear",medium,high,vernacbridge_career_1000.csv
target pressure eppadi handle pannanum nu confusion ah irukku,I'm confused about how to handle my target pressure,career,confused,"target,confused",medium,high,vernacbridge_career_1000.csv
"job interview nalla poayiduchu, semma happy ah irukku","My job interview went really well, I'm so happy",career,happy,"job,happy",low,high,vernacbridge_career_1000.csv
remote job expect panna madhiri nalla ah mudinjadhu,"My remote job turned out exactly as I expected, really nice",career,happy,"remote,happy",low,high,vernacbridge_career_1000.csv
"scholarship application workload adhigama irukku, over stress ah aayiduchu","The workload for my scholarship application is too much, I'm extremely stressed",career,stressed,"scholarship,stressed",high,high,vernacbridge_career_1000.csv
"appraisal cycle pathi ipo semma confident ah feel panren, happy ah irukku","I feel really confident about my appraisal cycle now, it makes me happy",career,happy,"appraisal,happy",low,high,vernacbridge_career_1000.csv
cover letter pathi ipozhum yosichaale angry ah aaguthu,"Even now, thinking about my cover letter makes me angry",career,angry,"cover,angry",medium,high,vernacbridge_career_1000.csv
night shift schedule pathi decision edukka mudiyama irukken innum,I still can't make a decision about my night shift schedule,career,confused,"night,confused",medium,high,vernacbridge_career_1000.csv
"target pressure start aaga innum konjam naal dhaan irukku, romba excited ah irukken","There's only a few days left for my target pressure to start, I'm really excited",career,excited,"target,excited",low,high,vernacbridge_career_1000.csv
job fair confirm aayiduchu nu therinja moment romba excited ah aayiduchen,"The moment I found out my job fair was confirmed, I got really excited",career,excited,"job,excited",low,high,vernacbridge_career_1000.csv
skill gap time la mistake pannitten nu ippozhum kashtama irukku,I still feel bad that I made a mistake during my skill gap,career,guilty,"skill,guilty",medium,high,vernacbridge_career_1000.csv
job interview pressure ah face panra time la romba thanimai ah irukku,I feel really alone while facing the pressure of my job interview,career,lonely,"job,lonely",medium,high,vernacbridge_career_1000.csv
"background verification deadline nearagudhu, romba stress ah irukku","My background verification deadline is approaching, I'm really stressed",career,stressed,"background,stressed",high,high,vernacbridge_career_1000.csv
project deadline eppadi handle pannanum nu confusion ah irukku,I'm confused about how to handle my project deadline,career,confused,"project,confused",medium,high,vernacbridge_career_1000.csv
technical round pathi nyabagam vandha automatic ah excitement varudhu,Just thinking about my technical round gets me excited,career,excited,"technical,excited",low,high,vernacbridge_career_1000.csv
HR interview pathi negative outcome varumo nu fear ah irukku,I'm scared that my HR interview might have a negative outcome,career,fear,"hr,fear",medium,high,vernacbridge_career_1000.csv
skill gap interview ku munnadi kai kaal nadunguthu,My hands and legs are shaking before my skill gap,career,fear,"skill,fear",medium,high,vernacbridge_career_1000.csv
probation period pressure ah face panra time la romba thanimai ah irukku,I feel really alone while facing the pressure of my probation period,career,lonely,"probation,lonely",medium,high,vernacbridge_career_1000.csv
"contract renewal pathi management sariya handle pannala, romba angry ah irukku","The management didn't handle my contract renewal properly, I'm really angry",career,angry,"contract,angry",medium,high,vernacbridge_career_1000.csv
"networking event nalla poayiduchu, semma happy ah irukku","My networking event went really well, I'm so happy",career,happy,"networking,happy",low,high,vernacbridge_career_1000.csv
"performance appraisal pathi rendu option irukku, edhu correct nu therila","I have two options for my performance appraisal, not sure which one is right",career,confused,"performance,confused",medium,high,vernacbridge_career_1000.csv
"hybrid work policy pathi plan panna aarambichitten, romba pumped up ah irukken","I've started planning for my hybrid work policy, I'm really pumped up",career,excited,"hybrid,excited",low,high,vernacbridge_career_1000.csv
"client meeting confirm aaguma nu therila, romba restless ah irukken","I don't know if my client meeting will be confirmed, I'm feeling really restless",career,anxious,"client,anxious",medium,high,vernacbridge_career_1000.csv
"business loan results eppadi vandhalum, naan calm ah dhaan irukken","Whatever the results of my business loan are, I'm staying calm",career,calm,"business,calm",low,high,vernacbridge_career_1000.csv
performance review decision edukkara naala nalla varum nu wait pandren,I'm waiting hopefully for the day my performance review decision comes,career,hopeful,"performance,hopeful",low,high,vernacbridge_career_1000.csv
client meeting nalla mudiyala nu ninachu romba down ah irukken,I'm feeling really down thinking that my client meeting didn't go well,career,sad,"client,sad",medium,high,vernacbridge_career_1000.csv
"incentive structure nalla plan pannitten, adhanala mind peace ah irukku","I planned my incentive structure well, so my mind feels at peace",career,calm,"incentive,calm",low,high,vernacbridge_career_1000.csv
side hustle results pathi nenachaale bayama irukku,Just thinking about my side hustle results scares me,career,fear,"side,fear",medium,high,vernacbridge_career_1000.csv
"campus placement pathi friends ellarum different advice kudukranga, confuse ah irukku","All my friends are giving different advice about my campus placement, I'm confused",career,confused,"campus,confused",medium,high,vernacbridge_career_1000.csv
campus placement journey la yaarum kooda illa nu feel panren,I feel like no one is with me in this campus placement journey,career,lonely,"campus,lonely",medium,high,vernacbridge_career_1000.csv
"internship offer pathi management sariya handle pannala, romba angry ah irukku","The management didn't handle my internship offer properly, I'm really angry",career,angry,"internship,angry",medium,high,vernacbridge_career_1000.csv
"contract renewal pathi decide panna help panna yaarum illa, lonely ah irukku","There's no one to help me decide about my contract renewal, I feel lonely",career,lonely,"contract,lonely",medium,high,vernacbridge_career_1000.csv
part time job pathi nyabagam vandha automatic ah excitement varudhu,Just thinking about my part time job gets me excited,career,excited,"part,excited",low,high,vernacbridge_career_1000.csv
target pressure pathi vera vazhi irundhum sariya decision edukkala nu feel panren,"I feel like I didn't make the right decision about my target pressure, even though there were other options",career,guilty,"target,guilty",medium,high,vernacbridge_career_1000.csv
"github profile pathi management sariya handle pannala, romba angry ah irukku","The management didn't handle my github profile properly, I'm really angry",career,angry,"github,angry",medium,high,vernacbridge_career_1000.csv
"group discussion round results eppadi vandhalum, naan calm ah dhaan irukken","Whatever the results of my group discussion round are, I'm staying calm",career,calm,"group,calm",low,high,vernacbridge_career_1000.csv
"job interview pathi nalla news kidaichu, romba santhosham","I got good news about my job interview, I'm really happy",career,happy,"job,happy",low,high,vernacbridge_career_1000.csv
"Finally notice period sort aayiduchu, mood set ah irukku","Finally my notice period got sorted out, I'm in a great mood",career,happy,"notice,happy",low,high,vernacbridge_career_1000.csv
side hustle fail aayiduma nu romba bayama irukku,I'm really scared that my side hustle might fail,career,fear,"side,fear",medium,high,vernacbridge_career_1000.csv
"client feedback workload adhigama irukku, over stress ah aayiduchu","The workload for my client feedback is too much, I'm extremely stressed",career,stressed,"client,stressed",high,high,vernacbridge_career_1000.csv
hybrid work policy ku team ah let down pannitten nu guilt irukku,I feel guilty that I let my team down regarding my hybrid work policy,career,guilty,"hybrid,guilty",medium,high,vernacbridge_career_1000.csv
"internship offer balance panna mudiyama, mental ah exhaust ah irukken","I'm unable to balance my internship offer, I'm mentally exhausted",career,stressed,"internship,stressed",high,high,vernacbridge_career_1000.csv
night shift schedule pathi share panna oruthar kooda illa,I don't have anyone to share my night shift schedule worries with,career,lonely,"night,lonely",medium,high,vernacbridge_career_1000.csv
cover letter result eppo varum nu wait panni panni anxiety adhigama aayiduchu,Waiting for my cover letter result has made me really anxious,career,anxious,"cover,anxious",medium,high,vernacbridge_career_1000.csv
freelance project nalla ah prepare pannama vittutten nu guilt ah irukku,I feel guilty that I didn't prepare well for my freelance project,career,guilty,"freelance,guilty",medium,high,vernacbridge_career_1000.csv
"skill gap pathi yosichu yosichu ipo oru clarity vandhuchu, mind settle aayiduchu","After thinking a lot about my skill gap, I finally got clarity and my mind settled",career,calm,"skill,calm",low,high,vernacbridge_career_1000.csv
manager feedback interview ku munnadi kai kaal nadunguthu,My hands and legs are shaking before my manager feedback,career,fear,"manager,fear",medium,high,vernacbridge_career_1000.csv
skill gap reject aayiduchu nu therinjadhum mind heavy ah aayiduchu,"The moment I found out my skill gap got rejected, my mind felt heavy",career,sad,"skill,sad",medium,high,vernacbridge_career_1000.csv
"Finally career switch sort aayiduchu, mood set ah irukku","Finally my career switch got sorted out, I'm in a great mood",career,happy,"career,happy",low,high,vernacbridge_career_1000.csv
freelance project pathi nyabagam vandha automatic ah excitement varudhu,Just thinking about my freelance project gets me excited,career,excited,"freelance,excited",low,high,vernacbridge_career_1000.csv
"client feedback results ku wait pandren, semma thrill ah irukku","I'm waiting for my client feedback results, feeling a real thrill",career,excited,"client,excited",low,high,vernacbridge_career_1000.csv
office politics fail aayiduma nu romba bayama irukku,I'm really scared that my office politics might fail,career,fear,"office,fear",medium,high,vernacbridge_career_1000.csv
skill gap continue pannanuma illa mathanuma nu therila,I don't know whether to continue or change my skill gap,career,confused,"skill,confused",medium,high,vernacbridge_career_1000.csv
target pressure expect panna madhiri nalla ah mudinjadhu,"My target pressure turned out exactly as I expected, really nice",career,happy,"target,happy",low,high,vernacbridge_career_1000.csv
"funding round pathi rendu option irukku, edhu correct nu therila","I have two options for my funding round, not sure which one is right",career,confused,"funding,confused",medium,high,vernacbridge_career_1000.csv
"overtime work pathi management sariya handle pannala, romba angry ah irukku","The management didn't handle my overtime work properly, I'm really angry",career,angry,"overtime,angry",medium,high,vernacbridge_career_1000.csv
office relocation pathi ipozhum yosichaale angry ah aaguthu,"Even now, thinking about my office relocation makes me angry",career,angry,"office,angry",medium,high,vernacbridge_career_1000.csv
freelance project continue pannanuma illa mathanuma nu therila,I don't know whether to continue or change my freelance project,career,confused,"freelance,confused",medium,high,vernacbridge_career_1000.csv
background verification pathi ipozhum yosichaale angry ah aaguthu,"Even now, thinking about my background verification makes me angry",career,angry,"background,angry",medium,high,vernacbridge_career_1000.csv
"Finally HR interview sort aayiduchu, mood set ah irukku","Finally my HR interview got sorted out, I'm in a great mood",career,happy,"hr,happy",low,high,vernacbridge_career_1000.csv
"networking event pathi ella effort um podren, nalladhu nadakum nu nambikkai irukku","I'm putting in all the effort for my networking event, I believe good things will happen",career,hopeful,"networking,hopeful",low,high,vernacbridge_career_1000.csv
"quarterly review pathi friends ellarum different advice kudukranga, confuse ah irukku","All my friends are giving different advice about my quarterly review, I'm confused",career,confused,"quarterly,confused",medium,high,vernacbridge_career_1000.csv
"MBA admission pathi yosichu yosichu ipo oru clarity vandhuchu, mind settle aayiduchu","After thinking a lot about my MBA admission, I finally got clarity and my mind settled",career,calm,"mba,calm",low,high,vernacbridge_career_1000.csv
part time job pressure ah face panra time la romba thanimai ah irukku,I feel really alone while facing the pressure of my part time job,career,lonely,"part,lonely",medium,high,vernacbridge_career_1000.csv
salary hike interview ku munnadi kai kaal nadunguthu,My hands and legs are shaking before my salary hike,career,fear,"salary,fear",medium,high,vernacbridge_career_1000.csv
"probation period pathi ipo tension illa, mind calm ah irukku","I don't feel tense about my probation period anymore, my mind feels calm",career,calm,"probation,calm",low,high,vernacbridge_career_1000.csv
annual review expect panna madhiri nalla ah mudinjadhu,"My annual review turned out exactly as I expected, really nice",career,happy,"annual,happy",low,high,vernacbridge_career_1000.csv
resume update nalla mudiyala nu ninachu romba down ah irukken,I'm feeling really down thinking that my resume update didn't go well,career,sad,"resume,sad",medium,high,vernacbridge_career_1000.csv
performance appraisal mudinja pinnadi vazhkai better ah maarum nu nambaren,I believe life will get better once my performance appraisal is done,career,hopeful,"performance,hopeful",low,high,vernacbridge_career_1000.csv
"toxic boss issue pathi yosichu yosichu ipo oru clarity vandhuchu, mind settle aayiduchu","After thinking a lot about my toxic boss issue, I finally got clarity and my mind settled",career,calm,"toxic,calm",low,high,vernacbridge_career_1000.csv
job fair continue pannanuma illa mathanuma nu therila,I don't know whether to continue or change my job fair,career,confused,"job,confused",medium,high,vernacbridge_career_1000.csv
funding round reject aayiduchu nu therinjadhum mind heavy ah aayiduchu,"The moment I found out my funding round got rejected, my mind felt heavy",career,sad,"funding,sad",medium,high,vernacbridge_career_1000.csv
salary hike result eppo varum nu wait panni panni anxiety adhigama aayiduchu,Waiting for my salary hike result has made me really anxious,career,anxious,"salary,anxious",medium,high,vernacbridge_career_1000.csv
resignation letter promise pannitu keep pannala nu romba kobam ah irukku,"They promised something about my resignation letter and didn't keep it, I'm really angry",career,angry,"resignation,angry",medium,high,vernacbridge_career_1000.csv
investor pitch mudinja pinnadi vazhkai better ah maarum nu nambaren,I believe life will get better once my investor pitch is done,career,hopeful,"investor,hopeful",low,high,vernacbridge_career_1000.csv
"skill certification balance panna mudiyama, mental ah exhaust ah irukken","I'm unable to balance my skill certification, I'm mentally exhausted",career,stressed,"skill,stressed",high,high,vernacbridge_career_1000.csv
cover letter continue pannanuma illa mathanuma nu therila,I don't know whether to continue or change my cover letter,career,confused,"cover,confused",medium,high,vernacbridge_career_1000.csv
"investor pitch pathi ipo semma confident ah feel panren, happy ah irukku","I feel really confident about my investor pitch now, it makes me happy",career,happy,"investor,happy",low,high,vernacbridge_career_1000.csv
performance appraisal fail aayiduma nu romba bayama irukku,I'm really scared that my performance appraisal might fail,career,fear,"performance,fear",medium,high,vernacbridge_career_1000.csv
"manager feedback pathi management sariya handle pannala, romba angry ah irukku","The management didn't handle my manager feedback properly, I'm really angry",career,angry,"manager,angry",medium,high,vernacbridge_career_1000.csv
product launch reject aayiduchu nu therinjadhum mind heavy ah aayiduchu,"The moment I found out my product launch got rejected, my mind felt heavy",career,sad,"product,sad",medium,high,vernacbridge_career_1000.csv
"internship offer start aaga innum konjam naal dhaan irukku, romba excited ah irukken","There's only a few days left for my internship offer to start, I'm really excited",career,excited,"internship,excited",low,high,vernacbridge_career_1000.csv
HR interview pathi ratha ovvoru naalum tension ah irukku,I feel tense about my HR interview every single day,career,anxious,"hr,anxious",medium,high,vernacbridge_career_1000.csv
"layoff round pathi ella effort um podren, nalladhu nadakum nu nambikkai irukku","I'm putting in all the effort for my layoff round, I believe good things will happen",career,hopeful,"layoff,hopeful",low,high,vernacbridge_career_1000.csv
"client meeting pathi ella effort um podren, nalladhu nadakum nu nambikkai irukku","I'm putting in all the effort for my client meeting, I believe good things will happen",career,hopeful,"client,hopeful",low,high,vernacbridge_career_1000.csv
"business loss nalla plan pannitten, adhanala mind peace ah irukku","I planned my business loss well, so my mind feels at peace",career,calm,"business,calm",low,high,vernacbridge_career_1000.csv
"layoff round pathi ipo semma confident ah feel panren, happy ah irukku","I feel really confident about my layoff round now, it makes me happy",career,happy,"layoff,happy",low,high,vernacbridge_career_1000.csv
"work from home policy pathi plan panna aarambichitten, romba pumped up ah irukken","I've started planning for my work from home policy, I'm really pumped up",career,excited,"work,excited",low,high,vernacbridge_career_1000.csv
layoff round promise pannitu keep pannala nu romba kobam ah irukku,"They promised something about my layoff round and didn't keep it, I'm really angry",career,angry,"layoff,angry",medium,high,vernacbridge_career_1000.csv
"scholarship application confirm aaguma nu therila, romba restless ah irukken","I don't know if my scholarship application will be confirmed, I'm feeling really restless",career,anxious,"scholarship,anxious",medium,high,vernacbridge_career_1000.csv
"scholarship application konjam kashtama irundhalum, future bright ah irukum nu feel panren","Even though my scholarship application is a bit tough, I feel the future will be bright",career,hopeful,"scholarship,hopeful",low,high,vernacbridge_career_1000.csv
"side hustle pathi ella effort um podren, nalladhu nadakum nu nambikkai irukku","I'm putting in all the effort for my side hustle, I believe good things will happen",career,hopeful,"side,hopeful",low,high,vernacbridge_career_1000.csv
"team restructuring nalla plan pannitten, adhanala mind peace ah irukku","I planned my team restructuring well, so my mind feels at peace",career,calm,"team,calm",low,high,vernacbridge_career_1000.csv
entrepreneurship idea pathi ninachaale sad ah irukku,Thinking about my entrepreneurship idea makes me feel sad,career,sad,"entrepreneurship,sad",medium,high,vernacbridge_career_1000.csv
"co-founder issue pathi ipo semma confident ah feel panren, happy ah irukku","I feel really confident about my co-founder issue now, it makes me happy",career,happy,"co-founder,happy",low,high,vernacbridge_career_1000.csv
"team restructuring deadline nearagudhu, romba stress ah irukku","My team restructuring deadline is approaching, I'm really stressed",career,stressed,"team,stressed",high,high,vernacbridge_career_1000.csv
"onboarding process balance panna mudiyama, mental ah exhaust ah irukken","I'm unable to balance my onboarding process, I'm mentally exhausted",career,stressed,"onboarding,stressed",high,high,vernacbridge_career_1000.csv
business loss nalla ah prepare pannama vittutten nu guilt ah irukku,I feel guilty that I didn't prepare well for my business loss,career,guilty,"business,guilty",medium,high,vernacbridge_career_1000.csv
"office politics workload adhigama irukku, over stress ah aayiduchu","The workload for my office politics is too much, I'm extremely stressed",career,stressed,"office,stressed",high,high,vernacbridge_career_1000.csv
campus placement continue pannanuma illa mathanuma nu therila,I don't know whether to continue or change my campus placement,career,confused,"campus,confused",medium,high,vernacbridge_career_1000.csv
"cover letter confirm aaguma nu therila, romba restless ah irukken","I don't know if my cover letter will be confirmed, I'm feeling really restless",career,anxious,"cover,anxious",medium,high,vernacbridge_career_1000.csv
"notice period results ku wait pandren, semma thrill ah irukku","I'm waiting for my notice period results, feeling a real thrill",career,excited,"notice,excited",low,high,vernacbridge_career_1000.csv
"office politics pathi management sariya handle pannala, romba angry ah irukku","The management didn't handle my office politics properly, I'm really angry",career,angry,"office,angry",medium,high,vernacbridge_career_1000.csv
appraisal cycle eppadi handle pannanum nu confusion ah irukku,I'm confused about how to handle my appraisal cycle,career,confused,"appraisal,confused",medium,high,vernacbridge_career_1000.csv
"co-founder issue results eppadi vandhalum, naan calm ah dhaan irukken","Whatever the results of my co-founder issue are, I'm staying calm",career,calm,"co-founder,calm",low,high,vernacbridge_career_1000.csv
hybrid work policy pathi decision edukka mudiyama irukken innum,I still can't make a decision about my hybrid work policy,career,confused,"hybrid,confused",medium,high,vernacbridge_career_1000.csv
sales target fail aayiduma nu romba bayama irukku,I'm really scared that my sales target might fail,career,fear,"sales,fear",medium,high,vernacbridge_career_1000.csv
"startup idea nalla plan pannitten, adhanala mind peace ah irukku","I planned my startup idea well, so my mind feels at peace",career,calm,"startup,calm",low,high,vernacbridge_career_1000.csv
product launch expect panna madhiri nalla ah mudinjadhu,"My product launch turned out exactly as I expected, really nice",career,happy,"product,happy",low,high,vernacbridge_career_1000.csv
training program mudinja pinnadi vazhkai better ah maarum nu nambaren,I believe life will get better once my training program is done,career,hopeful,"training,hopeful",low,high,vernacbridge_career_1000.csv
pay cut expect panna madhiri nalla ah mudinjadhu,"My pay cut turned out exactly as I expected, really nice",career,happy,"pay,happy",low,high,vernacbridge_career_1000.csv
walk-in interview continue pannanuma illa mathanuma nu therila,I don't know whether to continue or change my walk-in interview,career,confused,"walk-in,confused",medium,high,vernacbridge_career_1000.csv
scholarship application pathi decision edukka mudiyama irukken innum,I still can't make a decision about my scholarship application,career,confused,"scholarship,confused",medium,high,vernacbridge_career_1000.csv
business loss eppadi handle pannanum nu confusion ah irukku,I'm confused about how to handle my business loss,career,confused,"business,confused",medium,high,vernacbridge_career_1000.csv
"overtime work pathi friends ellarum different advice kudukranga, confuse ah irukku","All my friends are giving different advice about my overtime work, I'm confused",career,confused,"overtime,confused",medium,high,vernacbridge_career_1000.csv
visa interview nalla mudiyala nu ninachu romba down ah irukken,I'm feeling really down thinking that my visa interview didn't go well,career,sad,"visa,sad",medium,high,vernacbridge_career_1000.csv
background verification eppadi handle pannanum nu confusion ah irukku,I'm confused about how to handle my background verification,career,confused,"background,confused",medium,high,vernacbridge_career_1000.csv
"probation period workload adhigama irukku, over stress ah aayiduchu","The workload for my probation period is too much, I'm extremely stressed",career,stressed,"probation,stressed",high,high,vernacbridge_career_1000.csv
"resume update pathi rendu option irukku, edhu correct nu therila","I have two options for my resume update, not sure which one is right",career,confused,"resume,confused",medium,high,vernacbridge_career_1000.csv
startup idea expect panna madhiri nalla ah mudinjadhu,"My startup idea turned out exactly as I expected, really nice",career,happy,"startup,happy",low,high,vernacbridge_career_1000.csv
"github profile confirm aaguma nu therila, romba restless ah irukken","I don't know if my github profile will be confirmed, I'm feeling really restless",career,anxious,"github,anxious",medium,high,vernacbridge_career_1000.csv
manager feedback journey la yaarum kooda illa nu feel panren,I feel like no one is with me in this manager feedback journey,career,lonely,"manager,lonely",medium,high,vernacbridge_career_1000.csv
"startup idea pathi yosichu yosichu ipo oru clarity vandhuchu, mind settle aayiduchu","After thinking a lot about my startup idea, I finally got clarity and my mind settled",career,calm,"startup,calm",low,high,vernacbridge_career_1000.csv
resume update fail aayiduma nu romba bayama irukku,I'm really scared that my resume update might fail,career,fear,"resume,fear",medium,high,vernacbridge_career_1000.csv
"team lead role results eppadi vandhalum, naan calm ah dhaan irukken","Whatever the results of my team lead role are, I'm staying calm",career,calm,"team,calm",low,high,vernacbridge_career_1000.csv
client feedback mudinja pinnadi vazhkai better ah maarum nu nambaren,I believe life will get better once my client feedback is done,career,hopeful,"client,hopeful",low,high,vernacbridge_career_1000.csv
portfolio review success ah mudinjadhu nu kelvi pattu happy ah irukken,"I heard my portfolio review was successful, I'm happy about it",career,happy,"portfolio,happy",low,high,vernacbridge_career_1000.csv
"contract renewal pathi ella effort um podren, nalladhu nadakum nu nambikkai irukku","I'm putting in all the effort for my contract renewal, I believe good things will happen",career,hopeful,"contract,hopeful",low,high,vernacbridge_career_1000.csv
job offer ku team ah let down pannitten nu guilt irukku,I feel guilty that I let my team down regarding my job offer,career,guilty,"job,guilty",medium,high,vernacbridge_career_1000.csv
"product launch pathi ipo semma confident ah feel panren, happy ah irukku","I feel really confident about my product launch now, it makes me happy",career,happy,"product,happy",low,high,vernacbridge_career_1000.csv
relocation offer pathi decision edukka mudiyama irukken innum,I still can't make a decision about my relocation offer,career,confused,"relocation,confused",medium,high,vernacbridge_career_1000.csv
"contract renewal deadline nearagudhu, romba stress ah irukku","My contract renewal deadline is approaching, I'm really stressed",career,stressed,"contract,stressed",high,high,vernacbridge_career_1000.csv
scholarship application promise pannitu keep pannala nu romba kobam ah irukku,"They promised something about my scholarship application and didn't keep it, I'm really angry",career,angry,"scholarship,angry",medium,high,vernacbridge_career_1000.csv
mentorship program journey la yaarum kooda illa nu feel panren,I feel like no one is with me in this mentorship program journey,career,lonely,"mentorship,lonely",medium,high,vernacbridge_career_1000.csv
skill gap pathi decision edukka mudiyama irukken innum,I still can't make a decision about my skill gap,career,confused,"skill,confused",medium,high,vernacbridge_career_1000.csv
business loss result eppo varum nu wait panni panni anxiety adhigama aayiduchu,Waiting for my business loss result has made me really anxious,career,anxious,"business,anxious",medium,high,vernacbridge_career_1000.csv
entrepreneurship idea pathi ipozhum yosichaale angry ah aaguthu,"Even now, thinking about my entrepreneurship idea makes me angry",career,angry,"entrepreneurship,angry",medium,high,vernacbridge_career_1000.csv
job offer success ah mudinjadhu nu kelvi pattu happy ah irukken,"I heard my job offer was successful, I'm happy about it",career,happy,"job,happy",low,high,vernacbridge_career_1000.csv
"appraisal cycle balance panna mudiyama, mental ah exhaust ah irukken","I'm unable to balance my appraisal cycle, I'm mentally exhausted",career,stressed,"appraisal,stressed",high,high,vernacbridge_career_1000.csv
"onboarding process pathi friends ellarum different advice kudukranga, confuse ah irukku","All my friends are giving different advice about my onboarding process, I'm confused",career,confused,"onboarding,confused",medium,high,vernacbridge_career_1000.csv
team restructuring expect panna madhiri nalla ah mudinjadhu,"My team restructuring turned out exactly as I expected, really nice",career,happy,"team,happy",low,high,vernacbridge_career_1000.csv
remote job reject aayiduchu nu therinjadhum mind heavy ah aayiduchu,"The moment I found out my remote job got rejected, my mind felt heavy",career,sad,"remote,sad",medium,high,vernacbridge_career_1000.csv
"technical round pathi friends ellarum different advice kudukranga, confuse ah irukku","All my friends are giving different advice about my technical round, I'm confused",career,confused,"technical,confused",medium,high,vernacbridge_career_1000.csv
"campus placement pathi management sariya handle pannala, romba angry ah irukku","The management didn't handle my campus placement properly, I'm really angry",career,angry,"campus,angry",medium,high,vernacbridge_career_1000.csv
career switch journey la yaarum kooda illa nu feel panren,I feel like no one is with me in this career switch journey,career,lonely,"career,lonely",medium,high,vernacbridge_career_1000.csv
higher studies plan decision edukra naala nenachaale nervous ah irukku,I feel nervous just thinking about the day I decide on my higher studies plan,career,fear,"higher,fear",medium,high,vernacbridge_career_1000.csv
"skill certification start aaga innum konjam naal dhaan irukku, romba excited ah irukken","There's only a few days left for my skill certification to start, I'm really excited",career,excited,"skill,excited",low,high,vernacbridge_career_1000.csv
"coding test pathi management sariya handle pannala, romba angry ah irukku","The management didn't handle my coding test properly, I'm really angry",career,angry,"coding,angry",medium,high,vernacbridge_career_1000.csv
"work life balance deadline nearagudhu, romba stress ah irukku","My work life balance deadline is approaching, I'm really stressed",career,stressed,"work,stressed",high,high,vernacbridge_career_1000.csv
HR interview success ah mudinjadhu nu kelvi pattu happy ah irukken,"I heard my HR interview was successful, I'm happy about it",career,happy,"hr,happy",low,high,vernacbridge_career_1000.csv
co-founder issue ku team ah let down pannitten nu guilt irukku,I feel guilty that I let my team down regarding my co-founder issue,career,guilty,"co-founder,guilty",medium,high,vernacbridge_career_1000.csv
"layoff round expect panna madhiri nadakala, romba vaguthadhu","My layoff round didn't turn out as I expected, it really disappointed me",career,sad,"layoff,sad",medium,high,vernacbridge_career_1000.csv
"mentorship program workload adhigama irukku, over stress ah aayiduchu","The workload for my mentorship program is too much, I'm extremely stressed",career,stressed,"mentorship,stressed",high,high,vernacbridge_career_1000.csv
overtime work ku team ah let down pannitten nu guilt irukku,I feel guilty that I let my team down regarding my overtime work,career,guilty,"overtime,guilty",medium,high,vernacbridge_career_1000.csv
"remote job results ku wait pandren, semma thrill ah irukku","I'm waiting for my remote job results, feeling a real thrill",career,excited,"remote,excited",low,high,vernacbridge_career_1000.csv
"night shift schedule workload adhigama irukku, over stress ah aayiduchu","The workload for my night shift schedule is too much, I'm extremely stressed",career,stressed,"night,stressed",high,high,vernacbridge_career_1000.csv
"overtime work pathi yosichu yosichu ipo oru clarity vandhuchu, mind settle aayiduchu","After thinking a lot about my overtime work, I finally got clarity and my mind settled",career,calm,"overtime,calm",low,high,vernacbridge_career_1000.csv
freelance project journey la yaarum kooda illa nu feel panren,I feel like no one is with me in this freelance project journey,career,lonely,"freelance,lonely",medium,high,vernacbridge_career_1000.csv
"higher studies plan pathi ipo tension illa, mind calm ah irukku","I don't feel tense about my higher studies plan anymore, my mind feels calm",career,calm,"higher,calm",low,high,vernacbridge_career_1000.csv
"coding test pathi over thinking pannitu irukken, sleep kooda varala","I've been overthinking about my coding test, I can't even sleep",career,anxious,"coding,anxious",medium,high,vernacbridge_career_1000.csv
MBA admission expect panna madhiri nalla ah mudinjadhu,"My MBA admission turned out exactly as I expected, really nice",career,happy,"mba,happy",low,high,vernacbridge_career_1000.csv
visa interview decision edukkara naala nalla varum nu wait pandren,I'm waiting hopefully for the day my visa interview decision comes,career,hopeful,"visa,hopeful",low,high,vernacbridge_career_1000.csv
onboarding process success ah mudinjadhu nu kelvi pattu happy ah irukken,"I heard my onboarding process was successful, I'm happy about it",career,happy,"onboarding,happy",low,high,vernacbridge_career_1000.csv
"hybrid work policy konjam kashtama irundhalum, future bright ah irukum nu feel panren","Even though my hybrid work policy is a bit tough, I feel the future will be bright",career,hopeful,"hybrid,hopeful",low,high,vernacbridge_career_1000.csv
layoff round time la mistake pannitten nu ippozhum kashtama irukku,I still feel bad that I made a mistake during my layoff round,career,guilty,"layoff,guilty",medium,high,vernacbridge_career_1000.csv
business loan pathi share panna oruthar kooda illa,I don't have anyone to share my business loan worries with,career,lonely,"business,lonely",medium,high,vernacbridge_career_1000.csv
HR interview continue pannanuma illa mathanuma nu therila,I don't know whether to continue or change my HR interview,career,confused,"hr,confused",medium,high,vernacbridge_career_1000.csv
salary negotiation ku team ah let down pannitten nu guilt irukku,I feel guilty that I let my team down regarding my salary negotiation,career,guilty,"salary,guilty",medium,high,vernacbridge_career_1000.csv
"incentive structure workload adhigama irukku, over stress ah aayiduchu","The workload for my incentive structure is too much, I'm extremely stressed",career,stressed,"incentive,stressed",high,high,vernacbridge_career_1000.csv
"team lead role pathi nalla news kidaichu, romba santhosham","I got good news about my team lead role, I'm really happy",career,happy,"team,happy",low,high,vernacbridge_career_1000.csv
"scholarship application nalla plan pannitten, adhanala mind peace ah irukku","I planned my scholarship application well, so my mind feels at peace",career,calm,"scholarship,calm",low,high,vernacbridge_career_1000.csv
toxic boss issue pathi ratha ovvoru naalum tension ah irukku,I feel tense about my toxic boss issue every single day,career,anxious,"toxic,anxious",medium,high,vernacbridge_career_1000.csv
aptitude test ku team ah let down pannitten nu guilt irukku,I feel guilty that I let my team down regarding my aptitude test,career,guilty,"aptitude,guilty",medium,high,vernacbridge_career_1000.csv
final offer letter pathi ipozhum yosichaale angry ah aaguthu,"Even now, thinking about my final offer letter makes me angry",career,angry,"final,angry",medium,high,vernacbridge_career_1000.csv
joining date pressure ah face panra time la romba thanimai ah irukku,I feel really alone while facing the pressure of my joining date,career,lonely,"joining,lonely",medium,high,vernacbridge_career_1000.csv
final offer letter result eppo varum nu wait panni panni anxiety adhigama aayiduchu,Waiting for my final offer letter result has made me really anxious,career,anxious,"final,anxious",medium,high,vernacbridge_career_1000.csv
joining date confirm aayiduchu nu therinja moment romba excited ah aayiduchen,"The moment I found out my joining date was confirmed, I got really excited",career,excited,"joining,excited",low,high,vernacbridge_career_1000.csv
salary hike time la mistake pannitten nu ippozhum kashtama irukku,I still feel bad that I made a mistake during my salary hike,career,guilty,"salary,guilty",medium,high,vernacbridge_career_1000.csv
"work from home policy results eppadi vandhalum, naan calm ah dhaan irukken","Whatever the results of my work from home policy are, I'm staying calm",career,calm,"work,calm",low,high,vernacbridge_career_1000.csv
"relocation offer pathi negative aana vishayam kekkalam, aana naan hopeful ah dhaan irukken","I might hear negative things about my relocation offer, but I'm staying hopeful",career,hopeful,"relocation,hopeful",low,high,vernacbridge_career_1000.csv
"salary negotiation results ku wait pandren, semma thrill ah irukku","I'm waiting for my salary negotiation results, feeling a real thrill",career,excited,"salary,excited",low,high,vernacbridge_career_1000.csv
"pay cut konjam kashtama irundhalum, future bright ah irukum nu feel panren","Even though my pay cut is a bit tough, I feel the future will be bright",career,hopeful,"pay,hopeful",low,high,vernacbridge_career_1000.csv
"business loss start aaga innum konjam naal dhaan irukku, romba excited ah irukken","There's only a few days left for my business loss to start, I'm really excited",career,excited,"business,excited",low,high,vernacbridge_career_1000.csv
"background verification konjam kashtama irundhalum, future bright ah irukum nu feel panren","Even though my background verification is a bit tough, I feel the future will be bright",career,hopeful,"background,hopeful",low,high,vernacbridge_career_1000.csv
technical round pathi vera vazhi irundhum sariya decision edukkala nu feel panren,"I feel like I didn't make the right decision about my technical round, even though there were other options",career,guilty,"technical,guilty",medium,high,vernacbridge_career_1000.csv
referral process pathi negative outcome varumo nu fear ah irukku,I'm scared that my referral process might have a negative outcome,career,fear,"referral,fear",medium,high,vernacbridge_career_1000.csv
job fair pathi share panna oruthar kooda illa,I don't have anyone to share my job fair worries with,career,lonely,"job,lonely",medium,high,vernacbridge_career_1000.csv
annual review pathi negative outcome varumo nu fear ah irukku,I'm scared that my annual review might have a negative outcome,career,fear,"annual,fear",medium,high,vernacbridge_career_1000.csv
incentive structure expect panna madhiri nalla ah mudinjadhu,"My incentive structure turned out exactly as I expected, really nice",career,happy,"incentive,happy",low,high,vernacbridge_career_1000.csv
"freelance project pathi negative aana vishayam kekkalam, aana naan hopeful ah dhaan irukken","I might hear negative things about my freelance project, but I'm staying hopeful",career,hopeful,"freelance,hopeful",low,high,vernacbridge_career_1000.csv
walk-in interview pathi ratha ovvoru naalum tension ah irukku,I feel tense about my walk-in interview every single day,career,anxious,"walk-in,anxious",medium,high,vernacbridge_career_1000.csv
interview feedback journey la yaarum kooda illa nu feel panren,I feel like no one is with me in this interview feedback journey,career,lonely,"interview,lonely",medium,high,vernacbridge_career_1000.csv
networking event nalla ah prepare pannama vittutten nu guilt ah irukku,I feel guilty that I didn't prepare well for my networking event,career,guilty,"networking,guilty",medium,high,vernacbridge_career_1000.csv
mentorship program results pathi nenachaale bayama irukku,Just thinking about my mentorship program results scares me,career,fear,"mentorship,fear",medium,high,vernacbridge_career_1000.csv
"relocation offer konjam kashtama irundhalum, future bright ah irukum nu feel panren","Even though my relocation offer is a bit tough, I feel the future will be bright",career,hopeful,"relocation,hopeful",low,high,vernacbridge_career_1000.csv
"remote job konjam kashtama irundhalum, future bright ah irukum nu feel panren","Even though my remote job is a bit tough, I feel the future will be bright",career,hopeful,"remote,hopeful",low,high,vernacbridge_career_1000.csv
salary hike pathi vera vazhi irundhum sariya decision edukkala nu feel panren,"I feel like I didn't make the right decision about my salary hike, even though there were other options",career,guilty,"salary,guilty",medium,high,vernacbridge_career_1000.csv
"training program confirm aaguma nu therila, romba restless ah irukken","I don't know if my training program will be confirmed, I'm feeling really restless",career,anxious,"training,anxious",medium,high,vernacbridge_career_1000.csv
"exit interview pathi friends ellarum different advice kudukranga, confuse ah irukku","All my friends are giving different advice about my exit interview, I'm confused",career,confused,"exit,confused",medium,high,vernacbridge_career_1000.csv
"quarterly review konjam kashtama irundhalum, future bright ah irukum nu feel panren","Even though my quarterly review is a bit tough, I feel the future will be bright",career,hopeful,"quarterly,hopeful",low,high,vernacbridge_career_1000.csv
"salary hike pathi ella effort um podren, nalladhu nadakum nu nambikkai irukku","I'm putting in all the effort for my salary hike, I believe good things will happen",career,hopeful,"salary,hopeful",low,high,vernacbridge_career_1000.csv
annual review interview ku munnadi kai kaal nadunguthu,My hands and legs are shaking before my annual review,career,fear,"annual,fear",medium,high,vernacbridge_career_1000.csv
networking event result eppo varum nu wait panni panni anxiety adhigama aayiduchu,Waiting for my networking event result has made me really anxious,career,anxious,"networking,anxious",medium,high,vernacbridge_career_1000.csv
"higher studies plan nalla poayiduchu, semma happy ah irukku","My higher studies plan went really well, I'm so happy",career,happy,"higher,happy",low,high,vernacbridge_career_1000.csv
"cold email for job pathi over thinking pannitu irukken, sleep kooda varala","I've been overthinking about my cold email for job, I can't even sleep",career,anxious,"cold,anxious",medium,high,vernacbridge_career_1000.csv
"mentorship program pathi nalla news kidaichu, romba santhosham","I got good news about my mentorship program, I'm really happy",career,happy,"mentorship,happy",low,high,vernacbridge_career_1000.csv
"part time job pathi plan panna aarambichitten, romba pumped up ah irukken","I've started planning for my part time job, I'm really pumped up",career,excited,"part,excited",low,high,vernacbridge_career_1000.csv
"entrepreneurship idea nalla plan pannitten, adhanala mind peace ah irukku","I planned my entrepreneurship idea well, so my mind feels at peace",career,calm,"entrepreneurship,calm",low,high,vernacbridge_career_1000.csv
notice period time la mistake pannitten nu ippozhum kashtama irukku,I still feel bad that I made a mistake during my notice period,career,guilty,"notice,guilty",medium,high,vernacbridge_career_1000.csv
career switch decision edukkara naala nalla varum nu wait pandren,I'm waiting hopefully for the day my career switch decision comes,career,hopeful,"career,hopeful",low,high,vernacbridge_career_1000.csv
github profile nalla ah prepare pannama vittutten nu guilt ah irukku,I feel guilty that I didn't prepare well for my github profile,career,guilty,"github,guilty",medium,high,vernacbridge_career_1000.csv
"onboarding process deadline nearagudhu, romba stress ah irukku","My onboarding process deadline is approaching, I'm really stressed",career,stressed,"onboarding,stressed",high,high,vernacbridge_career_1000.csv
background verification nalla mudiyala nu ninachu romba down ah irukken,I'm feeling really down thinking that my background verification didn't go well,career,sad,"background,sad",medium,high,vernacbridge_career_1000.csv
"walk-in interview expect panna madhiri nadakala, romba vaguthadhu","My walk-in interview didn't turn out as I expected, it really disappointed me",career,sad,"walk-in,sad",medium,high,vernacbridge_career_1000.csv
"sales target nalla poayiduchu, semma happy ah irukku","My sales target went really well, I'm so happy",career,happy,"sales,happy",low,high,vernacbridge_career_1000.csv
"Finally skill gap sort aayiduchu, mood set ah irukku","Finally my skill gap got sorted out, I'm in a great mood",career,happy,"skill,happy",low,high,vernacbridge_career_1000.csv
networking event promise pannitu keep pannala nu romba kobam ah irukku,"They promised something about my networking event and didn't keep it, I'm really angry",career,angry,"networking,angry",medium,high,vernacbridge_career_1000.csv
walk-in interview decision edukkara naala nalla varum nu wait pandren,I'm waiting hopefully for the day my walk-in interview decision comes,career,hopeful,"walk-in,hopeful",low,high,vernacbridge_career_1000.csv
team lead role pathi ninachaale sad ah irukku,Thinking about my team lead role makes me feel sad,career,sad,"team,sad",medium,high,vernacbridge_career_1000.csv
"pay cut balance panna mudiyama, mental ah exhaust ah irukken","I'm unable to balance my pay cut, I'm mentally exhausted",career,stressed,"pay,stressed",high,high,vernacbridge_career_1000.csv
"notice period start aaga innum konjam naal dhaan irukku, romba excited ah irukken","There's only a few days left for my notice period to start, I'm really excited",career,excited,"notice,excited",low,high,vernacbridge_career_1000.csv
incentive structure ku team ah let down pannitten nu guilt irukku,I feel guilty that I let my team down regarding my incentive structure,career,guilty,"incentive,guilty",medium,high,vernacbridge_career_1000.csv
"LinkedIn profile pathi ipo semma confident ah feel panren, happy ah irukku","I feel really confident about my LinkedIn profile now, it makes me happy",career,happy,"linkedin,happy",low,high,vernacbridge_career_1000.csv
job fair reject aayiduchu nu therinjadhum mind heavy ah aayiduchu,"The moment I found out my job fair got rejected, my mind felt heavy",career,sad,"job,sad",medium,high,vernacbridge_career_1000.csv
"Finally hybrid work policy sort aayiduchu, mood set ah irukku","Finally my hybrid work policy got sorted out, I'm in a great mood",career,happy,"hybrid,happy",low,high,vernacbridge_career_1000.csv
"performance appraisal deadline nearagudhu, romba stress ah irukku","My performance appraisal deadline is approaching, I'm really stressed",career,stressed,"performance,stressed",high,high,vernacbridge_career_1000.csv
background verification pathi nyabagam vandha automatic ah excitement varudhu,Just thinking about my background verification gets me excited,career,excited,"background,excited",low,high,vernacbridge_career_1000.csv
"layoff round nalla poayiduchu, semma happy ah irukku","My layoff round went really well, I'm so happy",career,happy,"layoff,happy",low,high,vernacbridge_career_1000.csv
"side hustle start aaga innum konjam naal dhaan irukku, romba excited ah irukken","There's only a few days left for my side hustle to start, I'm really excited",career,excited,"side,excited",low,high,vernacbridge_career_1000.csv
skill certification result eppo varum nu wait panni panni anxiety adhigama aayiduchu,Waiting for my skill certification result has made me really anxious,career,anxious,"skill,anxious",medium,high,vernacbridge_career_1000.csv
promotion round pathi nenachaale udane stress varudhu,Just thinking about my promotion round instantly stresses me out,career,stressed,"promotion,stressed",high,high,vernacbridge_career_1000.csv
"exit interview pathi ipo tension illa, mind calm ah irukku","I don't feel tense about my exit interview anymore, my mind feels calm",career,calm,"exit,calm",low,high,vernacbridge_career_1000.csv
remote job promise pannitu keep pannala nu romba kobam ah irukku,"They promised something about my remote job and didn't keep it, I'm really angry",career,angry,"remote,angry",medium,high,vernacbridge_career_1000.csv
"entrepreneurship idea pathi decide panna help panna yaarum illa, lonely ah irukku","There's no one to help me decide about my entrepreneurship idea, I feel lonely",career,lonely,"entrepreneurship,lonely",medium,high,vernacbridge_career_1000.csv
"funding round results eppadi vandhalum, naan calm ah dhaan irukken","Whatever the results of my funding round are, I'm staying calm",career,calm,"funding,calm",low,high,vernacbridge_career_1000.csv
"interview feedback pathi ipo semma confident ah feel panren, happy ah irukku","I feel really confident about my interview feedback now, it makes me happy",career,happy,"interview,happy",low,high,vernacbridge_career_1000.csv
"product launch pathi negative aana vishayam kekkalam, aana naan hopeful ah dhaan irukken","I might hear negative things about my product launch, but I'm staying hopeful",career,hopeful,"product,hopeful",low,high,vernacbridge_career_1000.csv
part time job pathi ninachaale sad ah irukku,Thinking about my part time job makes me feel sad,career,sad,"part,sad",medium,high,vernacbridge_career_1000.csv
remote job fail aayiduma nu romba bayama irukku,I'm really scared that my remote job might fail,career,fear,"remote,fear",medium,high,vernacbridge_career_1000.csv
appraisal cycle decision edukra naala nenachaale nervous ah irukku,I feel nervous just thinking about the day I decide on my appraisal cycle,career,fear,"appraisal,fear",medium,high,vernacbridge_career_1000.csv
"office politics nalla poayiduchu, semma happy ah irukku","My office politics went really well, I'm so happy",career,happy,"office,happy",low,high,vernacbridge_career_1000.csv
group discussion round success ah mudinjadhu nu kelvi pattu happy ah irukken,"I heard my group discussion round was successful, I'm happy about it",career,happy,"group,happy",low,high,vernacbridge_career_1000.csv
"side hustle pathi nalla news kidaichu, romba santhosham","I got good news about my side hustle, I'm really happy",career,happy,"side,happy",low,high,vernacbridge_career_1000.csv
"HR interview results eppadi vandhalum, naan calm ah dhaan irukken","Whatever the results of my HR interview are, I'm staying calm",career,calm,"hr,calm",low,high,vernacbridge_career_1000.csv
funding round decision edukkara naala nalla varum nu wait pandren,I'm waiting hopefully for the day my funding round decision comes,career,hopeful,"funding,hopeful",low,high,vernacbridge_career_1000.csv
"team lead role nalla poayiduchu, semma happy ah irukku","My team lead role went really well, I'm so happy",career,happy,"team,happy",low,high,vernacbridge_career_1000.csv
"interview feedback results ku wait pandren, semma thrill ah irukku","I'm waiting for my interview feedback results, feeling a real thrill",career,excited,"interview,excited",low,high,vernacbridge_career_1000.csv
remote job success ah mudinjadhu nu kelvi pattu happy ah irukken,"I heard my remote job was successful, I'm happy about it",career,happy,"remote,happy",low,high,vernacbridge_career_1000.csv
visa interview ku team ah let down pannitten nu guilt irukku,I feel guilty that I let my team down regarding my visa interview,career,guilty,"visa,guilty",medium,high,vernacbridge_career_1000.csv
"Finally cold email for job sort aayiduchu, mood set ah irukku","Finally my cold email for job got sorted out, I'm in a great mood",career,happy,"cold,happy",low,high,vernacbridge_career_1000.csv
"mentorship program pathi ipo semma confident ah feel panren, happy ah irukku","I feel really confident about my mentorship program now, it makes me happy",career,happy,"mentorship,happy",low,high,vernacbridge_career_1000.csv
"office relocation pathi decide panna help panna yaarum illa, lonely ah irukku","There's no one to help me decide about my office relocation, I feel lonely",career,lonely,"office,lonely",medium,high,vernacbridge_career_1000.csv
"startup idea start aaga innum konjam naal dhaan irukku, romba excited ah irukken","There's only a few days left for my startup idea to start, I'm really excited",career,excited,"startup,excited",low,high,vernacbridge_career_1000.csv
business loan reject aayiduchu nu therinjadhum mind heavy ah aayiduchu,"The moment I found out my business loan got rejected, my mind felt heavy",career,sad,"business,sad",medium,high,vernacbridge_career_1000.csv
"business loss konjam kashtama irundhalum, future bright ah irukum nu feel panren","Even though my business loss is a bit tough, I feel the future will be bright",career,hopeful,"business,hopeful",low,high,vernacbridge_career_1000.csv
salary negotiation pathi ninachaale sad ah irukku,Thinking about my salary negotiation makes me feel sad,career,sad,"salary,sad",medium,high,vernacbridge_career_1000.csv
"portfolio review pathi management sariya handle pannala, romba angry ah irukku","The management didn't handle my portfolio review properly, I'm really angry",career,angry,"portfolio,angry",medium,high,vernacbridge_career_1000.csv
cover letter pathi ninachaale sad ah irukku,Thinking about my cover letter makes me feel sad,career,sad,"cover,sad",medium,high,vernacbridge_career_1000.csv
"referral process pathi plan panna aarambichitten, romba pumped up ah irukken","I've started planning for my referral process, I'm really pumped up",career,excited,"referral,excited",low,high,vernacbridge_career_1000.csv
job interview decision edukra naala nenachaale nervous ah irukku,I feel nervous just thinking about the day I decide on my job interview,career,fear,"job,fear",medium,high,vernacbridge_career_1000.csv
client feedback pressure ah face panra time la romba thanimai ah irukku,I feel really alone while facing the pressure of my client feedback,career,lonely,"client,lonely",medium,high,vernacbridge_career_1000.csv
"part time job pathi ella effort um podren, nalladhu nadakum nu nambikkai irukku","I'm putting in all the effort for my part time job, I believe good things will happen",career,hopeful,"part,hopeful",low,high,vernacbridge_career_1000.csv
"higher studies plan expect panna madhiri nadakala, romba vaguthadhu","My higher studies plan didn't turn out as I expected, it really disappointed me",career,sad,"higher,sad",medium,high,vernacbridge_career_1000.csv
manager feedback expect panna madhiri nalla ah mudinjadhu,"My manager feedback turned out exactly as I expected, really nice",career,happy,"manager,happy",low,high,vernacbridge_career_1000.csv
"quarterly review pathi plan panna aarambichitten, romba pumped up ah irukken","I've started planning for my quarterly review, I'm really pumped up",career,excited,"quarterly,excited",low,high,vernacbridge_career_1000.csv
"bonus payout confirm aaguma nu therila, romba restless ah irukken","I don't know if my bonus payout will be confirmed, I'm feeling really restless",career,anxious,"bonus,anxious",medium,high,vernacbridge_career_1000.csv
onboarding process time la mistake pannitten nu ippozhum kashtama irukku,I still feel bad that I made a mistake during my onboarding process,career,guilty,"onboarding,guilty",medium,high,vernacbridge_career_1000.csv
promotion round eppadi handle pannanum nu confusion ah irukku,I'm confused about how to handle my promotion round,career,confused,"promotion,confused",medium,high,vernacbridge_career_1000.csv
pay cut pathi negative outcome varumo nu fear ah irukku,I'm scared that my pay cut might have a negative outcome,career,fear,"pay,fear",medium,high,vernacbridge_career_1000.csv
github profile decision edukra naala nenachaale nervous ah irukku,I feel nervous just thinking about the day I decide on my github profile,career,fear,"github,fear",medium,high,vernacbridge_career_1000.csv
"layoff round pathi over thinking pannitu irukken, sleep kooda varala","I've been overthinking about my layoff round, I can't even sleep",career,anxious,"layoff,anxious",medium,high,vernacbridge_career_1000.csv
"interview feedback pathi friends ellarum different advice kudukranga, confuse ah irukku","All my friends are giving different advice about my interview feedback, I'm confused",career,confused,"interview,confused",medium,high,vernacbridge_career_1000.csv
"business loan pathi rendu option irukku, edhu correct nu therila","I have two options for my business loan, not sure which one is right",career,confused,"business,confused",medium,high,vernacbridge_career_1000.csv
"pay cut results ku wait pandren, semma thrill ah irukku","I'm waiting for my pay cut results, feeling a real thrill",career,excited,"pay,excited",low,high,vernacbridge_career_1000.csv
"LinkedIn profile balance panna mudiyama, mental ah exhaust ah irukken","I'm unable to balance my LinkedIn profile, I'm mentally exhausted",career,stressed,"linkedin,stressed",high,high,vernacbridge_career_1000.csv
co-founder issue reject aayiduchu nu therinjadhum mind heavy ah aayiduchu,"The moment I found out my co-founder issue got rejected, my mind felt heavy",career,sad,"co-founder,sad",medium,high,vernacbridge_career_1000.csv
entrepreneurship idea result eppo varum nu wait panni panni anxiety adhigama aayiduchu,Waiting for my entrepreneurship idea result has made me really anxious,career,anxious,"entrepreneurship,anxious",medium,high,vernacbridge_career_1000.csv
"team restructuring start aaga innum konjam naal dhaan irukku, romba excited ah irukken","There's only a few days left for my team restructuring to start, I'm really excited",career,excited,"team,excited",low,high,vernacbridge_career_1000.csv
client meeting nalla ah prepare pannama vittutten nu guilt ah irukku,I feel guilty that I didn't prepare well for my client meeting,career,guilty,"client,guilty",medium,high,vernacbridge_career_1000.csv
"night shift schedule start aaga innum konjam naal dhaan irukku, romba excited ah irukken","There's only a few days left for my night shift schedule to start, I'm really excited",career,excited,"night,excited",low,high,vernacbridge_career_1000.csv
"pay cut confirm aaguma nu therila, romba restless ah irukken","I don't know if my pay cut will be confirmed, I'm feeling really restless",career,anxious,"pay,anxious",medium,high,vernacbridge_career_1000.csv
"background verification vishayathula unfair ah treat pannanga nu feel panren, romba frustration","I feel like I was treated unfairly regarding my background verification, it's really frustrating",career,angry,"background,angry",medium,high,vernacbridge_career_1000.csv
"side hustle deadline nearagudhu, romba stress ah irukku","My side hustle deadline is approaching, I'm really stressed",career,stressed,"side,stressed",high,high,vernacbridge_career_1000.csv
"business loss results ku wait pandren, semma thrill ah irukku","I'm waiting for my business loss results, feeling a real thrill",career,excited,"business,excited",low,high,vernacbridge_career_1000.csv
work from home policy confirm aayiduchu nu therinja moment romba excited ah aayiduchen,"The moment I found out my work from home policy was confirmed, I got really excited",career,excited,"work,excited",low,high,vernacbridge_career_1000.csv
"technical round pathi ipo semma confident ah feel panren, happy ah irukku","I feel really confident about my technical round now, it makes me happy",career,happy,"technical,happy",low,high,vernacbridge_career_1000.csv
sales target pressure ah face panra time la romba thanimai ah irukku,I feel really alone while facing the pressure of my sales target,career,lonely,"sales,lonely",medium,high,vernacbridge_career_1000.csv
"portfolio review pathi ella effort um podren, nalladhu nadakum nu nambikkai irukku","I'm putting in all the effort for my portfolio review, I believe good things will happen",career,hopeful,"portfolio,hopeful",low,high,vernacbridge_career_1000.csv
performance review eppadi handle pannanum nu confusion ah irukku,I'm confused about how to handle my performance review,career,confused,"performance,confused",medium,high,vernacbridge_career_1000.csv
"HR interview pathi yosichu yosichu ipo oru clarity vandhuchu, mind settle aayiduchu","After thinking a lot about my HR interview, I finally got clarity and my mind settled",career,calm,"hr,calm",low,high,vernacbridge_career_1000.csv
"job interview vishayathula unfair ah treat pannanga nu feel panren, romba frustration","I feel like I was treated unfairly regarding my job interview, it's really frustrating",career,angry,"job,angry",medium,high,vernacbridge_career_1000.csv
"DSA preparation ku nalla prepare aagalaya nu doubt varudhu, anxious ah irukku","I keep doubting whether I've prepared well for my DSA preparation, I'm anxious",education,anxious,"dsa,anxious",medium,high,vernacbridge_education_1000.csv
"seminar pathi yosichaale hands shake aagudhu, romba anxious","My hands shake when I think about my seminar, I'm really anxious",education,anxious,"seminar,anxious",high,high,vernacbridge_education_1000.csv
"communication engineering pathi yosichaale hands shake aagudhu, romba anxious","My hands shake when I think about my communication engineering, I'm really anxious",education,anxious,"communication,anxious",high,high,vernacbridge_education_1000.csv
semester exam la fail aayidumo nu romba bayanthu irukken,I'm really scared that I might fail my semester exam,education,fear,"semester,fear",high,high,vernacbridge_education_1000.csv
"classroom preparation ellam thaniya pannuren, konjam lonely ah irukku","I'm doing all my classroom preparation alone, I feel a bit lonely",education,lonely,"classroom,lonely",medium,high,vernacbridge_education_1000.csv
"Python programming nalla prepare pannitten, ipo calm ah irukken","I've prepared well for my Python programming, I feel calm now",education,calm,"python,calm",low,high,vernacbridge_education_1000.csv
"certification course vishayathula unfair ah treat pannanga nu feel panren, romba frustration","I feel like I was treated unfairly regarding my certification course, it's really frustrating",education,angry,"certification,angry",medium,high,vernacbridge_education_1000.csv
"college pathi teacher solradhukum notes irukradhukum match aagala, confuse ah irukku","What the teacher said about my college doesn't match the notes, I'm confused",education,confused,"college,confused",medium,high,vernacbridge_education_1000.csv
competitive exam preparation romba stress kudukudhu,Preparing for my competitive exam is giving me a lot of stress,education,stressed,"competitive,stressed",high,high,vernacbridge_education_1000.csv
"study motivation discuss panna yarum kedaikala, lonely feel aagudhu","I couldn't find anyone to discuss my study motivation with, I feel lonely",education,lonely,"study,lonely",medium,high,vernacbridge_education_1000.csv
group study preparation romba stress kudukudhu,Preparing for my group study is giving me a lot of stress,education,stressed,"group,stressed",high,high,vernacbridge_education_1000.csv
seminar nalla poidum nu nambikkai irukku,I have hope that my seminar will go well,education,hopeful,"seminar,hopeful",low,high,vernacbridge_education_1000.csv
"electronics subject result nalla vandhudhu, semma happy ah irukken","My electronics subject result came out well, I'm so happy about it",education,happy,"electronics,happy",low,high,vernacbridge_education_1000.csv
"friends ellarum professor pathi busy, naan thaniya irukken","All my friends are busy with their professor, I'm on my own",education,lonely,"professor,lonely",low,high,vernacbridge_education_1000.csv
school preparation romba stress kudukudhu,Preparing for my school is giving me a lot of stress,education,stressed,"school,stressed",high,high,vernacbridge_education_1000.csv
"college discuss panna yarum kedaikala, lonely feel aagudhu","I couldn't find anyone to discuss my college with, I feel lonely",education,lonely,"college,lonely",medium,high,vernacbridge_education_1000.csv
graduation la fail aayiduchen nu therinjadhum mind heavy ah aayiduchu,"The moment I found out I failed my graduation, my mind felt heavy",education,sad,"graduation,sad",medium,high,vernacbridge_education_1000.csv
"school result nalla vandhudhu, semma happy ah irukken","My school result came out well, I'm so happy about it",education,happy,"school,happy",low,high,vernacbridge_education_1000.csv
"AI course ku promise panni miss pannitten, romba guilty ah feel panren","I promised something for my AI course and missed it, I feel really guilty",education,guilty,"ai,guilty",medium,high,vernacbridge_education_1000.csv
"GATE preparation pathi yosichaale hands shake aagudhu, romba anxious","My hands shake when I think about my GATE preparation, I'm really anxious",education,anxious,"gate,anxious",high,high,vernacbridge_education_1000.csv
"electronics subject expect panna madhiri nadakala, romba vaguthadhu","My electronics subject didn't turn out as I expected, it really disappointed me",education,sad,"electronics,sad",medium,high,vernacbridge_education_1000.csv
"presentation preparation ellam thaniya pannuren, konjam lonely ah irukku","I'm doing all my presentation preparation alone, I feel a bit lonely",education,lonely,"presentation,lonely",medium,high,vernacbridge_education_1000.csv
"assignment pathi over thinking pannitu irukken, sleep kooda varala","I've been overthinking about my assignment, I can't even sleep",education,anxious,"assignment,anxious",medium,high,vernacbridge_education_1000.csv
"Python programming pathi ninacha thalai suthudhu, stress ah irukku","My head spins when I think about my Python programming, I'm stressed",education,stressed,"python,stressed",high,high,vernacbridge_education_1000.csv
"university ku register pannitten, romba excited ah irukku","I registered for my university, I'm really excited",education,excited,"university,excited",low,high,vernacbridge_education_1000.csv
"fear of failure pathi teacher venaama kadinama pesinanga, kobama irukku","The teacher spoke harshly to me about my fear of failure for no reason, I'm angry",education,angry,"fear,angry",medium,high,vernacbridge_education_1000.csv
"lab work expect panna madhiri nadakala, romba vaguthadhu","My lab work didn't turn out as I expected, it really disappointed me",education,sad,"lab,sad",medium,high,vernacbridge_education_1000.csv
seminar preparation romba stress kudukudhu,Preparing for my seminar is giving me a lot of stress,education,stressed,"seminar,stressed",high,high,vernacbridge_education_1000.csv
"internship ku parallel ah vera work kooda irukku, stress adhigama irukku","I have other work along with my internship, the stress is very high",education,stressed,"internship,stressed",high,high,vernacbridge_education_1000.csv
arrears la nalla mark varamale poidumo nu bayama irukku,I'm afraid I might not get good marks in my arrears,education,fear,"arrears,fear",medium,high,vernacbridge_education_1000.csv
assignment eppadi start pannanum nu theriyala,I don't know how to start my assignment,education,confused,"assignment,confused",medium,high,vernacbridge_education_1000.csv
"class teacher pathi yosichaale hands shake aagudhu, romba anxious","My hands shake when I think about my class teacher, I'm really anxious",education,anxious,"class,anxious",high,high,vernacbridge_education_1000.csv
electronics subject la parents expectation meet panna mudiyala nu guilt irukku,I feel guilty that I couldn't meet my parents' expectations in my electronics subject,education,guilty,"electronics,guilty",medium,high,vernacbridge_education_1000.csv
"new skill learning konjam kashtama irundhalum, future bright ah irukum nu feel panren","Even though my learning a new skill is a bit tough, I feel the future will be bright",education,hopeful,"new,hopeful",low,high,vernacbridge_education_1000.csv
"electronics subject la nalla opportunity kedaichudhu, semma excited","I got a great opportunity in my electronics subject, I'm so excited",education,excited,"electronics,excited",low,high,vernacbridge_education_1000.csv
academic goal pathi yosichaale nenju padhapadhukudhu,My heart races with fear whenever I think about my academic goal,education,fear,"academic,fear",medium,high,vernacbridge_education_1000.csv
concentration nalla mudinjadhu nu kelvi pattu happy ah irukken,"I heard my concentration went well, I'm happy about it",education,happy,"concentration,happy",low,high,vernacbridge_education_1000.csv
hackathon la nalla mark varamale poidumo nu bayama irukku,I'm afraid I might not get good marks in my hackathon,education,fear,"hackathon,fear",medium,high,vernacbridge_education_1000.csv
"competitive exam pathi over thinking pannitu irukken, sleep kooda varala","I've been overthinking about my competitive exam, I can't even sleep",education,anxious,"competitive,anxious",medium,high,vernacbridge_education_1000.csv
"study motivation ku new topics padikka poren nu thonudhu, excited ah irukku",I'm excited thinking about the new topics I'll learn in my study motivation,education,excited,"study,excited",low,high,vernacbridge_education_1000.csv
"research paper pathi over thinking pannitu irukken, sleep kooda varala","I've been overthinking about my research paper, I can't even sleep",education,anxious,"research,anxious",medium,high,vernacbridge_education_1000.csv
"professor pathi teacher solradhukum notes irukradhukum match aagala, confuse ah irukku","What the teacher said about my professor doesn't match the notes, I'm confused",education,confused,"professor,confused",medium,high,vernacbridge_education_1000.csv
research paper la marks correct ah kudukala nu kobam varudhu,I'm angry that they didn't give correct marks for my research paper,education,angry,"research,angry",medium,high,vernacbridge_education_1000.csv
assignment la fail aayiduchen nu therinjadhum mind heavy ah aayiduchu,"The moment I found out I failed my assignment, my mind felt heavy",education,sad,"assignment,sad",medium,high,vernacbridge_education_1000.csv
new skill learning nalla mudinjadhu nu kelvi pattu happy ah irukken,"I heard my learning a new skill went well, I'm happy about it",education,happy,"new,happy",low,high,vernacbridge_education_1000.csv
arrears nalla mudinjadhu nu kelvi pattu happy ah irukken,"I heard my arrears went well, I'm happy about it",education,happy,"arrears,happy",low,high,vernacbridge_education_1000.csv
arrears la fail aayiduchen nu therinjadhum mind heavy ah aayiduchu,"The moment I found out I failed my arrears, my mind felt heavy",education,sad,"arrears,sad",medium,high,vernacbridge_education_1000.csv
professor nearagudhu nu ninachaale bayam varudhu,I feel scared whenever I think my professor is approaching,education,fear,"professor,fear",medium,high,vernacbridge_education_1000.csv
"friends ellarum electronics subject pathi busy, naan thaniya irukken","All my friends are busy with their electronics subject, I'm on my own",education,lonely,"electronics,lonely",low,high,vernacbridge_education_1000.csv
group study pathi negative outcome varumo nu fear ah irukku,I'm scared that my group study might have a negative outcome,education,fear,"group,fear",medium,high,vernacbridge_education_1000.csv
"higher studies plan syllabus romba periya level la irukku, stress ah irukku","The syllabus for my higher studies plan is huge, I'm stressed",education,stressed,"higher,stressed",medium,high,vernacbridge_education_1000.csv
"communication engineering nalla nadakala, manasu heavy ah irukku","My communication engineering did not go well, my heart feels heavy",education,sad,"communication,sad",medium,high,vernacbridge_education_1000.csv
"placements preparation time la yaarum help panna maatanga, thaniya feel panren","Nobody helps me during my placements preparation, I feel alone",education,lonely,"placements,lonely",medium,high,vernacbridge_education_1000.csv
"university pathi results announce panna poranga, wait pannitu excited ah irukken","They're about to announce university results, I'm waiting excitedly",education,excited,"university,excited",low,high,vernacbridge_education_1000.csv
seminar eppadi start pannanum nu theriyala,I don't know how to start my seminar,education,confused,"seminar,confused",medium,high,vernacbridge_education_1000.csv
"model exam vetri aaga mudinjadhu, happy ah irukku","I managed to succeed in my model exam, I feel happy",education,happy,"model,happy",low,high,vernacbridge_education_1000.csv
classmates result eppo varum nu ninachu anxious ah irukken,I feel anxious wondering when my classmates result will come,education,anxious,"classmates,anxious",medium,high,vernacbridge_education_1000.csv
scholarship result paathu romba sad ah aayiduchen,I felt really sad after seeing my scholarship result,education,sad,"scholarship,sad",medium,high,vernacbridge_education_1000.csv
professor la marks correct ah kudukala nu kobam varudhu,I'm angry that they didn't give correct marks for my professor,education,angry,"professor,angry",medium,high,vernacbridge_education_1000.csv
"fees payment ku promise panni miss pannitten, romba guilty ah feel panren","I promised something for my fees payment and missed it, I feel really guilty",education,guilty,"fees,guilty",medium,high,vernacbridge_education_1000.csv
"workshop la top score vangiten, semma santhosham","I scored the top marks in my workshop, I'm so delighted",education,happy,"workshop,happy",low,high,vernacbridge_education_1000.csv
record work ku team ah let down pannitten nu guilt irukku,I feel guilty that I let my team down regarding my record work,education,guilty,"record,guilty",medium,high,vernacbridge_education_1000.csv
school la enna approach follow pannanum nu confusion irukku,I'm confused about what approach to follow for my school,education,confused,"school,confused",medium,high,vernacbridge_education_1000.csv
"attendance ku promise panni miss pannitten, romba guilty ah feel panren","I promised something for my attendance and missed it, I feel really guilty",education,guilty,"attendance,guilty",medium,high,vernacbridge_education_1000.csv
"coding practice deadline nearagudhu, romba stress ah irukku","My coding practice deadline is approaching, I'm really stressed",education,stressed,"coding,stressed",high,high,vernacbridge_education_1000.csv
"arrears pathi ipo tension illa, mind calm ah irukku","I don't feel tense about my arrears anymore, my mind feels calm",education,calm,"arrears,calm",low,high,vernacbridge_education_1000.csv
research paper nalla poidum nu nambikkai irukku,I have hope that my research paper will go well,education,hopeful,"research,hopeful",low,high,vernacbridge_education_1000.csv
"competitive exam pathi teacher venaama kadinama pesinanga, kobama irukku","The teacher spoke harshly to me about my competitive exam for no reason, I'm angry",education,angry,"competitive,angry",medium,high,vernacbridge_education_1000.csv
classmates eppadi start pannanum nu theriyala,I don't know how to start my classmates,education,confused,"classmates,confused",medium,high,vernacbridge_education_1000.csv
"group study discuss panna yarum kedaikala, lonely feel aagudhu","I couldn't find anyone to discuss my group study with, I feel lonely",education,lonely,"group,lonely",medium,high,vernacbridge_education_1000.csv
higher studies plan pathi ninaicha kobam adangala,My anger doesn't settle down when I think about my higher studies plan,education,angry,"higher,angry",medium,high,vernacbridge_education_1000.csv
project la parents expectation meet panna mudiyala nu guilt irukku,I feel guilty that I couldn't meet my parents' expectations in my project,education,guilty,"project,guilty",medium,high,vernacbridge_education_1000.csv
"workshop konjam kashtama irundhalum, future bright ah irukum nu feel panren","Even though my workshop is a bit tough, I feel the future will be bright",education,hopeful,"workshop,hopeful",low,high,vernacbridge_education_1000.csv
"coding practice pathi pesa yarum illa hostel la, lonely ah irukku","There's no one to talk to about my coding practice in the hostel, I feel lonely",education,lonely,"coding,lonely",medium,high,vernacbridge_education_1000.csv
"Python programming ku new topics padikka poren nu thonudhu, excited ah irukku",I'm excited thinking about the new topics I'll learn in my Python programming,education,excited,"python,excited",low,high,vernacbridge_education_1000.csv
"group study result nalla vandhudhu, semma happy ah irukken","My group study result came out well, I'm so happy about it",education,happy,"group,happy",low,high,vernacbridge_education_1000.csv
university exam ku team ah let down pannitten nu guilt irukku,I feel guilty that I let my team down regarding my university exam,education,guilty,"university,guilty",medium,high,vernacbridge_education_1000.csv
university exam la fail aayiduchen nu therinjadhum mind heavy ah aayiduchu,"The moment I found out I failed my university exam, my mind felt heavy",education,sad,"university,sad",medium,high,vernacbridge_education_1000.csv
"competitive exam pathi teacher solradhukum notes irukradhukum match aagala, confuse ah irukku","What the teacher said about my competitive exam doesn't match the notes, I'm confused",education,confused,"competitive,confused",medium,high,vernacbridge_education_1000.csv
hackathon la fail aayiduchen nu therinjadhum mind heavy ah aayiduchu,"The moment I found out I failed my hackathon, my mind felt heavy",education,sad,"hackathon,sad",medium,high,vernacbridge_education_1000.csv
lab work nalla poidum nu nambikkai irukku,I have hope that my lab work will go well,education,hopeful,"lab,hopeful",low,high,vernacbridge_education_1000.csv
"viva pathi teacher solradhukum notes irukradhukum match aagala, confuse ah irukku","What the teacher said about my viva doesn't match the notes, I'm confused",education,confused,"viva,confused",medium,high,vernacbridge_education_1000.csv
"classmates pathi results announce panna poranga, wait pannitu excited ah irukken","They're about to announce classmates results, I'm waiting excitedly",education,excited,"classmates,excited",low,high,vernacbridge_education_1000.csv
"arrears la nalla opportunity kedaichudhu, semma excited","I got a great opportunity in my arrears, I'm so excited",education,excited,"arrears,excited",low,high,vernacbridge_education_1000.csv
model exam nalla mudinjadhu nu kelvi pattu happy ah irukken,"I heard my model exam went well, I'm happy about it",education,happy,"model,happy",low,high,vernacbridge_education_1000.csv
project la fail aayidumo nu romba bayanthu irukken,I'm really scared that I might fail my project,education,fear,"project,fear",high,high,vernacbridge_education_1000.csv
embedded systems subject la enna approach follow pannanum nu confusion irukku,I'm confused about what approach to follow for my embedded systems subject,education,confused,"embedded,confused",medium,high,vernacbridge_education_1000.csv
"exam stress pathi friends ellarum different advice kudukranga, confuse ah irukku","All my friends are giving different advice about my exam stress, I'm confused",education,confused,"exam,confused",medium,high,vernacbridge_education_1000.csv
"technical symposium pathi over thinking pannitu irukken, sleep kooda varala","I've been overthinking about my technical symposium, I can't even sleep",education,anxious,"technical,anxious",medium,high,vernacbridge_education_1000.csv
fees payment pathi negative outcome varumo nu fear ah irukku,I'm scared that my fees payment might have a negative outcome,education,fear,"fees,fear",medium,high,vernacbridge_education_1000.csv
classmates la nalla mark varamale poidumo nu bayama irukku,I'm afraid I might not get good marks in my classmates,education,fear,"classmates,fear",medium,high,vernacbridge_education_1000.csv
"technical symposium ku nalla prepare aagalaya nu doubt varudhu, anxious ah irukku","I keep doubting whether I've prepared well for my technical symposium, I'm anxious",education,anxious,"technical,anxious",medium,high,vernacbridge_education_1000.csv
competitive exam result paathu romba sad ah aayiduchen,I felt really sad after seeing my competitive exam result,education,sad,"competitive,sad",medium,high,vernacbridge_education_1000.csv
"assignment ku register pannitten, romba excited ah irukku","I registered for my assignment, I'm really excited",education,excited,"assignment,excited",low,high,vernacbridge_education_1000.csv
university exam la enna approach follow pannanum nu confusion irukku,I'm confused about what approach to follow for my university exam,education,confused,"university,confused",medium,high,vernacbridge_education_1000.csv
"homework pathi konjam tension irundhalum, positive ah dhaan irukken","Even with some tension about my homework, I'm staying positive",education,hopeful,"homework,hopeful",low,high,vernacbridge_education_1000.csv
communication engineering result paathu romba sad ah aayiduchen,I felt really sad after seeing my communication engineering result,education,sad,"communication,sad",medium,high,vernacbridge_education_1000.csv
concentration ku team ah let down pannitten nu guilt irukku,I feel guilty that I let my team down regarding my concentration,education,guilty,"concentration,guilty",medium,high,vernacbridge_education_1000.csv
placements preparation la marks correct ah kudukala nu kobam varudhu,I'm angry that they didn't give correct marks for my placements preparation,education,angry,"placements,angry",medium,high,vernacbridge_education_1000.csv
homework preparation romba stress kudukudhu,Preparing for my homework is giving me a lot of stress,education,stressed,"homework,stressed",high,high,vernacbridge_education_1000.csv
"GATE preparation result nalla vandhudhu, semma happy ah irukken","My GATE preparation result came out well, I'm so happy about it",education,happy,"gate,happy",low,high,vernacbridge_education_1000.csv
"professor discuss panna yarum kedaikala, lonely feel aagudhu","I couldn't find anyone to discuss my professor with, I feel lonely",education,lonely,"professor,lonely",medium,high,vernacbridge_education_1000.csv
GATE preparation result paathu romba sad ah aayiduchen,I felt really sad after seeing my GATE preparation result,education,sad,"gate,sad",medium,high,vernacbridge_education_1000.csv
"professor pathi teacher venaama kadinama pesinanga, kobama irukku","The teacher spoke harshly to me about my professor for no reason, I'm angry",education,angry,"professor,angry",medium,high,vernacbridge_education_1000.csv
"group study konjam kashtama irundhalum, future bright ah irukum nu feel panren","Even though my group study is a bit tough, I feel the future will be bright",education,hopeful,"group,hopeful",low,high,vernacbridge_education_1000.csv
"presentation syllabus romba periya level la irukku, stress ah irukku","The syllabus for my presentation is huge, I'm stressed",education,stressed,"presentation,stressed",medium,high,vernacbridge_education_1000.csv
scholarship la fail aayiduchen nu therinjadhum mind heavy ah aayiduchu,"The moment I found out I failed my scholarship, my mind felt heavy",education,sad,"scholarship,sad",medium,high,vernacbridge_education_1000.csv
"higher studies plan start aaga innum konjam naal dhaan irukku, romba excited ah irukken","There's only a few days left for my higher studies plan to start, I'm really excited",education,excited,"higher,excited",low,high,vernacbridge_education_1000.csv
"hackathon result nalla vandhudhu, semma happy ah irukken","My hackathon result came out well, I'm so happy about it",education,happy,"hackathon,happy",low,high,vernacbridge_education_1000.csv
concentration ku sariyaana effort podala nu ippo guilt varudhu,I feel guilty now that I didn't put proper effort into my concentration,education,guilty,"concentration,guilty",medium,high,vernacbridge_education_1000.csv
model exam ku team ah let down pannitten nu guilt irukku,I feel guilty that I let my team down regarding my model exam,education,guilty,"model,guilty",medium,high,vernacbridge_education_1000.csv
"higher studies plan ku parallel ah vera work kooda irukku, stress adhigama irukku","I have other work along with my higher studies plan, the stress is very high",education,stressed,"higher,stressed",high,high,vernacbridge_education_1000.csv
"fear of failure deadline nearagudhu, romba stress ah irukku","My fear of failure deadline is approaching, I'm really stressed",education,stressed,"fear,stressed",high,high,vernacbridge_education_1000.csv
"time management schedule last nimushathula maathitanga, romba irritation","They changed the time management schedule at the last minute, it's really irritating",education,angry,"time,angry",medium,high,vernacbridge_education_1000.csv
school la nalla mark varamale poidumo nu bayama irukku,I'm afraid I might not get good marks in my school,education,fear,"school,fear",medium,high,vernacbridge_education_1000.csv
electronics subject pathi yosikkama calm ah irukka try panren,I'm trying to stay calm without overthinking my electronics subject,education,calm,"electronics,calm",low,high,vernacbridge_education_1000.csv
"friends ellarum school pathi busy, naan thaniya irukken","All my friends are busy with their school, I'm on my own",education,lonely,"school,lonely",low,high,vernacbridge_education_1000.csv
internal exam pathi yosikkama calm ah irukka try panren,I'm trying to stay calm without overthinking my internal exam,education,calm,"internal,calm",low,high,vernacbridge_education_1000.csv
graduation pathi negative outcome varumo nu fear ah irukku,I'm scared that my graduation might have a negative outcome,education,fear,"graduation,fear",medium,high,vernacbridge_education_1000.csv
"electronics subject vetri aaga mudinjadhu, happy ah irukku","I managed to succeed in my electronics subject, I feel happy",education,happy,"electronics,happy",low,high,vernacbridge_education_1000.csv
"group study pathi konjam tension irundhalum, positive ah dhaan irukken","Even with some tension about my group study, I'm staying positive",education,hopeful,"group,hopeful",low,high,vernacbridge_education_1000.csv
"time management syllabus romba periya level la irukku, stress ah irukku","The syllabus for my time management is huge, I'm stressed",education,stressed,"time,stressed",medium,high,vernacbridge_education_1000.csv
"new skill learning pathi pesa yarum illa hostel la, lonely ah irukku","There's no one to talk to about my learning a new skill in the hostel, I feel lonely",education,lonely,"new,lonely",medium,high,vernacbridge_education_1000.csv
presentation la nalla mark varamale poidumo nu bayama irukku,I'm afraid I might not get good marks in my presentation,education,fear,"presentation,fear",medium,high,vernacbridge_education_1000.csv
fees payment result eppo varum nu ninachu anxious ah irukken,I feel anxious wondering when my fees payment result will come,education,anxious,"fees,anxious",medium,high,vernacbridge_education_1000.csv
"project vishayathula unfair ah treat pannanga nu feel panren, romba frustration","I feel like I was treated unfairly regarding my project, it's really frustrating",education,angry,"project,angry",medium,high,vernacbridge_education_1000.csv
"research paper preparation ellam thaniya pannuren, konjam lonely ah irukku","I'm doing all my research paper preparation alone, I feel a bit lonely",education,lonely,"research,lonely",medium,high,vernacbridge_education_1000.csv
"group study la nalla opportunity kedaichudhu, semma excited","I got a great opportunity in my group study, I'm so excited",education,excited,"group,excited",low,high,vernacbridge_education_1000.csv
"internal exam pathi teacher solradhukum notes irukradhukum match aagala, confuse ah irukku","What the teacher said about my internal exam doesn't match the notes, I'm confused",education,confused,"internal,confused",medium,high,vernacbridge_education_1000.csv
"college start aaga innum konjam naal dhaan irukku, romba excited ah irukken","There's only a few days left for my college to start, I'm really excited",education,excited,"college,excited",low,high,vernacbridge_education_1000.csv
"assignment preparation la kadaisi nimusham varaikkum procrastinate pannitten, guilt ah irukku","I procrastinated my assignment preparation till the last minute, I feel guilty",education,guilty,"assignment,guilty",medium,high,vernacbridge_education_1000.csv
"lab work vetri aaga mudinjadhu, happy ah irukku","I managed to succeed in my lab work, I feel happy",education,happy,"lab,happy",low,high,vernacbridge_education_1000.csv
new skill learning pathi negative outcome varumo nu fear ah irukku,I'm scared that my learning a new skill might have a negative outcome,education,fear,"new,fear",medium,high,vernacbridge_education_1000.csv
Python programming nalla poidum nu nambikkai irukku,I have hope that my Python programming will go well,education,hopeful,"python,hopeful",low,high,vernacbridge_education_1000.csv
"fees payment preparation ellam thaniya pannuren, konjam lonely ah irukku","I'm doing all my fees payment preparation alone, I feel a bit lonely",education,lonely,"fees,lonely",medium,high,vernacbridge_education_1000.csv
group study la fail aayiduchen nu therinjadhum mind heavy ah aayiduchu,"The moment I found out I failed my group study, my mind felt heavy",education,sad,"group,sad",medium,high,vernacbridge_education_1000.csv
"communication engineering schedule last nimushathula maathitanga, romba irritation","They changed the communication engineering schedule at the last minute, it's really irritating",education,angry,"communication,angry",medium,high,vernacbridge_education_1000.csv
practical exam pathi ninaicha kobam adangala,My anger doesn't settle down when I think about my practical exam,education,angry,"practical,angry",medium,high,vernacbridge_education_1000.csv
"study motivation pathi friends ellarum different advice kudukranga, confuse ah irukku","All my friends are giving different advice about my study motivation, I'm confused",education,confused,"study,confused",medium,high,vernacbridge_education_1000.csv
"seminar result nalla vandhudhu, semma happy ah irukken","My seminar result came out well, I'm so happy about it",education,happy,"seminar,happy",low,high,vernacbridge_education_1000.csv
"semester exam vishayathula unfair ah treat pannanga nu feel panren, romba frustration","I feel like I was treated unfairly regarding my semester exam, it's really frustrating",education,angry,"semester,angry",medium,high,vernacbridge_education_1000.csv
"professor nearagunna nenju padhapadhukudhu, anxious ah irukku","My heart races as my professor approaches, I feel anxious",education,anxious,"professor,anxious",medium,high,vernacbridge_education_1000.csv
coding practice la parents expectation meet panna mudiyala nu guilt irukku,I feel guilty that I couldn't meet my parents' expectations in my coding practice,education,guilty,"coding,guilty",medium,high,vernacbridge_education_1000.csv
embedded systems subject nearagudhu nu ninachaale bayam varudhu,I feel scared whenever I think my embedded systems subject is approaching,education,fear,"embedded,fear",medium,high,vernacbridge_education_1000.csv
seminar la fail aayidumo nu romba bayanthu irukken,I'm really scared that I might fail my seminar,education,fear,"seminar,fear",high,high,vernacbridge_education_1000.csv
"new skill learning pathi yosichaale hands shake aagudhu, romba anxious","My hands shake when I think about my learning a new skill, I'm really anxious",education,anxious,"new,anxious",high,high,vernacbridge_education_1000.csv
"embedded systems subject pathi nalla feedback kedaichudhu, mood romba happy","I got good feedback about my embedded systems subject, my mood is really happy",education,happy,"embedded,happy",low,high,vernacbridge_education_1000.csv
"record work ku new topics padikka poren nu thonudhu, excited ah irukku",I'm excited thinking about the new topics I'll learn in my record work,education,excited,"record,excited",low,high,vernacbridge_education_1000.csv
"fear of failure pathi accept pannitten, calm ah feel panren","I've accepted things about my fear of failure, I feel calm",education,calm,"fear,calm",low,high,vernacbridge_education_1000.csv
group study la marks correct ah kudukala nu kobam varudhu,I'm angry that they didn't give correct marks for my group study,education,angry,"group,angry",medium,high,vernacbridge_education_1000.csv
"communication engineering la nalla opportunity kedaichudhu, semma excited","I got a great opportunity in my communication engineering, I'm so excited",education,excited,"communication,excited",low,high,vernacbridge_education_1000.csv
"viva pathi teacher venaama kadinama pesinanga, kobama irukku","The teacher spoke harshly to me about my viva for no reason, I'm angry",education,angry,"viva,angry",medium,high,vernacbridge_education_1000.csv
"school pathi ipo tension illa, mind calm ah irukku","I don't feel tense about my school anymore, my mind feels calm",education,calm,"school,calm",low,high,vernacbridge_education_1000.csv
"exam stress nalla nadakala, manasu heavy ah irukku","My exam stress did not go well, my heart feels heavy",education,sad,"exam,sad",medium,high,vernacbridge_education_1000.csv
"classmates pathi accept pannitten, calm ah feel panren","I've accepted things about my classmates, I feel calm",education,calm,"classmates,calm",low,high,vernacbridge_education_1000.csv
"time management ku parallel ah vera work kooda irukku, stress adhigama irukku","I have other work along with my time management, the stress is very high",education,stressed,"time,stressed",high,high,vernacbridge_education_1000.csv
semester exam preparation romba stress kudukudhu,Preparing for my semester exam is giving me a lot of stress,education,stressed,"semester,stressed",high,high,vernacbridge_education_1000.csv
"embedded systems subject discuss panna yarum kedaikala, lonely feel aagudhu","I couldn't find anyone to discuss my embedded systems subject with, I feel lonely",education,lonely,"embedded,lonely",medium,high,vernacbridge_education_1000.csv
concentration pathi negative outcome varumo nu fear ah irukku,I'm scared that my concentration might have a negative outcome,education,fear,"concentration,fear",medium,high,vernacbridge_education_1000.csv
new skill learning ku sariyaana effort podala nu ippo guilt varudhu,I feel guilty now that I didn't put proper effort into my learning a new skill,education,guilty,"new,guilty",medium,high,vernacbridge_education_1000.csv
"professor konjam kashtama irundhalum, future bright ah irukum nu feel panren","Even though my professor is a bit tough, I feel the future will be bright",education,hopeful,"professor,hopeful",low,high,vernacbridge_education_1000.csv
"viva la nalla opportunity kedaichudhu, semma excited","I got a great opportunity in my viva, I'm so excited",education,excited,"viva,excited",low,high,vernacbridge_education_1000.csv
"semester exam vetri aaga mudinjadhu, happy ah irukku","I managed to succeed in my semester exam, I feel happy",education,happy,"semester,happy",low,high,vernacbridge_education_1000.csv
"class teacher plan pannitten, ipo mind peaceful ah irukku","I've planned my class teacher, my mind feels peaceful now",education,calm,"class,calm",low,high,vernacbridge_education_1000.csv
"professor deadline nearagudhu, romba stress ah irukku","My professor deadline is approaching, I'm really stressed",education,stressed,"professor,stressed",high,high,vernacbridge_education_1000.csv
research paper pathi negative outcome varumo nu fear ah irukku,I'm scared that my research paper might have a negative outcome,education,fear,"research,fear",medium,high,vernacbridge_education_1000.csv
"exam stress nalla prepare pannitten, ipo calm ah irukken","I've prepared well for my exam stress, I feel calm now",education,calm,"exam,calm",low,high,vernacbridge_education_1000.csv
"seminar pathi teacher venaama kadinama pesinanga, kobama irukku","The teacher spoke harshly to me about my seminar for no reason, I'm angry",education,angry,"seminar,angry",medium,high,vernacbridge_education_1000.csv
"certification course deadline nearagudhu, romba stress ah irukku","My certification course deadline is approaching, I'm really stressed",education,stressed,"certification,stressed",high,high,vernacbridge_education_1000.csv
AI course la nalla mark varamale poidumo nu bayama irukku,I'm afraid I might not get good marks in my AI course,education,fear,"ai,fear",medium,high,vernacbridge_education_1000.csv
"competitive exam schedule last nimushathula maathitanga, romba irritation","They changed the competitive exam schedule at the last minute, it's really irritating",education,angry,"competitive,angry",medium,high,vernacbridge_education_1000.csv
"placements preparation plan pannitten, ipo mind peaceful ah irukku","I've planned my placements preparation, my mind feels peaceful now",education,calm,"placements,calm",low,high,vernacbridge_education_1000.csv
"friends ellarum AI course pathi busy, naan thaniya irukken","All my friends are busy with their AI course, I'm on my own",education,lonely,"ai,lonely",low,high,vernacbridge_education_1000.csv
"homework nearagunna nenju padhapadhukudhu, anxious ah irukku","My heart races as my homework approaches, I feel anxious",education,anxious,"homework,anxious",medium,high,vernacbridge_education_1000.csv
study motivation la fail aayiduchen nu therinjadhum mind heavy ah aayiduchu,"The moment I found out I failed my study motivation, my mind felt heavy",education,sad,"study,sad",medium,high,vernacbridge_education_1000.csv
graduation la parents expectation meet panna mudiyala nu guilt irukku,I feel guilty that I couldn't meet my parents' expectations in my graduation,education,guilty,"graduation,guilty",medium,high,vernacbridge_education_1000.csv
hostel life la enna approach follow pannanum nu confusion irukku,I'm confused about what approach to follow for my hostel life,education,confused,"hostel,confused",medium,high,vernacbridge_education_1000.csv
"exam stress preparation ellam thaniya pannuren, konjam lonely ah irukku","I'm doing all my exam stress preparation alone, I feel a bit lonely",education,lonely,"exam,lonely",medium,high,vernacbridge_education_1000.csv
"seminar pathi accept pannitten, calm ah feel panren","I've accepted things about my seminar, I feel calm",education,calm,"seminar,calm",low,high,vernacbridge_education_1000.csv
practical exam pathi yosikkama calm ah irukka try panren,I'm trying to stay calm without overthinking my practical exam,education,calm,"practical,calm",low,high,vernacbridge_education_1000.csv
internal exam ku sariyaana effort podala nu ippo guilt varudhu,I feel guilty now that I didn't put proper effort into my internal exam,education,guilty,"internal,guilty",medium,high,vernacbridge_education_1000.csv
embedded systems subject eppadi start pannanum nu theriyala,I don't know how to start my embedded systems subject,education,confused,"embedded,confused",medium,high,vernacbridge_education_1000.csv
"seminar nalla nadakala, manasu heavy ah irukku","My seminar did not go well, my heart feels heavy",education,sad,"seminar,sad",medium,high,vernacbridge_education_1000.csv
"presentation pathi teacher venaama kadinama pesinanga, kobama irukku","The teacher spoke harshly to me about my presentation for no reason, I'm angry",education,angry,"presentation,angry",medium,high,vernacbridge_education_1000.csv
AI course pathi negative outcome varumo nu fear ah irukku,I'm scared that my AI course might have a negative outcome,education,fear,"ai,fear",medium,high,vernacbridge_education_1000.csv
"class teacher ku hard work pannitu irukken, result nalladhu varum nu nambikkai","I'm working hard on my class teacher, I hope the result will be good",education,hopeful,"class,hopeful",low,high,vernacbridge_education_1000.csv
"higher studies plan ippo kashtama irundhalum, mudivula nalladhu nadakum nu nambaren","Even though my higher studies plan is hard right now, I believe it will end well",education,hopeful,"higher,hopeful",low,high,vernacbridge_education_1000.csv
"DSA preparation vishayathula unfair ah treat pannanga nu feel panren, romba frustration","I feel like I was treated unfairly regarding my DSA preparation, it's really frustrating",education,angry,"dsa,angry",medium,high,vernacbridge_education_1000.csv
new skill learning ku decision edukka mudiyama irukken innum,I still can't make a decision about my learning a new skill,education,confused,"new,confused",medium,high,vernacbridge_education_1000.csv
"academic goal ku parallel ah vera work kooda irukku, stress adhigama irukku","I have other work along with my academic goal, the stress is very high",education,stressed,"academic,stressed",high,high,vernacbridge_education_1000.csv
"classroom pathi ninacha thalai suthudhu, stress ah irukku","My head spins when I think about my classroom, I'm stressed",education,stressed,"classroom,stressed",high,high,vernacbridge_education_1000.csv
higher studies plan eppadi start pannanum nu theriyala,I don't know how to start my higher studies plan,education,confused,"higher,confused",medium,high,vernacbridge_education_1000.csv
"workshop discuss panna yarum kedaikala, lonely feel aagudhu","I couldn't find anyone to discuss my workshop with, I feel lonely",education,lonely,"workshop,lonely",medium,high,vernacbridge_education_1000.csv
academic goal pathi negative outcome varumo nu fear ah irukku,I'm scared that my academic goal might have a negative outcome,education,fear,"academic,fear",medium,high,vernacbridge_education_1000.csv
"semester exam plan pannitten, ipo mind peaceful ah irukku","I've planned my semester exam, my mind feels peaceful now",education,calm,"semester,calm",low,high,vernacbridge_education_1000.csv
"communication engineering time la yaarum help panna maatanga, thaniya feel panren","Nobody helps me during my communication engineering, I feel alone",education,lonely,"communication,lonely",medium,high,vernacbridge_education_1000.csv
"viva konjam kashtama irundhalum, future bright ah irukum nu feel panren","Even though my viva is a bit tough, I feel the future will be bright",education,hopeful,"viva,hopeful",low,high,vernacbridge_education_1000.csv
presentation result paathu romba sad ah aayiduchen,I felt really sad after seeing my presentation result,education,sad,"presentation,sad",medium,high,vernacbridge_education_1000.csv
"viva pathi pesa yarum illa hostel la, lonely ah irukku","There's no one to talk to about my viva in the hostel, I feel lonely",education,lonely,"viva,lonely",medium,high,vernacbridge_education_1000.csv
record work ku sariyaana effort podala nu ippo guilt varudhu,I feel guilty now that I didn't put proper effort into my record work,education,guilty,"record,guilty",medium,high,vernacbridge_education_1000.csv
"time management pathi teacher solradhukum notes irukradhukum match aagala, confuse ah irukku","What the teacher said about my time management doesn't match the notes, I'm confused",education,confused,"time,confused",medium,high,vernacbridge_education_1000.csv
"graduation pathi nalla feedback kedaichudhu, mood romba happy","I got good feedback about my graduation, my mood is really happy",education,happy,"graduation,happy",low,high,vernacbridge_education_1000.csv
"graduation start aaga innum konjam naal dhaan irukku, romba excited ah irukken","There's only a few days left for my graduation to start, I'm really excited",education,excited,"graduation,excited",low,high,vernacbridge_education_1000.csv
"arrears vetri aaga mudinjadhu, happy ah irukku","I managed to succeed in my arrears, I feel happy",education,happy,"arrears,happy",low,high,vernacbridge_education_1000.csv
"arrears nalla nadakala, manasu heavy ah irukku","My arrears did not go well, my heart feels heavy",education,sad,"arrears,sad",medium,high,vernacbridge_education_1000.csv
"presentation pathi accept pannitten, calm ah feel panren","I've accepted things about my presentation, I feel calm",education,calm,"presentation,calm",low,high,vernacbridge_education_1000.csv
presentation la enna approach follow pannanum nu confusion irukku,I'm confused about what approach to follow for my presentation,education,confused,"presentation,confused",medium,high,vernacbridge_education_1000.csv
"time management discuss panna yarum kedaikala, lonely feel aagudhu","I couldn't find anyone to discuss my time management with, I feel lonely",education,lonely,"time,lonely",medium,high,vernacbridge_education_1000.csv
"university exam pathi friends ellarum different advice kudukranga, confuse ah irukku","All my friends are giving different advice about my university exam, I'm confused",education,confused,"university,confused",medium,high,vernacbridge_education_1000.csv
exam stress nearagudhu nu ninachaale bayam varudhu,I feel scared whenever I think my exam stress is approaching,education,fear,"exam,fear",medium,high,vernacbridge_education_1000.csv
"class teacher pathi ninacha thalai suthudhu, stress ah irukku","My head spins when I think about my class teacher, I'm stressed",education,stressed,"class,stressed",high,high,vernacbridge_education_1000.csv
"workshop pathi konjam tension irundhalum, positive ah dhaan irukken","Even with some tension about my workshop, I'm staying positive",education,hopeful,"workshop,hopeful",low,high,vernacbridge_education_1000.csv
"model exam la top score vangiten, semma santhosham","I scored the top marks in my model exam, I'm so delighted",education,happy,"model,happy",low,high,vernacbridge_education_1000.csv
research paper la fail aayidumo nu romba bayanthu irukken,I'm really scared that I might fail my research paper,education,fear,"research,fear",high,high,vernacbridge_education_1000.csv
"research paper ku parallel ah vera work kooda irukku, stress adhigama irukku","I have other work along with my research paper, the stress is very high",education,stressed,"research,stressed",high,high,vernacbridge_education_1000.csv
homework la fail aayiduchen nu therinjadhum mind heavy ah aayiduchu,"The moment I found out I failed my homework, my mind felt heavy",education,sad,"homework,sad",medium,high,vernacbridge_education_1000.csv
university la parents expectation meet panna mudiyala nu guilt irukku,I feel guilty that I couldn't meet my parents' expectations in my university,education,guilty,"university,guilty",medium,high,vernacbridge_education_1000.csv
"higher studies plan pathi accept pannitten, calm ah feel panren","I've accepted things about my higher studies plan, I feel calm",education,calm,"higher,calm",low,high,vernacbridge_education_1000.csv
"lab work konjam kashtama irundhalum, future bright ah irukum nu feel panren","Even though my lab work is a bit tough, I feel the future will be bright",education,hopeful,"lab,hopeful",low,high,vernacbridge_education_1000.csv
"hackathon schedule last nimushathula maathitanga, romba irritation","They changed the hackathon schedule at the last minute, it's really irritating",education,angry,"hackathon,angry",medium,high,vernacbridge_education_1000.csv
"semester exam nearagunna nenju padhapadhukudhu, anxious ah irukku","My heart races as my semester exam approaches, I feel anxious",education,anxious,"semester,anxious",medium,high,vernacbridge_education_1000.csv
"Python programming vishayathula unfair ah treat pannanga nu feel panren, romba frustration","I feel like I was treated unfairly regarding my Python programming, it's really frustrating",education,angry,"python,angry",medium,high,vernacbridge_education_1000.csv
university nearagudhu nu ninachaale bayam varudhu,I feel scared whenever I think my university is approaching,education,fear,"university,fear",medium,high,vernacbridge_education_1000.csv
fear of failure la enna approach follow pannanum nu confusion irukku,I'm confused about what approach to follow for my fear of failure,education,confused,"fear,confused",medium,high,vernacbridge_education_1000.csv
GATE preparation la fail aayidumo nu romba bayanthu irukken,I'm really scared that I might fail my GATE preparation,education,fear,"gate,fear",high,high,vernacbridge_education_1000.csv
"university exam preparation ellam thaniya pannuren, konjam lonely ah irukku","I'm doing all my university exam preparation alone, I feel a bit lonely",education,lonely,"university,lonely",medium,high,vernacbridge_education_1000.csv
"technical symposium nalla nadakala, manasu heavy ah irukku","My technical symposium did not go well, my heart feels heavy",education,sad,"technical,sad",medium,high,vernacbridge_education_1000.csv
"exam stress pathi over thinking pannitu irukken, sleep kooda varala","I've been overthinking about my exam stress, I can't even sleep",education,anxious,"exam,anxious",medium,high,vernacbridge_education_1000.csv
"GATE preparation pathi ipo tension illa, mind calm ah irukku","I don't feel tense about my GATE preparation anymore, my mind feels calm",education,calm,"gate,calm",low,high,vernacbridge_education_1000.csv
lab work eppadi start pannanum nu theriyala,I don't know how to start my lab work,education,confused,"lab,confused",medium,high,vernacbridge_education_1000.csv
college pathi ninaicha kobam adangala,My anger doesn't settle down when I think about my college,education,angry,"college,angry",medium,high,vernacbridge_education_1000.csv
"exam stress result nalla vandhudhu, semma happy ah irukken","My exam stress result came out well, I'm so happy about it",education,happy,"exam,happy",low,high,vernacbridge_education_1000.csv
"Python programming ku register pannitten, romba excited ah irukku","I registered for my Python programming, I'm really excited",education,excited,"python,excited",low,high,vernacbridge_education_1000.csv
"university syllabus romba periya level la irukku, stress ah irukku","The syllabus for my university is huge, I'm stressed",education,stressed,"university,stressed",medium,high,vernacbridge_education_1000.csv
"technical symposium ippo kashtama irundhalum, mudivula nalladhu nadakum nu nambaren","Even though my technical symposium is hard right now, I believe it will end well",education,hopeful,"technical,hopeful",low,high,vernacbridge_education_1000.csv
"graduation discuss panna yarum kedaikala, lonely feel aagudhu","I couldn't find anyone to discuss my graduation with, I feel lonely",education,lonely,"graduation,lonely",medium,high,vernacbridge_education_1000.csv
certification course la fail aayiduchen nu therinjadhum mind heavy ah aayiduchu,"The moment I found out I failed my certification course, my mind felt heavy",education,sad,"certification,sad",medium,high,vernacbridge_education_1000.csv
"exam stress deadline nearagudhu, romba stress ah irukku","My exam stress deadline is approaching, I'm really stressed",education,stressed,"exam,stressed",high,high,vernacbridge_education_1000.csv
"classroom pathi konjam tension irundhalum, positive ah dhaan irukken","Even with some tension about my classroom, I'm staying positive",education,hopeful,"classroom,hopeful",low,high,vernacbridge_education_1000.csv
"homework plan pannitten, ipo mind peaceful ah irukku","I've planned my homework, my mind feels peaceful now",education,calm,"homework,calm",low,high,vernacbridge_education_1000.csv
"academic goal ku promise panni miss pannitten, romba guilty ah feel panren","I promised something for my academic goal and missed it, I feel really guilty",education,guilty,"academic,guilty",medium,high,vernacbridge_education_1000.csv
"AI course pathi nalla feedback kedaichudhu, mood romba happy","I got good feedback about my AI course, my mood is really happy",education,happy,"ai,happy",low,high,vernacbridge_education_1000.csv
communication engineering pathi ninaicha kobam adangala,My anger doesn't settle down when I think about my communication engineering,education,angry,"communication,angry",medium,high,vernacbridge_education_1000.csv
"AI course ippo kashtama irundhalum, mudivula nalladhu nadakum nu nambaren","Even though my AI course is hard right now, I believe it will end well",education,hopeful,"ai,hopeful",low,high,vernacbridge_education_1000.csv
"GATE preparation vetri aaga mudinjadhu, happy ah irukku","I managed to succeed in my GATE preparation, I feel happy",education,happy,"gate,happy",low,high,vernacbridge_education_1000.csv
"certification course pathi over thinking pannitu irukken, sleep kooda varala","I've been overthinking about my certification course, I can't even sleep",education,anxious,"certification,anxious",medium,high,vernacbridge_education_1000.csv
"coding practice vetri aaga mudinjadhu, happy ah irukku","I managed to succeed in my coding practice, I feel happy",education,happy,"coding,happy",low,high,vernacbridge_education_1000.csv
workshop result eppo varum nu ninachu anxious ah irukken,I feel anxious wondering when my workshop result will come,education,anxious,"workshop,anxious",medium,high,vernacbridge_education_1000.csv
"fees payment pathi teacher venaama kadinama pesinanga, kobama irukku","The teacher spoke harshly to me about my fees payment for no reason, I'm angry",education,angry,"fees,angry",medium,high,vernacbridge_education_1000.csv
exam stress nalla poidum nu nambikkai irukku,I have hope that my exam stress will go well,education,hopeful,"exam,hopeful",low,high,vernacbridge_education_1000.csv
"assignment pathi teacher solradhukum notes irukradhukum match aagala, confuse ah irukku","What the teacher said about my assignment doesn't match the notes, I'm confused",education,confused,"assignment,confused",medium,high,vernacbridge_education_1000.csv
"graduation ku register pannitten, romba excited ah irukku","I registered for my graduation, I'm really excited",education,excited,"graduation,excited",low,high,vernacbridge_education_1000.csv
"time management pathi konjam tension irundhalum, positive ah dhaan irukken","Even with some tension about my time management, I'm staying positive",education,hopeful,"time,hopeful",low,high,vernacbridge_education_1000.csv
project pathi ninachaale sad ah irukku,Thinking about my project makes me feel sad,education,sad,"project,sad",medium,high,vernacbridge_education_1000.csv
"hackathon ku new topics padikka poren nu thonudhu, excited ah irukku",I'm excited thinking about the new topics I'll learn in my hackathon,education,excited,"hackathon,excited",low,high,vernacbridge_education_1000.csv
"record work pathi ninacha thalai suthudhu, stress ah irukku","My head spins when I think about my record work, I'm stressed",education,stressed,"record,stressed",high,high,vernacbridge_education_1000.csv
"record work pathi ipo tension illa, mind calm ah irukku","I don't feel tense about my record work anymore, my mind feels calm",education,calm,"record,calm",low,high,vernacbridge_education_1000.csv
"arrears result nalla vandhudhu, semma happy ah irukken","My arrears result came out well, I'm so happy about it",education,happy,"arrears,happy",low,high,vernacbridge_education_1000.csv
"higher studies plan nalla prepare pannitten, ipo calm ah irukken","I've prepared well for my higher studies plan, I feel calm now",education,calm,"higher,calm",low,high,vernacbridge_education_1000.csv
classmates nalla mudinjadhu nu kelvi pattu happy ah irukken,"I heard my classmates went well, I'm happy about it",education,happy,"classmates,happy",low,high,vernacbridge_education_1000.csv
"competitive exam ippo kashtama irundhalum, mudivula nalladhu nadakum nu nambaren","Even though my competitive exam is hard right now, I believe it will end well",education,hopeful,"competitive,hopeful",low,high,vernacbridge_education_1000.csv
"professor time la yaarum help panna maatanga, thaniya feel panren","Nobody helps me during my professor, I feel alone",education,lonely,"professor,lonely",medium,high,vernacbridge_education_1000.csv
"study motivation expect panna madhiri nadakala, romba vaguthadhu","My study motivation didn't turn out as I expected, it really disappointed me",education,sad,"study,sad",medium,high,vernacbridge_education_1000.csv
"model exam ku parallel ah vera work kooda irukku, stress adhigama irukku","I have other work along with my model exam, the stress is very high",education,stressed,"model,stressed",high,high,vernacbridge_education_1000.csv
classmates ku sariyaana effort podala nu ippo guilt varudhu,I feel guilty now that I didn't put proper effort into my classmates,education,guilty,"classmates,guilty",medium,high,vernacbridge_education_1000.csv
"placements preparation result nalla vandhudhu, semma happy ah irukken","My placements preparation result came out well, I'm so happy about it",education,happy,"placements,happy",low,high,vernacbridge_education_1000.csv
"exam stress ippo kashtama irundhalum, mudivula nalladhu nadakum nu nambaren","Even though my exam stress is hard right now, I believe it will end well",education,hopeful,"exam,hopeful",low,high,vernacbridge_education_1000.csv
higher studies plan pathi negative outcome varumo nu fear ah irukku,I'm scared that my higher studies plan might have a negative outcome,education,fear,"higher,fear",medium,high,vernacbridge_education_1000.csv
class teacher pathi yosikkama calm ah irukka try panren,I'm trying to stay calm without overthinking my class teacher,education,calm,"class,calm",low,high,vernacbridge_education_1000.csv
competitive exam pathi negative outcome varumo nu fear ah irukku,I'm scared that my competitive exam might have a negative outcome,education,fear,"competitive,fear",medium,high,vernacbridge_education_1000.csv
"hackathon nalla prepare pannitten, ipo calm ah irukken","I've prepared well for my hackathon, I feel calm now",education,calm,"hackathon,calm",low,high,vernacbridge_education_1000.csv
"electronics subject pathi teacher venaama kadinama pesinanga, kobama irukku","The teacher spoke harshly to me about my electronics subject for no reason, I'm angry",education,angry,"electronics,angry",medium,high,vernacbridge_education_1000.csv
coding practice ku team ah let down pannitten nu guilt irukku,I feel guilty that I let my team down regarding my coding practice,education,guilty,"coding,guilty",medium,high,vernacbridge_education_1000.csv
"internship result nalla vandhudhu, semma happy ah irukken","My internship result came out well, I'm so happy about it",education,happy,"internship,happy",low,high,vernacbridge_education_1000.csv
"semester exam pathi pesa yarum illa hostel la, lonely ah irukku","There's no one to talk to about my semester exam in the hostel, I feel lonely",education,lonely,"semester,lonely",medium,high,vernacbridge_education_1000.csv
"university pathi nalla feedback kedaichudhu, mood romba happy","I got good feedback about my university, my mood is really happy",education,happy,"university,happy",low,high,vernacbridge_education_1000.csv
"seminar pathi over thinking pannitu irukken, sleep kooda varala","I've been overthinking about my seminar, I can't even sleep",education,anxious,"seminar,anxious",medium,high,vernacbridge_education_1000.csv
"exam stress preparation la kadaisi nimusham varaikkum procrastinate pannitten, guilt ah irukku","I procrastinated my exam stress preparation till the last minute, I feel guilty",education,guilty,"exam,guilty",medium,high,vernacbridge_education_1000.csv
exam stress result paathu romba sad ah aayiduchen,I felt really sad after seeing my exam stress result,education,sad,"exam,sad",medium,high,vernacbridge_education_1000.csv
fees payment pathi ninaicha kobam adangala,My anger doesn't settle down when I think about my fees payment,education,angry,"fees,angry",medium,high,vernacbridge_education_1000.csv
"academic goal pathi accept pannitten, calm ah feel panren","I've accepted things about my academic goal, I feel calm",education,calm,"academic,calm",low,high,vernacbridge_education_1000.csv
university nalla poidum nu nambikkai irukku,I have hope that my university will go well,education,hopeful,"university,hopeful",low,high,vernacbridge_education_1000.csv
"AI course discuss panna yarum kedaikala, lonely feel aagudhu","I couldn't find anyone to discuss my AI course with, I feel lonely",education,lonely,"ai,lonely",medium,high,vernacbridge_education_1000.csv
DSA preparation pathi ninachaale sad ah irukku,Thinking about my DSA preparation makes me feel sad,education,sad,"dsa,sad",medium,high,vernacbridge_education_1000.csv
"presentation preparation la kadaisi nimusham varaikkum procrastinate pannitten, guilt ah irukku","I procrastinated my presentation preparation till the last minute, I feel guilty",education,guilty,"presentation,guilty",medium,high,vernacbridge_education_1000.csv
coding practice result paathu romba sad ah aayiduchen,I felt really sad after seeing my coding practice result,education,sad,"coding,sad",medium,high,vernacbridge_education_1000.csv
"AI course deadline nearagudhu, romba stress ah irukku","My AI course deadline is approaching, I'm really stressed",education,stressed,"ai,stressed",high,high,vernacbridge_education_1000.csv
"friends ellarum assignment pathi busy, naan thaniya irukken","All my friends are busy with their assignment, I'm on my own",education,lonely,"assignment,lonely",low,high,vernacbridge_education_1000.csv
"concentration ippo kashtama irundhalum, mudivula nalladhu nadakum nu nambaren","Even though my concentration is hard right now, I believe it will end well",education,hopeful,"concentration,hopeful",low,high,vernacbridge_education_1000.csv
GATE preparation preparation romba stress kudukudhu,Preparing for my GATE preparation is giving me a lot of stress,education,stressed,"gate,stressed",high,high,vernacbridge_education_1000.csv
"record work schedule last nimushathula maathitanga, romba irritation","They changed the record work schedule at the last minute, it's really irritating",education,angry,"record,angry",medium,high,vernacbridge_education_1000.csv
hostel life la fail aayiduchen nu therinjadhum mind heavy ah aayiduchu,"The moment I found out I failed my hostel life, my mind felt heavy",education,sad,"hostel,sad",medium,high,vernacbridge_education_1000.csv
"internal exam ku register pannitten, romba excited ah irukku","I registered for my internal exam, I'm really excited",education,excited,"internal,excited",low,high,vernacbridge_education_1000.csv
"class teacher ku nalla prepare aagalaya nu doubt varudhu, anxious ah irukku","I keep doubting whether I've prepared well for my class teacher, I'm anxious",education,anxious,"class,anxious",medium,high,vernacbridge_education_1000.csv
"graduation pathi ninacha thalai suthudhu, stress ah irukku","My head spins when I think about my graduation, I'm stressed",education,stressed,"graduation,stressed",high,high,vernacbridge_education_1000.csv
"workshop preparation la kadaisi nimusham varaikkum procrastinate pannitten, guilt ah irukku","I procrastinated my workshop preparation till the last minute, I feel guilty",education,guilty,"workshop,guilty",medium,high,vernacbridge_education_1000.csv
academic goal la fail aayiduchen nu therinjadhum mind heavy ah aayiduchu,"The moment I found out I failed my academic goal, my mind felt heavy",education,sad,"academic,sad",medium,high,vernacbridge_education_1000.csv
"new skill learning nearagunna nenju padhapadhukudhu, anxious ah irukku","My heart races as my learning a new skill approaches, I feel anxious",education,anxious,"new,anxious",medium,high,vernacbridge_education_1000.csv
"university preparation la kadaisi nimusham varaikkum procrastinate pannitten, guilt ah irukku","I procrastinated my university preparation till the last minute, I feel guilty",education,guilty,"university,guilty",medium,high,vernacbridge_education_1000.csv
"higher studies plan preparation ellam thaniya pannuren, konjam lonely ah irukku","I'm doing all my higher studies plan preparation alone, I feel a bit lonely",education,lonely,"higher,lonely",medium,high,vernacbridge_education_1000.csv
attendance la fail aayidumo nu romba bayanthu irukken,I'm really scared that I might fail my attendance,education,fear,"attendance,fear",high,high,vernacbridge_education_1000.csv
"homework pathi teacher venaama kadinama pesinanga, kobama irukku","The teacher spoke harshly to me about my homework for no reason, I'm angry",education,angry,"homework,angry",medium,high,vernacbridge_education_1000.csv
"DSA preparation pathi ipo tension illa, mind calm ah irukku","I don't feel tense about my DSA preparation anymore, my mind feels calm",education,calm,"dsa,calm",low,high,vernacbridge_education_1000.csv
classroom pathi ninaicha kobam adangala,My anger doesn't settle down when I think about my classroom,education,angry,"classroom,angry",medium,high,vernacbridge_education_1000.csv
"friends ellarum classroom pathi busy, naan thaniya irukken","All my friends are busy with their classroom, I'm on my own",education,lonely,"classroom,lonely",low,high,vernacbridge_education_1000.csv
"scholarship ku promise panni miss pannitten, romba guilty ah feel panren","I promised something for my scholarship and missed it, I feel really guilty",education,guilty,"scholarship,guilty",medium,high,vernacbridge_education_1000.csv
"university plan pannitten, ipo mind peaceful ah irukku","I've planned my university, my mind feels peaceful now",education,calm,"university,calm",low,high,vernacbridge_education_1000.csv
group study ku team ah let down pannitten nu guilt irukku,I feel guilty that I let my team down regarding my group study,education,guilty,"group,guilty",medium,high,vernacbridge_education_1000.csv
"professor start aaga innum konjam naal dhaan irukku, romba excited ah irukken","There's only a few days left for my professor to start, I'm really excited",education,excited,"professor,excited",low,high,vernacbridge_education_1000.csv
"classmates ku new topics padikka poren nu thonudhu, excited ah irukku",I'm excited thinking about the new topics I'll learn in my classmates,education,excited,"classmates,excited",low,high,vernacbridge_education_1000.csv
presentation pathi ninaicha kobam adangala,My anger doesn't settle down when I think about my presentation,education,angry,"presentation,angry",medium,high,vernacbridge_education_1000.csv
"DSA preparation time la yaarum help panna maatanga, thaniya feel panren","Nobody helps me during my DSA preparation, I feel alone",education,lonely,"dsa,lonely",medium,high,vernacbridge_education_1000.csv
fees payment nalla poidum nu nambikkai irukku,I have hope that my fees payment will go well,education,hopeful,"fees,hopeful",low,high,vernacbridge_education_1000.csv
"coding practice start aaga innum konjam naal dhaan irukku, romba excited ah irukken","There's only a few days left for my coding practice to start, I'm really excited",education,excited,"coding,excited",low,high,vernacbridge_education_1000.csv
"university pathi konjam tension irundhalum, positive ah dhaan irukken","Even with some tension about my university, I'm staying positive",education,hopeful,"university,hopeful",low,high,vernacbridge_education_1000.csv
university exam ku sariyaana effort podala nu ippo guilt varudhu,I feel guilty now that I didn't put proper effort into my university exam,education,guilty,"university,guilty",medium,high,vernacbridge_education_1000.csv
viva ku team ah let down pannitten nu guilt irukku,I feel guilty that I let my team down regarding my viva,education,guilty,"viva,guilty",medium,high,vernacbridge_education_1000.csv
research paper nearagudhu nu ninachaale bayam varudhu,I feel scared whenever I think my research paper is approaching,education,fear,"research,fear",medium,high,vernacbridge_education_1000.csv
scholarship ku sariyaana effort podala nu ippo guilt varudhu,I feel guilty now that I didn't put proper effort into my scholarship,education,guilty,"scholarship,guilty",medium,high,vernacbridge_education_1000.csv
assignment la enna approach follow pannanum nu confusion irukku,I'm confused about what approach to follow for my assignment,education,confused,"assignment,confused",medium,high,vernacbridge_education_1000.csv
"arrears discuss panna yarum kedaikala, lonely feel aagudhu","I couldn't find anyone to discuss my arrears with, I feel lonely",education,lonely,"arrears,lonely",medium,high,vernacbridge_education_1000.csv
"higher studies plan pathi yosichaale hands shake aagudhu, romba anxious","My hands shake when I think about my higher studies plan, I'm really anxious",education,anxious,"higher,anxious",high,high,vernacbridge_education_1000.csv
certification course la enna approach follow pannanum nu confusion irukku,I'm confused about what approach to follow for my certification course,education,confused,"certification,confused",medium,high,vernacbridge_education_1000.csv
"certification course ku new topics padikka poren nu thonudhu, excited ah irukku",I'm excited thinking about the new topics I'll learn in my certification course,education,excited,"certification,excited",low,high,vernacbridge_education_1000.csv
"record work pathi nalla feedback kedaichudhu, mood romba happy","I got good feedback about my record work, my mood is really happy",education,happy,"record,happy",low,high,vernacbridge_education_1000.csv
electronics subject ku team ah let down pannitten nu guilt irukku,I feel guilty that I let my team down regarding my electronics subject,education,guilty,"electronics,guilty",medium,high,vernacbridge_education_1000.csv
"Python programming syllabus romba periya level la irukku, stress ah irukku","The syllabus for my Python programming is huge, I'm stressed",education,stressed,"python,stressed",medium,high,vernacbridge_education_1000.csv
"university exam pathi over thinking pannitu irukken, sleep kooda varala","I've been overthinking about my university exam, I can't even sleep",education,anxious,"university,anxious",medium,high,vernacbridge_education_1000.csv
"attendance ku new topics padikka poren nu thonudhu, excited ah irukku",I'm excited thinking about the new topics I'll learn in my attendance,education,excited,"attendance,excited",low,high,vernacbridge_education_1000.csv
study motivation la fail aayidumo nu romba bayanthu irukken,I'm really scared that I might fail my study motivation,education,fear,"study,fear",high,high,vernacbridge_education_1000.csv
"classmates pathi nalla feedback kedaichudhu, mood romba happy","I got good feedback about my classmates, my mood is really happy",education,happy,"classmates,happy",low,high,vernacbridge_education_1000.csv
"placements preparation la top score vangiten, semma santhosham","I scored the top marks in my placements preparation, I'm so delighted",education,happy,"placements,happy",low,high,vernacbridge_education_1000.csv
"group study ku promise panni miss pannitten, romba guilty ah feel panren","I promised something for my group study and missed it, I feel really guilty",education,guilty,"group,guilty",medium,high,vernacbridge_education_1000.csv
"presentation pathi yosichaale hands shake aagudhu, romba anxious","My hands shake when I think about my presentation, I'm really anxious",education,anxious,"presentation,anxious",high,high,vernacbridge_education_1000.csv
"new skill learning ku hard work pannitu irukken, result nalladhu varum nu nambikkai","I'm working hard on my learning a new skill, I hope the result will be good",education,hopeful,"new,hopeful",low,high,vernacbridge_education_1000.csv
exam stress result eppo varum nu ninachu anxious ah irukken,I feel anxious wondering when my exam stress result will come,education,anxious,"exam,anxious",medium,high,vernacbridge_education_1000.csv
"hostel life ku nalla prepare aagalaya nu doubt varudhu, anxious ah irukku","I keep doubting whether I've prepared well for my hostel life, I'm anxious",education,anxious,"hostel,anxious",medium,high,vernacbridge_education_1000.csv
"university ku promise panni miss pannitten, romba guilty ah feel panren","I promised something for my university and missed it, I feel really guilty",education,guilty,"university,guilty",medium,high,vernacbridge_education_1000.csv
"new skill learning pathi teacher venaama kadinama pesinanga, kobama irukku","The teacher spoke harshly to me about my learning a new skill for no reason, I'm angry",education,angry,"new,angry",medium,high,vernacbridge_education_1000.csv
class teacher la fail aayidumo nu romba bayanthu irukken,I'm really scared that I might fail my class teacher,education,fear,"class,fear",high,high,vernacbridge_education_1000.csv
communication engineering la nalla mark varamale poidumo nu bayama irukku,I'm afraid I might not get good marks in my communication engineering,education,fear,"communication,fear",medium,high,vernacbridge_education_1000.csv
"AI course result nalla vandhudhu, semma happy ah irukken","My AI course result came out well, I'm so happy about it",education,happy,"ai,happy",low,high,vernacbridge_education_1000.csv
"exam stress pathi teacher solradhukum notes irukradhukum match aagala, confuse ah irukku","What the teacher said about my exam stress doesn't match the notes, I'm confused",education,confused,"exam,confused",medium,high,vernacbridge_education_1000.csv
"GATE preparation pathi nalla feedback kedaichudhu, mood romba happy","I got good feedback about my GATE preparation, my mood is really happy",education,happy,"gate,happy",low,high,vernacbridge_education_1000.csv
"fees payment pathi teacher solradhukum notes irukradhukum match aagala, confuse ah irukku","What the teacher said about my fees payment doesn't match the notes, I'm confused",education,confused,"fees,confused",medium,high,vernacbridge_education_1000.csv
"research paper pathi pesa yarum illa hostel la, lonely ah irukku","There's no one to talk to about my research paper in the hostel, I feel lonely",education,lonely,"research,lonely",medium,high,vernacbridge_education_1000.csv
"project la top score vangiten, semma santhosham","I scored the top marks in my project, I'm so delighted",education,happy,"project,happy",low,high,vernacbridge_education_1000.csv
"class teacher ku register pannitten, romba excited ah irukku","I registered for my class teacher, I'm really excited",education,excited,"class,excited",low,high,vernacbridge_education_1000.csv
"fees payment nearagunna nenju padhapadhukudhu, anxious ah irukku","My heart races as my fees payment approaches, I feel anxious",education,anxious,"fees,anxious",medium,high,vernacbridge_education_1000.csv
"communication engineering start aaga innum konjam naal dhaan irukku, romba excited ah irukken","There's only a few days left for my communication engineering to start, I'm really excited",education,excited,"communication,excited",low,high,vernacbridge_education_1000.csv
"competitive exam pathi accept pannitten, calm ah feel panren","I've accepted things about my competitive exam, I feel calm",education,calm,"competitive,calm",low,high,vernacbridge_education_1000.csv
"GATE preparation start aaga innum konjam naal dhaan irukku, romba excited ah irukken","There's only a few days left for my GATE preparation to start, I'm really excited",education,excited,"gate,excited",low,high,vernacbridge_education_1000.csv
communication engineering nearagudhu nu ninachaale bayam varudhu,I feel scared whenever I think my communication engineering is approaching,education,fear,"communication,fear",medium,high,vernacbridge_education_1000.csv
scholarship pathi yosikkama calm ah irukka try panren,I'm trying to stay calm without overthinking my scholarship,education,calm,"scholarship,calm",low,high,vernacbridge_education_1000.csv
attendance ku sariyaana effort podala nu ippo guilt varudhu,I feel guilty now that I didn't put proper effort into my attendance,education,guilty,"attendance,guilty",medium,high,vernacbridge_education_1000.csv
"embedded systems subject time la yaarum help panna maatanga, thaniya feel panren","Nobody helps me during my embedded systems subject, I feel alone",education,lonely,"embedded,lonely",medium,high,vernacbridge_education_1000.csv
classmates nalla poidum nu nambikkai irukku,I have hope that my classmates will go well,education,hopeful,"classmates,hopeful",low,high,vernacbridge_education_1000.csv
classmates pathi ninachaale sad ah irukku,Thinking about my classmates makes me feel sad,education,sad,"classmates,sad",medium,high,vernacbridge_education_1000.csv
"lab work la top score vangiten, semma santhosham","I scored the top marks in my lab work, I'm so delighted",education,happy,"lab,happy",low,high,vernacbridge_education_1000.csv
academic goal ku team ah let down pannitten nu guilt irukku,I feel guilty that I let my team down regarding my academic goal,education,guilty,"academic,guilty",medium,high,vernacbridge_education_1000.csv
"project start aaga innum konjam naal dhaan irukku, romba excited ah irukken","There's only a few days left for my project to start, I'm really excited",education,excited,"project,excited",low,high,vernacbridge_education_1000.csv
"seminar nearagunna nenju padhapadhukudhu, anxious ah irukku","My heart races as my seminar approaches, I feel anxious",education,anxious,"seminar,anxious",medium,high,vernacbridge_education_1000.csv
"seminar pathi pesa yarum illa hostel la, lonely ah irukku","There's no one to talk to about my seminar in the hostel, I feel lonely",education,lonely,"seminar,lonely",medium,high,vernacbridge_education_1000.csv
"hostel life plan pannitten, ipo mind peaceful ah irukku","I've planned my hostel life, my mind feels peaceful now",education,calm,"hostel,calm",low,high,vernacbridge_education_1000.csv
"friends ellarum viva pathi busy, naan thaniya irukken","All my friends are busy with their viva, I'm on my own",education,lonely,"viva,lonely",low,high,vernacbridge_education_1000.csv
new skill learning la parents expectation meet panna mudiyala nu guilt irukku,I feel guilty that I couldn't meet my parents' expectations in my learning a new skill,education,guilty,"new,guilty",medium,high,vernacbridge_education_1000.csv
attendance pathi yosikkama calm ah irukka try panren,I'm trying to stay calm without overthinking my attendance,education,calm,"attendance,calm",low,high,vernacbridge_education_1000.csv
"attendance vetri aaga mudinjadhu, happy ah irukku","I managed to succeed in my attendance, I feel happy",education,happy,"attendance,happy",low,high,vernacbridge_education_1000.csv
scholarship ku team ah let down pannitten nu guilt irukku,I feel guilty that I let my team down regarding my scholarship,education,guilty,"scholarship,guilty",medium,high,vernacbridge_education_1000.csv
"fear of failure time la yaarum help panna maatanga, thaniya feel panren","Nobody helps me during my fear of failure, I feel alone",education,lonely,"fear,lonely",medium,high,vernacbridge_education_1000.csv
time management pathi ninaicha kobam adangala,My anger doesn't settle down when I think about my time management,education,angry,"time,angry",medium,high,vernacbridge_education_1000.csv
certification course la fail aayidumo nu romba bayanthu irukken,I'm really scared that I might fail my certification course,education,fear,"certification,fear",high,high,vernacbridge_education_1000.csv
"internship nalla nadakala, manasu heavy ah irukku","My internship did not go well, my heart feels heavy",education,sad,"internship,sad",medium,high,vernacbridge_education_1000.csv
semester exam pathi ninaicha kobam adangala,My anger doesn't settle down when I think about my semester exam,education,angry,"semester,angry",medium,high,vernacbridge_education_1000.csv
"time management expect panna madhiri nadakala, romba vaguthadhu","My time management didn't turn out as I expected, it really disappointed me",education,sad,"time,sad",medium,high,vernacbridge_education_1000.csv
"research paper pathi friends ellarum different advice kudukranga, confuse ah irukku","All my friends are giving different advice about my research paper, I'm confused",education,confused,"research,confused",medium,high,vernacbridge_education_1000.csv
"workshop pathi pesa yarum illa hostel la, lonely ah irukku","There's no one to talk to about my workshop in the hostel, I feel lonely",education,lonely,"workshop,lonely",medium,high,vernacbridge_education_1000.csv
presentation pathi negative outcome varumo nu fear ah irukku,I'm scared that my presentation might have a negative outcome,education,fear,"presentation,fear",medium,high,vernacbridge_education_1000.csv
"graduation expect panna madhiri nadakala, romba vaguthadhu","My graduation didn't turn out as I expected, it really disappointed me",education,sad,"graduation,sad",medium,high,vernacbridge_education_1000.csv
"GATE preparation schedule last nimushathula maathitanga, romba irritation","They changed the GATE preparation schedule at the last minute, it's really irritating",education,angry,"gate,angry",medium,high,vernacbridge_education_1000.csv
lab work pathi yosikkama calm ah irukka try panren,I'm trying to stay calm without overthinking my lab work,education,calm,"lab,calm",low,high,vernacbridge_education_1000.csv
"graduation la nalla opportunity kedaichudhu, semma excited","I got a great opportunity in my graduation, I'm so excited",education,excited,"graduation,excited",low,high,vernacbridge_education_1000.csv
"new skill learning preparation ellam thaniya pannuren, konjam lonely ah irukku","I'm doing all my learning a new skill preparation alone, I feel a bit lonely",education,lonely,"new,lonely",medium,high,vernacbridge_education_1000.csv
"homework vishayathula unfair ah treat pannanga nu feel panren, romba frustration","I feel like I was treated unfairly regarding my homework, it's really frustrating",education,angry,"homework,angry",medium,high,vernacbridge_education_1000.csv
concentration pathi yosikkama calm ah irukka try panren,I'm trying to stay calm without overthinking my concentration,education,calm,"concentration,calm",low,high,vernacbridge_education_1000.csv
"model exam pathi teacher venaama kadinama pesinanga, kobama irukku","The teacher spoke harshly to me about my model exam for no reason, I'm angry",education,angry,"model,angry",medium,high,vernacbridge_education_1000.csv
workshop la marks correct ah kudukala nu kobam varudhu,I'm angry that they didn't give correct marks for my workshop,education,angry,"workshop,angry",medium,high,vernacbridge_education_1000.csv
"internship pathi pesa yarum illa hostel la, lonely ah irukku","There's no one to talk to about my internship in the hostel, I feel lonely",education,lonely,"internship,lonely",medium,high,vernacbridge_education_1000.csv
"new skill learning pathi friends ellarum different advice kudukranga, confuse ah irukku","All my friends are giving different advice about my learning a new skill, I'm confused",education,confused,"new,confused",medium,high,vernacbridge_education_1000.csv
"presentation pathi konjam tension irundhalum, positive ah dhaan irukken","Even with some tension about my presentation, I'm staying positive",education,hopeful,"presentation,hopeful",low,high,vernacbridge_education_1000.csv
"group study vetri aaga mudinjadhu, happy ah irukku","I managed to succeed in my group study, I feel happy",education,happy,"group,happy",low,high,vernacbridge_education_1000.csv
"school start aaga innum konjam naal dhaan irukku, romba excited ah irukken","There's only a few days left for my school to start, I'm really excited",education,excited,"school,excited",low,high,vernacbridge_education_1000.csv
"academic goal plan pannitten, ipo mind peaceful ah irukku","I've planned my academic goal, my mind feels peaceful now",education,calm,"academic,calm",low,high,vernacbridge_education_1000.csv
"internal exam la top score vangiten, semma santhosham","I scored the top marks in my internal exam, I'm so delighted",education,happy,"internal,happy",low,high,vernacbridge_education_1000.csv
"higher studies plan pathi nalla feedback kedaichudhu, mood romba happy","I got good feedback about my higher studies plan, my mood is really happy",education,happy,"higher,happy",low,high,vernacbridge_education_1000.csv
"homework ku promise panni miss pannitten, romba guilty ah feel panren","I promised something for my homework and missed it, I feel really guilty",education,guilty,"homework,guilty",medium,high,vernacbridge_education_1000.csv
"concentration pathi ipo tension illa, mind calm ah irukku","I don't feel tense about my concentration anymore, my mind feels calm",education,calm,"concentration,calm",low,high,vernacbridge_education_1000.csv
"Python programming result nalla vandhudhu, semma happy ah irukken","My Python programming result came out well, I'm so happy about it",education,happy,"python,happy",low,high,vernacbridge_education_1000.csv
"seminar ippo kashtama irundhalum, mudivula nalladhu nadakum nu nambaren","Even though my seminar is hard right now, I believe it will end well",education,hopeful,"seminar,hopeful",low,high,vernacbridge_education_1000.csv
semester exam pathi yosikkama calm ah irukka try panren,I'm trying to stay calm without overthinking my semester exam,education,calm,"semester,calm",low,high,vernacbridge_education_1000.csv
"scholarship pathi yosichaale hands shake aagudhu, romba anxious","My hands shake when I think about my scholarship, I'm really anxious",education,anxious,"scholarship,anxious",high,high,vernacbridge_education_1000.csv
homework ku sariyaana effort podala nu ippo guilt varudhu,I feel guilty now that I didn't put proper effort into my homework,education,guilty,"homework,guilty",medium,high,vernacbridge_education_1000.csv
DSA preparation ku decision edukka mudiyama irukken innum,I still can't make a decision about my DSA preparation,education,confused,"dsa,confused",medium,high,vernacbridge_education_1000.csv
"higher studies plan la nalla opportunity kedaichudhu, semma excited","I got a great opportunity in my higher studies plan, I'm so excited",education,excited,"higher,excited",low,high,vernacbridge_education_1000.csv
assignment la nalla mark varamale poidumo nu bayama irukku,I'm afraid I might not get good marks in my assignment,education,fear,"assignment,fear",medium,high,vernacbridge_education_1000.csv
"internship ku hard work pannitu irukken, result nalladhu varum nu nambikkai","I'm working hard on my internship, I hope the result will be good",education,hopeful,"internship,hopeful",low,high,vernacbridge_education_1000.csv
"internship pathi results announce panna poranga, wait pannitu excited ah irukken","They're about to announce internship results, I'm waiting excitedly",education,excited,"internship,excited",low,high,vernacbridge_education_1000.csv
"coding practice preparation ellam thaniya pannuren, konjam lonely ah irukku","I'm doing all my coding practice preparation alone, I feel a bit lonely",education,lonely,"coding,lonely",medium,high,vernacbridge_education_1000.csv
"fear of failure ku nalla prepare aagalaya nu doubt varudhu, anxious ah irukku","I keep doubting whether I've prepared well for my fear of failure, I'm anxious",education,anxious,"fear,anxious",medium,high,vernacbridge_education_1000.csv
"time management ippo kashtama irundhalum, mudivula nalladhu nadakum nu nambaren","Even though my time management is hard right now, I believe it will end well",education,hopeful,"time,hopeful",low,high,vernacbridge_education_1000.csv
"higher studies plan plan pannitten, ipo mind peaceful ah irukku","I've planned my higher studies plan, my mind feels peaceful now",education,calm,"higher,calm",low,high,vernacbridge_education_1000.csv
academic goal pathi yosikkama calm ah irukka try panren,I'm trying to stay calm without overthinking my academic goal,education,calm,"academic,calm",low,high,vernacbridge_education_1000.csv
"group study pathi ninacha thalai suthudhu, stress ah irukku","My head spins when I think about my group study, I'm stressed",education,stressed,"group,stressed",high,high,vernacbridge_education_1000.csv
fear of failure la parents expectation meet panna mudiyala nu guilt irukku,I feel guilty that I couldn't meet my parents' expectations in my fear of failure,education,guilty,"fear,guilty",medium,high,vernacbridge_education_1000.csv
"study motivation plan pannitten, ipo mind peaceful ah irukku","I've planned my study motivation, my mind feels peaceful now",education,calm,"study,calm",low,high,vernacbridge_education_1000.csv
record work la fail aayidumo nu romba bayanthu irukken,I'm really scared that I might fail my record work,education,fear,"record,fear",high,high,vernacbridge_education_1000.csv
"DSA preparation la top score vangiten, semma santhosham","I scored the top marks in my DSA preparation, I'm so delighted",education,happy,"dsa,happy",low,high,vernacbridge_education_1000.csv
"hackathon preparation la kadaisi nimusham varaikkum procrastinate pannitten, guilt ah irukku","I procrastinated my hackathon preparation till the last minute, I feel guilty",education,guilty,"hackathon,guilty",medium,high,vernacbridge_education_1000.csv
"college pathi yosichaale hands shake aagudhu, romba anxious","My hands shake when I think about my college, I'm really anxious",education,anxious,"college,anxious",high,high,vernacbridge_education_1000.csv
"project ku hard work pannitu irukken, result nalladhu varum nu nambikkai","I'm working hard on my project, I hope the result will be good",education,hopeful,"project,hopeful",low,high,vernacbridge_education_1000.csv
"scholarship pathi friends ellarum different advice kudukranga, confuse ah irukku","All my friends are giving different advice about my scholarship, I'm confused",education,confused,"scholarship,confused",medium,high,vernacbridge_education_1000.csv
hackathon nearagudhu nu ninachaale bayam varudhu,I feel scared whenever I think my hackathon is approaching,education,fear,"hackathon,fear",medium,high,vernacbridge_education_1000.csv
time management la fail aayidumo nu romba bayanthu irukken,I'm really scared that I might fail my time management,education,fear,"time,fear",high,high,vernacbridge_education_1000.csv
arrears pathi ninaicha kobam adangala,My anger doesn't settle down when I think about my arrears,education,angry,"arrears,angry",medium,high,vernacbridge_education_1000.csv
workshop la fail aayidumo nu romba bayanthu irukken,I'm really scared that I might fail my workshop,education,fear,"workshop,fear",high,high,vernacbridge_education_1000.csv
"electronics subject syllabus romba periya level la irukku, stress ah irukku","The syllabus for my electronics subject is huge, I'm stressed",education,stressed,"electronics,stressed",medium,high,vernacbridge_education_1000.csv
university exam result paathu romba sad ah aayiduchen,I felt really sad after seeing my university exam result,education,sad,"university,sad",medium,high,vernacbridge_education_1000.csv
"time management la nalla opportunity kedaichudhu, semma excited","I got a great opportunity in my time management, I'm so excited",education,excited,"time,excited",low,high,vernacbridge_education_1000.csv
"assignment nearagunna nenju padhapadhukudhu, anxious ah irukku","My heart races as my assignment approaches, I feel anxious",education,anxious,"assignment,anxious",medium,high,vernacbridge_education_1000.csv
"classmates deadline nearagudhu, romba stress ah irukku","My classmates deadline is approaching, I'm really stressed",education,stressed,"classmates,stressed",high,high,vernacbridge_education_1000.csv
professor pathi yosikkama calm ah irukka try panren,I'm trying to stay calm without overthinking my professor,education,calm,"professor,calm",low,high,vernacbridge_education_1000.csv
exam stress la parents expectation meet panna mudiyala nu guilt irukku,I feel guilty that I couldn't meet my parents' expectations in my exam stress,education,guilty,"exam,guilty",medium,high,vernacbridge_education_1000.csv
project la fail aayiduchen nu therinjadhum mind heavy ah aayiduchu,"The moment I found out I failed my project, my mind felt heavy",education,sad,"project,sad",medium,high,vernacbridge_education_1000.csv
"fear of failure plan pannitten, ipo mind peaceful ah irukku","I've planned my fear of failure, my mind feels peaceful now",education,calm,"fear,calm",low,high,vernacbridge_education_1000.csv
project preparation romba stress kudukudhu,Preparing for my project is giving me a lot of stress,education,stressed,"project,stressed",high,high,vernacbridge_education_1000.csv
"higher studies plan pathi teacher solradhukum notes irukradhukum match aagala, confuse ah irukku","What the teacher said about my higher studies plan doesn't match the notes, I'm confused",education,confused,"higher,confused",medium,high,vernacbridge_education_1000.csv
"competitive exam la top score vangiten, semma santhosham","I scored the top marks in my competitive exam, I'm so delighted",education,happy,"competitive,happy",low,high,vernacbridge_education_1000.csv
seminar pathi ninaicha kobam adangala,My anger doesn't settle down when I think about my seminar,education,angry,"seminar,angry",medium,high,vernacbridge_education_1000.csv
study motivation pathi negative outcome varumo nu fear ah irukku,I'm scared that my study motivation might have a negative outcome,education,fear,"study,fear",medium,high,vernacbridge_education_1000.csv
"attendance ippo kashtama irundhalum, mudivula nalladhu nadakum nu nambaren","Even though my attendance is hard right now, I believe it will end well",education,hopeful,"attendance,hopeful",low,high,vernacbridge_education_1000.csv
"project pathi over thinking pannitu irukken, sleep kooda varala","I've been overthinking about my project, I can't even sleep",education,anxious,"project,anxious",medium,high,vernacbridge_education_1000.csv
"embedded systems subject pathi konjam tension irundhalum, positive ah dhaan irukken","Even with some tension about my embedded systems subject, I'm staying positive",education,hopeful,"embedded,hopeful",low,high,vernacbridge_education_1000.csv
hostel life pathi ninachaale sad ah irukku,Thinking about my hostel life makes me feel sad,education,sad,"hostel,sad",medium,high,vernacbridge_education_1000.csv
"Python programming pathi teacher solradhukum notes irukradhukum match aagala, confuse ah irukku","What the teacher said about my Python programming doesn't match the notes, I'm confused",education,confused,"python,confused",medium,high,vernacbridge_education_1000.csv
"time management ku hard work pannitu irukken, result nalladhu varum nu nambikkai","I'm working hard on my time management, I hope the result will be good",education,hopeful,"time,hopeful",low,high,vernacbridge_education_1000.csv
attendance ku decision edukka mudiyama irukken innum,I still can't make a decision about my attendance,education,confused,"attendance,confused",medium,high,vernacbridge_education_1000.csv
presentation eppadi start pannanum nu theriyala,I don't know how to start my presentation,education,confused,"presentation,confused",medium,high,vernacbridge_education_1000.csv
"hostel life ku hard work pannitu irukken, result nalladhu varum nu nambikkai","I'm working hard on my hostel life, I hope the result will be good",education,hopeful,"hostel,hopeful",low,high,vernacbridge_education_1000.csv
"arrears ku hard work pannitu irukken, result nalladhu varum nu nambikkai","I'm working hard on my arrears, I hope the result will be good",education,hopeful,"arrears,hopeful",low,high,vernacbridge_education_1000.csv
"hackathon plan pannitten, ipo mind peaceful ah irukku","I've planned my hackathon, my mind feels peaceful now",education,calm,"hackathon,calm",low,high,vernacbridge_education_1000.csv
"workshop pathi ipo tension illa, mind calm ah irukku","I don't feel tense about my workshop anymore, my mind feels calm",education,calm,"workshop,calm",low,high,vernacbridge_education_1000.csv
lab work pathi yosichaale nenju padhapadhukudhu,My heart races with fear whenever I think about my lab work,education,fear,"lab,fear",medium,high,vernacbridge_education_1000.csv
viva preparation romba stress kudukudhu,Preparing for my viva is giving me a lot of stress,education,stressed,"viva,stressed",high,high,vernacbridge_education_1000.csv
"higher studies plan nalla nadakala, manasu heavy ah irukku","My higher studies plan did not go well, my heart feels heavy",education,sad,"higher,sad",medium,high,vernacbridge_education_1000.csv
"technical symposium syllabus romba periya level la irukku, stress ah irukku","The syllabus for my technical symposium is huge, I'm stressed",education,stressed,"technical,stressed",medium,high,vernacbridge_education_1000.csv
"fees payment la top score vangiten, semma santhosham","I scored the top marks in my fees payment, I'm so delighted",education,happy,"fees,happy",low,high,vernacbridge_education_1000.csv
"record work ippo kashtama irundhalum, mudivula nalladhu nadakum nu nambaren","Even though my record work is hard right now, I believe it will end well",education,hopeful,"record,hopeful",low,high,vernacbridge_education_1000.csv
class teacher pathi yosichaale nenju padhapadhukudhu,My heart races with fear whenever I think about my class teacher,education,fear,"class,fear",medium,high,vernacbridge_education_1000.csv
fear of failure pathi yosichaale nenju padhapadhukudhu,My heart races with fear whenever I think about my fear of failure,education,fear,"fear,fear",medium,high,vernacbridge_education_1000.csv
"new skill learning ku register pannitten, romba excited ah irukku","I registered for my learning a new skill, I'm really excited",education,excited,"new,excited",low,high,vernacbridge_education_1000.csv
"AI course time la yaarum help panna maatanga, thaniya feel panren","Nobody helps me during my AI course, I feel alone",education,lonely,"ai,lonely",medium,high,vernacbridge_education_1000.csv
"record work ku register pannitten, romba excited ah irukku","I registered for my record work, I'm really excited",education,excited,"record,excited",low,high,vernacbridge_education_1000.csv
fear of failure preparation romba stress kudukudhu,Preparing for my fear of failure is giving me a lot of stress,education,stressed,"fear,stressed",high,high,vernacbridge_education_1000.csv
"model exam pathi friends ellarum different advice kudukranga, confuse ah irukku","All my friends are giving different advice about my model exam, I'm confused",education,confused,"model,confused",medium,high,vernacbridge_education_1000.csv
embedded systems subject la fail aayiduchen nu therinjadhum mind heavy ah aayiduchu,"The moment I found out I failed my embedded systems subject, my mind felt heavy",education,sad,"embedded,sad",medium,high,vernacbridge_education_1000.csv
certification course la nalla mark varamale poidumo nu bayama irukku,I'm afraid I might not get good marks in my certification course,education,fear,"certification,fear",medium,high,vernacbridge_education_1000.csv
internship ku decision edukka mudiyama irukken innum,I still can't make a decision about my internship,education,confused,"internship,confused",medium,high,vernacbridge_education_1000.csv
"graduation deadline nearagudhu, romba stress ah irukku","My graduation deadline is approaching, I'm really stressed",education,stressed,"graduation,stressed",high,high,vernacbridge_education_1000.csv
scholarship pathi negative outcome varumo nu fear ah irukku,I'm scared that my scholarship might have a negative outcome,education,fear,"scholarship,fear",medium,high,vernacbridge_education_1000.csv
placements preparation pathi ninachaale sad ah irukku,Thinking about my placements preparation makes me feel sad,education,sad,"placements,sad",medium,high,vernacbridge_education_1000.csv
new skill learning la fail aayiduchen nu therinjadhum mind heavy ah aayiduchu,"The moment I found out I failed my learning a new skill, my mind felt heavy",education,sad,"new,sad",medium,high,vernacbridge_education_1000.csv
"college nalla prepare pannitten, ipo calm ah irukken","I've prepared well for my college, I feel calm now",education,calm,"college,calm",low,high,vernacbridge_education_1000.csv
"friends ellarum communication engineering pathi busy, naan thaniya irukken","All my friends are busy with their communication engineering, I'm on my own",education,lonely,"communication,lonely",low,high,vernacbridge_education_1000.csv
professor la enna approach follow pannanum nu confusion irukku,I'm confused about what approach to follow for my professor,education,confused,"professor,confused",medium,high,vernacbridge_education_1000.csv
"Python programming preparation ellam thaniya pannuren, konjam lonely ah irukku","I'm doing all my Python programming preparation alone, I feel a bit lonely",education,lonely,"python,lonely",medium,high,vernacbridge_education_1000.csv
university exam preparation romba stress kudukudhu,Preparing for my university exam is giving me a lot of stress,education,stressed,"university,stressed",high,high,vernacbridge_education_1000.csv
"presentation pathi results announce panna poranga, wait pannitu excited ah irukken","They're about to announce presentation results, I'm waiting excitedly",education,excited,"presentation,excited",low,high,vernacbridge_education_1000.csv
exam stress pathi yosichaale nenju padhapadhukudhu,My heart races with fear whenever I think about my exam stress,education,fear,"exam,fear",medium,high,vernacbridge_education_1000.csv
"viva pathi ninacha thalai suthudhu, stress ah irukku","My head spins when I think about my viva, I'm stressed",education,stressed,"viva,stressed",high,high,vernacbridge_education_1000.csv
research paper ku decision edukka mudiyama irukken innum,I still can't make a decision about my research paper,education,confused,"research,confused",medium,high,vernacbridge_education_1000.csv
"time management pathi ninacha thalai suthudhu, stress ah irukku","My head spins when I think about my time management, I'm stressed",education,stressed,"time,stressed",high,high,vernacbridge_education_1000.csv
"classmates preparation la kadaisi nimusham varaikkum procrastinate pannitten, guilt ah irukku","I procrastinated my classmates preparation till the last minute, I feel guilty",education,guilty,"classmates,guilty",medium,high,vernacbridge_education_1000.csv
"concentration ku parallel ah vera work kooda irukku, stress adhigama irukku","I have other work along with my concentration, the stress is very high",education,stressed,"concentration,stressed",high,high,vernacbridge_education_1000.csv
"exam stress start aaga innum konjam naal dhaan irukku, romba excited ah irukken","There's only a few days left for my exam stress to start, I'm really excited",education,excited,"exam,excited",low,high,vernacbridge_education_1000.csv
Python programming nalla mudinjadhu nu kelvi pattu happy ah irukken,"I heard my Python programming went well, I'm happy about it",education,happy,"python,happy",low,high,vernacbridge_education_1000.csv
assignment result eppo varum nu ninachu anxious ah irukken,I feel anxious wondering when my assignment result will come,education,anxious,"assignment,anxious",medium,high,vernacbridge_education_1000.csv
"assignment vishayathula unfair ah treat pannanga nu feel panren, romba frustration","I feel like I was treated unfairly regarding my assignment, it's really frustrating",education,angry,"assignment,angry",medium,high,vernacbridge_education_1000.csv
"internal exam pathi over thinking pannitu irukken, sleep kooda varala","I've been overthinking about my internal exam, I can't even sleep",education,anxious,"internal,anxious",medium,high,vernacbridge_education_1000.csv
scholarship pathi ninaicha kobam adangala,My anger doesn't settle down when I think about my scholarship,education,angry,"scholarship,angry",medium,high,vernacbridge_education_1000.csv
"model exam plan pannitten, ipo mind peaceful ah irukku","I've planned my model exam, my mind feels peaceful now",education,calm,"model,calm",low,high,vernacbridge_education_1000.csv
"internal exam pathi ipo tension illa, mind calm ah irukku","I don't feel tense about my internal exam anymore, my mind feels calm",education,calm,"internal,calm",low,high,vernacbridge_education_1000.csv
"new skill learning la nalla opportunity kedaichudhu, semma excited","I got a great opportunity in my learning a new skill, I'm so excited",education,excited,"new,excited",low,high,vernacbridge_education_1000.csv
communication engineering la fail aayiduchen nu therinjadhum mind heavy ah aayiduchu,"The moment I found out I failed my communication engineering, my mind felt heavy",education,sad,"communication,sad",medium,high,vernacbridge_education_1000.csv
DSA preparation preparation romba stress kudukudhu,Preparing for my DSA preparation is giving me a lot of stress,education,stressed,"dsa,stressed",high,high,vernacbridge_education_1000.csv
"friends ellarum fear of failure pathi busy, naan thaniya irukken","All my friends are busy with their fear of failure, I'm on my own",education,lonely,"fear,lonely",low,high,vernacbridge_education_1000.csv
DSA preparation pathi yosikkama calm ah irukka try panren,I'm trying to stay calm without overthinking my DSA preparation,education,calm,"dsa,calm",low,high,vernacbridge_education_1000.csv
"internship plan pannitten, ipo mind peaceful ah irukku","I've planned my internship, my mind feels peaceful now",education,calm,"internship,calm",low,high,vernacbridge_education_1000.csv
competitive exam ku sariyaana effort podala nu ippo guilt varudhu,I feel guilty now that I didn't put proper effort into my competitive exam,education,guilty,"competitive,guilty",medium,high,vernacbridge_education_1000.csv
workshop ku decision edukka mudiyama irukken innum,I still can't make a decision about my workshop,education,confused,"workshop,confused",medium,high,vernacbridge_education_1000.csv
"GATE preparation ku parallel ah vera work kooda irukku, stress adhigama irukku","I have other work along with my GATE preparation, the stress is very high",education,stressed,"gate,stressed",high,high,vernacbridge_education_1000.csv
"new skill learning vetri aaga mudinjadhu, happy ah irukku","I managed to succeed in my learning a new skill, I feel happy",education,happy,"new,happy",low,high,vernacbridge_education_1000.csv
"classmates time la yaarum help panna maatanga, thaniya feel panren","Nobody helps me during my classmates, I feel alone",education,lonely,"classmates,lonely",medium,high,vernacbridge_education_1000.csv
"classmates nalla nadakala, manasu heavy ah irukku","My classmates did not go well, my heart feels heavy",education,sad,"classmates,sad",medium,high,vernacbridge_education_1000.csv
"semester exam pathi results announce panna poranga, wait pannitu excited ah irukken","They're about to announce semester exam results, I'm waiting excitedly",education,excited,"semester,excited",low,high,vernacbridge_education_1000.csv
model exam nalla poidum nu nambikkai irukku,I have hope that my model exam will go well,education,hopeful,"model,hopeful",low,high,vernacbridge_education_1000.csv
"academic goal ku register pannitten, romba excited ah irukku","I registered for my academic goal, I'm really excited",education,excited,"academic,excited",low,high,vernacbridge_education_1000.csv
"coding practice syllabus romba periya level la irukku, stress ah irukku","The syllabus for my coding practice is huge, I'm stressed",education,stressed,"coding,stressed",medium,high,vernacbridge_education_1000.csv
"school nalla prepare pannitten, ipo calm ah irukken","I've prepared well for my school, I feel calm now",education,calm,"school,calm",low,high,vernacbridge_education_1000.csv
"viva result nalla vandhudhu, semma happy ah irukken","My viva result came out well, I'm so happy about it",education,happy,"viva,happy",low,high,vernacbridge_education_1000.csv
"attendance preparation ellam thaniya pannuren, konjam lonely ah irukku","I'm doing all my attendance preparation alone, I feel a bit lonely",education,lonely,"attendance,lonely",medium,high,vernacbridge_education_1000.csv
"coding practice expect panna madhiri nadakala, romba vaguthadhu","My coding practice didn't turn out as I expected, it really disappointed me",education,sad,"coding,sad",medium,high,vernacbridge_education_1000.csv
hackathon preparation romba stress kudukudhu,Preparing for my hackathon is giving me a lot of stress,education,stressed,"hackathon,stressed",high,high,vernacbridge_education_1000.csv
technical symposium result paathu romba sad ah aayiduchen,I felt really sad after seeing my technical symposium result,education,sad,"technical,sad",medium,high,vernacbridge_education_1000.csv
"professor pathi ipo tension illa, mind calm ah irukku","I don't feel tense about my professor anymore, my mind feels calm",education,calm,"professor,calm",low,high,vernacbridge_education_1000.csv
Python programming la fail aayiduchen nu therinjadhum mind heavy ah aayiduchu,"The moment I found out I failed my Python programming, my mind felt heavy",education,sad,"python,sad",medium,high,vernacbridge_education_1000.csv
communication engineering result eppo varum nu ninachu anxious ah irukken,I feel anxious wondering when my communication engineering result will come,education,anxious,"communication,anxious",medium,high,vernacbridge_education_1000.csv
"classroom start aaga innum konjam naal dhaan irukku, romba excited ah irukken","There's only a few days left for my classroom to start, I'm really excited",education,excited,"classroom,excited",low,high,vernacbridge_education_1000.csv
"workshop vishayathula unfair ah treat pannanga nu feel panren, romba frustration","I feel like I was treated unfairly regarding my workshop, it's really frustrating",education,angry,"workshop,angry",medium,high,vernacbridge_education_1000.csv
"friends ellarum record work pathi busy, naan thaniya irukken","All my friends are busy with their record work, I'm on my own",education,lonely,"record,lonely",low,high,vernacbridge_education_1000.csv
"hostel life nalla prepare pannitten, ipo calm ah irukken","I've prepared well for my hostel life, I feel calm now",education,calm,"hostel,calm",low,high,vernacbridge_education_1000.csv
"academic goal pathi over thinking pannitu irukken, sleep kooda varala","I've been overthinking about my academic goal, I can't even sleep",education,anxious,"academic,anxious",medium,high,vernacbridge_education_1000.csv
"school ku nalla prepare aagalaya nu doubt varudhu, anxious ah irukku","I keep doubting whether I've prepared well for my school, I'm anxious",education,anxious,"school,anxious",medium,high,vernacbridge_education_1000.csv
"placements preparation pathi pesa yarum illa hostel la, lonely ah irukku","There's no one to talk to about my placements preparation in the hostel, I feel lonely",education,lonely,"placements,lonely",medium,high,vernacbridge_education_1000.csv
"semester exam ku parallel ah vera work kooda irukku, stress adhigama irukku","I have other work along with my semester exam, the stress is very high",education,stressed,"semester,stressed",high,high,vernacbridge_education_1000.csv
"AI course konjam kashtama irundhalum, future bright ah irukum nu feel panren","Even though my AI course is a bit tough, I feel the future will be bright",education,hopeful,"ai,hopeful",low,high,vernacbridge_education_1000.csv
"study motivation ippo kashtama irundhalum, mudivula nalladhu nadakum nu nambaren","Even though my study motivation is hard right now, I believe it will end well",education,hopeful,"study,hopeful",low,high,vernacbridge_education_1000.csv
"workshop time la yaarum help panna maatanga, thaniya feel panren","Nobody helps me during my workshop, I feel alone",education,lonely,"workshop,lonely",medium,high,vernacbridge_education_1000.csv
concentration result paathu romba sad ah aayiduchen,I felt really sad after seeing my concentration result,education,sad,"concentration,sad",medium,high,vernacbridge_education_1000.csv
"academic goal time la yaarum help panna maatanga, thaniya feel panren","Nobody helps me during my academic goal, I feel alone",education,lonely,"academic,lonely",medium,high,vernacbridge_education_1000.csv
"class teacher la nalla opportunity kedaichudhu, semma excited","I got a great opportunity in my class teacher, I'm so excited",education,excited,"class,excited",low,high,vernacbridge_education_1000.csv
homework ku decision edukka mudiyama irukken innum,I still can't make a decision about my homework,education,confused,"homework,confused",medium,high,vernacbridge_education_1000.csv
academic goal result eppo varum nu ninachu anxious ah irukken,I feel anxious wondering when my academic goal result will come,education,anxious,"academic,anxious",medium,high,vernacbridge_education_1000.csv
"graduation ku new topics padikka poren nu thonudhu, excited ah irukku",I'm excited thinking about the new topics I'll learn in my graduation,education,excited,"graduation,excited",low,high,vernacbridge_education_1000.csv
attendance ku team ah let down pannitten nu guilt irukku,I feel guilty that I let my team down regarding my attendance,education,guilty,"attendance,guilty",medium,high,vernacbridge_education_1000.csv
"competitive exam pathi yosichaale hands shake aagudhu, romba anxious","My hands shake when I think about my competitive exam, I'm really anxious",education,anxious,"competitive,anxious",high,high,vernacbridge_education_1000.csv
"project nearagunna nenju padhapadhukudhu, anxious ah irukku","My heart races as my project approaches, I feel anxious",education,anxious,"project,anxious",medium,high,vernacbridge_education_1000.csv
school pathi yosichaale nenju padhapadhukudhu,My heart races with fear whenever I think about my school,education,fear,"school,fear",medium,high,vernacbridge_education_1000.csv
"model exam ku nalla prepare aagalaya nu doubt varudhu, anxious ah irukku","I keep doubting whether I've prepared well for my model exam, I'm anxious",education,anxious,"model,anxious",medium,high,vernacbridge_education_1000.csv
"seminar konjam kashtama irundhalum, future bright ah irukum nu feel panren","Even though my seminar is a bit tough, I feel the future will be bright",education,hopeful,"seminar,hopeful",low,high,vernacbridge_education_1000.csv
fees payment pathi ninachaale sad ah irukku,Thinking about my fees payment makes me feel sad,education,sad,"fees,sad",medium,high,vernacbridge_education_1000.csv
"class teacher pathi friends ellarum different advice kudukranga, confuse ah irukku","All my friends are giving different advice about my class teacher, I'm confused",education,confused,"class,confused",medium,high,vernacbridge_education_1000.csv
"record work discuss panna yarum kedaikala, lonely feel aagudhu","I couldn't find anyone to discuss my record work with, I feel lonely",education,lonely,"record,lonely",medium,high,vernacbridge_education_1000.csv
"friends ellarum attendance pathi busy, naan thaniya irukken","All my friends are busy with their attendance, I'm on my own",education,lonely,"attendance,lonely",low,high,vernacbridge_education_1000.csv
"assignment preparation ellam thaniya pannuren, konjam lonely ah irukku","I'm doing all my assignment preparation alone, I feel a bit lonely",education,lonely,"assignment,lonely",medium,high,vernacbridge_education_1000.csv
"certification course ku promise panni miss pannitten, romba guilty ah feel panren","I promised something for my certification course and missed it, I feel really guilty",education,guilty,"certification,guilty",medium,high,vernacbridge_education_1000.csv
project nearagudhu nu ninachaale bayam varudhu,I feel scared whenever I think my project is approaching,education,fear,"project,fear",medium,high,vernacbridge_education_1000.csv
technical symposium la parents expectation meet panna mudiyala nu guilt irukku,I feel guilty that I couldn't meet my parents' expectations in my technical symposium,education,guilty,"technical,guilty",medium,high,vernacbridge_education_1000.csv
"university nalla prepare pannitten, ipo calm ah irukken","I've prepared well for my university, I feel calm now",education,calm,"university,calm",low,high,vernacbridge_education_1000.csv
school result eppo varum nu ninachu anxious ah irukken,I feel anxious wondering when my school result will come,education,anxious,"school,anxious",medium,high,vernacbridge_education_1000.csv
"attendance pathi yosichaale hands shake aagudhu, romba anxious","My hands shake when I think about my attendance, I'm really anxious",education,anxious,"attendance,anxious",high,high,vernacbridge_education_1000.csv
"project la nalla opportunity kedaichudhu, semma excited","I got a great opportunity in my project, I'm so excited",education,excited,"project,excited",low,high,vernacbridge_education_1000.csv
"homework result nalla vandhudhu, semma happy ah irukken","My homework result came out well, I'm so happy about it",education,happy,"homework,happy",low,high,vernacbridge_education_1000.csv
communication engineering eppadi start pannanum nu theriyala,I don't know how to start my communication engineering,education,confused,"communication,confused",medium,high,vernacbridge_education_1000.csv
"hostel life pathi friends ellarum different advice kudukranga, confuse ah irukku","All my friends are giving different advice about my hostel life, I'm confused",education,confused,"hostel,confused",medium,high,vernacbridge_education_1000.csv
"homework start aaga innum konjam naal dhaan irukku, romba excited ah irukken","There's only a few days left for my homework to start, I'm really excited",education,excited,"homework,excited",low,high,vernacbridge_education_1000.csv
"DSA preparation ku hard work pannitu irukken, result nalladhu varum nu nambikkai","I'm working hard on my DSA preparation, I hope the result will be good",education,hopeful,"dsa,hopeful",low,high,vernacbridge_education_1000.csv
"assignment syllabus romba periya level la irukku, stress ah irukku","The syllabus for my assignment is huge, I'm stressed",education,stressed,"assignment,stressed",medium,high,vernacbridge_education_1000.csv
"model exam pathi over thinking pannitu irukken, sleep kooda varala","I've been overthinking about my model exam, I can't even sleep",education,anxious,"model,anxious",medium,high,vernacbridge_education_1000.csv
AI course ku decision edukka mudiyama irukken innum,I still can't make a decision about my AI course,education,confused,"ai,confused",medium,high,vernacbridge_education_1000.csv
hostel life result paathu romba sad ah aayiduchen,I felt really sad after seeing my hostel life result,education,sad,"hostel,sad",medium,high,vernacbridge_education_1000.csv
fear of failure nalla mudinjadhu nu kelvi pattu happy ah irukken,"I heard my fear of failure went well, I'm happy about it",education,happy,"fear,happy",low,high,vernacbridge_education_1000.csv
"placements preparation ku promise panni miss pannitten, romba guilty ah feel panren","I promised something for my placements preparation and missed it, I feel really guilty",education,guilty,"placements,guilty",medium,high,vernacbridge_education_1000.csv
competitive exam nalla poidum nu nambikkai irukku,I have hope that my competitive exam will go well,education,hopeful,"competitive,hopeful",low,high,vernacbridge_education_1000.csv
"new skill learning pathi konjam tension irundhalum, positive ah dhaan irukken","Even with some tension about my learning a new skill, I'm staying positive",education,hopeful,"new,hopeful",low,high,vernacbridge_education_1000.csv
"internship vetri aaga mudinjadhu, happy ah irukku","I managed to succeed in my internship, I feel happy",education,happy,"internship,happy",low,high,vernacbridge_education_1000.csv
"viva ku register pannitten, romba excited ah irukku","I registered for my viva, I'm really excited",education,excited,"viva,excited",low,high,vernacbridge_education_1000.csv
"group study deadline nearagudhu, romba stress ah irukku","My group study deadline is approaching, I'm really stressed",education,stressed,"group,stressed",high,high,vernacbridge_education_1000.csv
college nalla poidum nu nambikkai irukku,I have hope that my college will go well,education,hopeful,"college,hopeful",low,high,vernacbridge_education_1000.csv
classroom nearagudhu nu ninachaale bayam varudhu,I feel scared whenever I think my classroom is approaching,education,fear,"classroom,fear",medium,high,vernacbridge_education_1000.csv
"DSA preparation plan pannitten, ipo mind peaceful ah irukku","I've planned my DSA preparation, my mind feels peaceful now",education,calm,"dsa,calm",low,high,vernacbridge_education_1000.csv
"concentration pathi accept pannitten, calm ah feel panren","I've accepted things about my concentration, I feel calm",education,calm,"concentration,calm",low,high,vernacbridge_education_1000.csv
"hackathon pathi ninacha thalai suthudhu, stress ah irukku","My head spins when I think about my hackathon, I'm stressed",education,stressed,"hackathon,stressed",high,high,vernacbridge_education_1000.csv
assignment result paathu romba sad ah aayiduchen,I felt really sad after seeing my assignment result,education,sad,"assignment,sad",medium,high,vernacbridge_education_1000.csv
presentation ku sariyaana effort podala nu ippo guilt varudhu,I feel guilty now that I didn't put proper effort into my presentation,education,guilty,"presentation,guilty",medium,high,vernacbridge_education_1000.csv
AI course pathi yosichaale nenju padhapadhukudhu,My heart races with fear whenever I think about my AI course,education,fear,"ai,fear",medium,high,vernacbridge_education_1000.csv
"university exam ku hard work pannitu irukken, result nalladhu varum nu nambikkai","I'm working hard on my university exam, I hope the result will be good",education,hopeful,"university,hopeful",low,high,vernacbridge_education_1000.csv
DSA preparation la nalla mark varamale poidumo nu bayama irukku,I'm afraid I might not get good marks in my DSA preparation,education,fear,"dsa,fear",medium,high,vernacbridge_education_1000.csv
"competitive exam time la yaarum help panna maatanga, thaniya feel panren","Nobody helps me during my competitive exam, I feel alone",education,lonely,"competitive,lonely",medium,high,vernacbridge_education_1000.csv
"DSA preparation expect panna madhiri nadakala, romba vaguthadhu","My DSA preparation didn't turn out as I expected, it really disappointed me",education,sad,"dsa,sad",medium,high,vernacbridge_education_1000.csv
class teacher result paathu romba sad ah aayiduchen,I felt really sad after seeing my class teacher result,education,sad,"class,sad",medium,high,vernacbridge_education_1000.csv
"hackathon pathi accept pannitten, calm ah feel panren","I've accepted things about my hackathon, I feel calm",education,calm,"hackathon,calm",low,high,vernacbridge_education_1000.csv
"professor pathi konjam tension irundhalum, positive ah dhaan irukken","Even with some tension about my professor, I'm staying positive",education,hopeful,"professor,hopeful",low,high,vernacbridge_education_1000.csv
"electronics subject pathi konjam tension irundhalum, positive ah dhaan irukken","Even with some tension about my electronics subject, I'm staying positive",education,hopeful,"electronics,hopeful",low,high,vernacbridge_education_1000.csv
"study motivation la top score vangiten, semma santhosham","I scored the top marks in my study motivation, I'm so delighted",education,happy,"study,happy",low,high,vernacbridge_education_1000.csv
"electronics subject ippo kashtama irundhalum, mudivula nalladhu nadakum nu nambaren","Even though my electronics subject is hard right now, I believe it will end well",education,hopeful,"electronics,hopeful",low,high,vernacbridge_education_1000.csv
"study motivation ku register pannitten, romba excited ah irukku","I registered for my study motivation, I'm really excited",education,excited,"study,excited",low,high,vernacbridge_education_1000.csv
"placements preparation deadline nearagudhu, romba stress ah irukku","My placements preparation deadline is approaching, I'm really stressed",education,stressed,"placements,stressed",high,high,vernacbridge_education_1000.csv
"lab work ku new topics padikka poren nu thonudhu, excited ah irukku",I'm excited thinking about the new topics I'll learn in my lab work,education,excited,"lab,excited",low,high,vernacbridge_education_1000.csv
college result eppo varum nu ninachu anxious ah irukken,I feel anxious wondering when my college result will come,education,anxious,"college,anxious",medium,high,vernacbridge_education_1000.csv
"academic goal pathi pesa yarum illa hostel la, lonely ah irukku","There's no one to talk to about my academic goal in the hostel, I feel lonely",education,lonely,"academic,lonely",medium,high,vernacbridge_education_1000.csv
"hostel life pathi results announce panna poranga, wait pannitu excited ah irukken","They're about to announce hostel life results, I'm waiting excitedly",education,excited,"hostel,excited",low,high,vernacbridge_education_1000.csv
"hostel life pathi teacher solradhukum notes irukradhukum match aagala, confuse ah irukku","What the teacher said about my hostel life doesn't match the notes, I'm confused",education,confused,"hostel,confused",medium,high,vernacbridge_education_1000.csv
"coding practice ku nalla prepare aagalaya nu doubt varudhu, anxious ah irukku","I keep doubting whether I've prepared well for my coding practice, I'm anxious",education,anxious,"coding,anxious",medium,high,vernacbridge_education_1000.csv
certification course pathi negative outcome varumo nu fear ah irukku,I'm scared that my certification course might have a negative outcome,education,fear,"certification,fear",medium,high,vernacbridge_education_1000.csv
"university la top score vangiten, semma santhosham","I scored the top marks in my university, I'm so delighted",education,happy,"university,happy",low,high,vernacbridge_education_1000.csv
"fear of failure pathi over thinking pannitu irukken, sleep kooda varala","I've been overthinking about my fear of failure, I can't even sleep",education,anxious,"fear,anxious",medium,high,vernacbridge_education_1000.csv
classroom la parents expectation meet panna mudiyala nu guilt irukku,I feel guilty that I couldn't meet my parents' expectations in my classroom,education,guilty,"classroom,guilty",medium,high,vernacbridge_education_1000.csv
"study motivation pathi ipo tension illa, mind calm ah irukku","I don't feel tense about my study motivation anymore, my mind feels calm",education,calm,"study,calm",low,high,vernacbridge_education_1000.csv
higher studies plan result paathu romba sad ah aayiduchen,I felt really sad after seeing my higher studies plan result,education,sad,"higher,sad",medium,high,vernacbridge_education_1000.csv
group study result eppo varum nu ninachu anxious ah irukken,I feel anxious wondering when my group study result will come,education,anxious,"group,anxious",medium,high,vernacbridge_education_1000.csv
"assignment schedule last nimushathula maathitanga, romba irritation","They changed the assignment schedule at the last minute, it's really irritating",education,angry,"assignment,angry",medium,high,vernacbridge_education_1000.csv
"friends ellarum group study pathi busy, naan thaniya irukken","All my friends are busy with their group study, I'm on my own",education,lonely,"group,lonely",low,high,vernacbridge_education_1000.csv
"concentration ku hard work pannitu irukken, result nalladhu varum nu nambikkai","I'm working hard on my concentration, I hope the result will be good",education,hopeful,"concentration,hopeful",low,high,vernacbridge_education_1000.csv
placements preparation ku team ah let down pannitten nu guilt irukku,I feel guilty that I let my team down regarding my placements preparation,education,guilty,"placements,guilty",medium,high,vernacbridge_education_1000.csv
"model exam pathi nalla feedback kedaichudhu, mood romba happy","I got good feedback about my model exam, my mood is really happy",education,happy,"model,happy",low,high,vernacbridge_education_1000.csv
class teacher nalla poidum nu nambikkai irukku,I have hope that my class teacher will go well,education,hopeful,"class,hopeful",low,high,vernacbridge_education_1000.csv
"lab work syllabus romba periya level la irukku, stress ah irukku","The syllabus for my lab work is huge, I'm stressed",education,stressed,"lab,stressed",medium,high,vernacbridge_education_1000.csv
"workshop plan pannitten, ipo mind peaceful ah irukku","I've planned my workshop, my mind feels peaceful now",education,calm,"workshop,calm",low,high,vernacbridge_education_1000.csv
record work pathi negative outcome varumo nu fear ah irukku,I'm scared that my record work might have a negative outcome,education,fear,"record,fear",medium,high,vernacbridge_education_1000.csv
"friends ellarum internal exam pathi busy, naan thaniya irukken","All my friends are busy with their internal exam, I'm on my own",education,lonely,"internal,lonely",low,high,vernacbridge_education_1000.csv
"homework ku register pannitten, romba excited ah irukku","I registered for my homework, I'm really excited",education,excited,"homework,excited",low,high,vernacbridge_education_1000.csv
"semester exam konjam kashtama irundhalum, future bright ah irukum nu feel panren","Even though my semester exam is a bit tough, I feel the future will be bright",education,hopeful,"semester,hopeful",low,high,vernacbridge_education_1000.csv
"model exam pathi results announce panna poranga, wait pannitu excited ah irukken","They're about to announce model exam results, I'm waiting excitedly",education,excited,"model,excited",low,high,vernacbridge_education_1000.csv
practical exam la nalla mark varamale poidumo nu bayama irukku,I'm afraid I might not get good marks in my practical exam,education,fear,"practical,fear",medium,high,vernacbridge_education_1000.csv
"attendance deadline nearagudhu, romba stress ah irukku","My attendance deadline is approaching, I'm really stressed",education,stressed,"attendance,stressed",high,high,vernacbridge_education_1000.csv
coding practice preparation romba stress kudukudhu,Preparing for my coding practice is giving me a lot of stress,education,stressed,"coding,stressed",high,high,vernacbridge_education_1000.csv
"technical symposium pathi yosichaale hands shake aagudhu, romba anxious","My hands shake when I think about my technical symposium, I'm really anxious",education,anxious,"technical,anxious",high,high,vernacbridge_education_1000.csv
fees payment la parents expectation meet panna mudiyala nu guilt irukku,I feel guilty that I couldn't meet my parents' expectations in my fees payment,education,guilty,"fees,guilty",medium,high,vernacbridge_education_1000.csv
"homework ku nalla prepare aagalaya nu doubt varudhu, anxious ah irukku","I keep doubting whether I've prepared well for my homework, I'm anxious",education,anxious,"homework,anxious",medium,high,vernacbridge_education_1000.csv
"school preparation la kadaisi nimusham varaikkum procrastinate pannitten, guilt ah irukku","I procrastinated my school preparation till the last minute, I feel guilty",education,guilty,"school,guilty",medium,high,vernacbridge_education_1000.csv
"time management pathi teacher venaama kadinama pesinanga, kobama irukku","The teacher spoke harshly to me about my time management for no reason, I'm angry",education,angry,"time,angry",medium,high,vernacbridge_education_1000.csv
"arrears nalla prepare pannitten, ipo calm ah irukken","I've prepared well for my arrears, I feel calm now",education,calm,"arrears,calm",low,high,vernacbridge_education_1000.csv
research paper pathi ninachaale sad ah irukku,Thinking about my research paper makes me feel sad,education,sad,"research,sad",medium,high,vernacbridge_education_1000.csv
"internal exam konjam kashtama irundhalum, future bright ah irukum nu feel panren","Even though my internal exam is a bit tough, I feel the future will be bright",education,hopeful,"internal,hopeful",low,high,vernacbridge_education_1000.csv
"Python programming deadline nearagudhu, romba stress ah irukku","My Python programming deadline is approaching, I'm really stressed",education,stressed,"python,stressed",high,high,vernacbridge_education_1000.csv
"hackathon la top score vangiten, semma santhosham","I scored the top marks in my hackathon, I'm so delighted",education,happy,"hackathon,happy",low,high,vernacbridge_education_1000.csv
graduation nalla mudinjadhu nu kelvi pattu happy ah irukken,"I heard my graduation went well, I'm happy about it",education,happy,"graduation,happy",low,high,vernacbridge_education_1000.csv
"placements preparation ku register pannitten, romba excited ah irukku","I registered for my placements preparation, I'm really excited",education,excited,"placements,excited",low,high,vernacbridge_education_1000.csv
"GATE preparation nearagunna nenju padhapadhukudhu, anxious ah irukku","My heart races as my GATE preparation approaches, I feel anxious",education,anxious,"gate,anxious",medium,high,vernacbridge_education_1000.csv
classroom nalla poidum nu nambikkai irukku,I have hope that my classroom will go well,education,hopeful,"classroom,hopeful",low,high,vernacbridge_education_1000.csv
"group study pathi pesa yarum illa hostel la, lonely ah irukku","There's no one to talk to about my group study in the hostel, I feel lonely",education,lonely,"group,lonely",medium,high,vernacbridge_education_1000.csv
"hackathon ku parallel ah vera work kooda irukku, stress adhigama irukku","I have other work along with my hackathon, the stress is very high",education,stressed,"hackathon,stressed",high,high,vernacbridge_education_1000.csv
"school preparation ellam thaniya pannuren, konjam lonely ah irukku","I'm doing all my school preparation alone, I feel a bit lonely",education,lonely,"school,lonely",medium,high,vernacbridge_education_1000.csv
"AI course pathi ninacha thalai suthudhu, stress ah irukku","My head spins when I think about my AI course, I'm stressed",education,stressed,"ai,stressed",high,high,vernacbridge_education_1000.csv
"technical symposium plan pannitten, ipo mind peaceful ah irukku","I've planned my technical symposium, my mind feels peaceful now",education,calm,"technical,calm",low,high,vernacbridge_education_1000.csv
internal exam la fail aayidumo nu romba bayanthu irukken,I'm really scared that I might fail my internal exam,education,fear,"internal,fear",high,high,vernacbridge_education_1000.csv
hackathon pathi yosikkama calm ah irukka try panren,I'm trying to stay calm without overthinking my hackathon,education,calm,"hackathon,calm",low,high,vernacbridge_education_1000.csv
"exam stress schedule last nimushathula maathitanga, romba irritation","They changed the exam stress schedule at the last minute, it's really irritating",education,angry,"exam,angry",medium,high,vernacbridge_education_1000.csv
"concentration ku nalla prepare aagalaya nu doubt varudhu, anxious ah irukku","I keep doubting whether I've prepared well for my concentration, I'm anxious",education,anxious,"concentration,anxious",medium,high,vernacbridge_education_1000.csv
record work nalla poidum nu nambikkai irukku,I have hope that my record work will go well,education,hopeful,"record,hopeful",low,high,vernacbridge_education_1000.csv
"fees payment ku register pannitten, romba excited ah irukku","I registered for my fees payment, I'm really excited",education,excited,"fees,excited",low,high,vernacbridge_education_1000.csv
"technical symposium pathi pesa yarum illa hostel la, lonely ah irukku","There's no one to talk to about my technical symposium in the hostel, I feel lonely",education,lonely,"technical,lonely",medium,high,vernacbridge_education_1000.csv
homework pathi yosichaale nenju padhapadhukudhu,My heart races with fear whenever I think about my homework,education,fear,"homework,fear",medium,high,vernacbridge_education_1000.csv
"workshop pathi nalla feedback kedaichudhu, mood romba happy","I got good feedback about my workshop, my mood is really happy",education,happy,"workshop,happy",low,high,vernacbridge_education_1000.csv
"time management time la yaarum help panna maatanga, thaniya feel panren","Nobody helps me during my time management, I feel alone",education,lonely,"time,lonely",medium,high,vernacbridge_education_1000.csv
"seminar ku promise panni miss pannitten, romba guilty ah feel panren","I promised something for my seminar and missed it, I feel really guilty",education,guilty,"seminar,guilty",medium,high,vernacbridge_education_1000.csv
arrears ku team ah let down pannitten nu guilt irukku,I feel guilty that I let my team down regarding my arrears,education,guilty,"arrears,guilty",medium,high,vernacbridge_education_1000.csv
communication engineering ku decision edukka mudiyama irukken innum,I still can't make a decision about my communication engineering,education,confused,"communication,confused",medium,high,vernacbridge_education_1000.csv
"group study pathi teacher venaama kadinama pesinanga, kobama irukku","The teacher spoke harshly to me about my group study for no reason, I'm angry",education,angry,"group,angry",medium,high,vernacbridge_education_1000.csv
attendance result paathu romba sad ah aayiduchen,I felt really sad after seeing my attendance result,education,sad,"attendance,sad",medium,high,vernacbridge_education_1000.csv
university nalla mudinjadhu nu kelvi pattu happy ah irukken,"I heard my university went well, I'm happy about it",education,happy,"university,happy",low,high,vernacbridge_education_1000.csv
"internship vishayathula unfair ah treat pannanga nu feel panren, romba frustration","I feel like I was treated unfairly regarding my internship, it's really frustrating",education,angry,"internship,angry",medium,high,vernacbridge_education_1000.csv
"class teacher expect panna madhiri nadakala, romba vaguthadhu","My class teacher didn't turn out as I expected, it really disappointed me",education,sad,"class,sad",medium,high,vernacbridge_education_1000.csv
DSA preparation la enna approach follow pannanum nu confusion irukku,I'm confused about what approach to follow for my DSA preparation,education,confused,"dsa,confused",medium,high,vernacbridge_education_1000.csv
"hackathon ku promise panni miss pannitten, romba guilty ah feel panren","I promised something for my hackathon and missed it, I feel really guilty",education,guilty,"hackathon,guilty",medium,high,vernacbridge_education_1000.csv
academic goal nalla mudinjadhu nu kelvi pattu happy ah irukken,"I heard my academic goal went well, I'm happy about it",education,happy,"academic,happy",low,high,vernacbridge_education_1000.csv
AI course la fail aayidumo nu romba bayanthu irukken,I'm really scared that I might fail my AI course,education,fear,"ai,fear",high,high,vernacbridge_education_1000.csv
"internship schedule last nimushathula maathitanga, romba irritation","They changed the internship schedule at the last minute, it's really irritating",education,angry,"internship,angry",medium,high,vernacbridge_education_1000.csv
"presentation ippo kashtama irundhalum, mudivula nalladhu nadakum nu nambaren","Even though my presentation is hard right now, I believe it will end well",education,hopeful,"presentation,hopeful",low,high,vernacbridge_education_1000.csv
assignment pathi yosikkama calm ah irukka try panren,I'm trying to stay calm without overthinking my assignment,education,calm,"assignment,calm",low,high,vernacbridge_education_1000.csv
"lab work ippo kashtama irundhalum, mudivula nalladhu nadakum nu nambaren","Even though my lab work is hard right now, I believe it will end well",education,hopeful,"lab,hopeful",low,high,vernacbridge_education_1000.csv
"communication engineering preparation la kadaisi nimusham varaikkum procrastinate pannitten, guilt ah irukku","I procrastinated my communication engineering preparation till the last minute, I feel guilty",education,guilty,"communication,guilty",medium,high,vernacbridge_education_1000.csv
certification course nalla poidum nu nambikkai irukku,I have hope that my certification course will go well,education,hopeful,"certification,hopeful",low,high,vernacbridge_education_1000.csv
"scholarship ku register pannitten, romba excited ah irukku","I registered for my scholarship, I'm really excited",education,excited,"scholarship,excited",low,high,vernacbridge_education_1000.csv
project ku team ah let down pannitten nu guilt irukku,I feel guilty that I let my team down regarding my project,education,guilty,"project,guilty",medium,high,vernacbridge_education_1000.csv
"hackathon konjam kashtama irundhalum, future bright ah irukum nu feel panren","Even though my hackathon is a bit tough, I feel the future will be bright",education,hopeful,"hackathon,hopeful",low,high,vernacbridge_education_1000.csv
"professor pathi results announce panna poranga, wait pannitu excited ah irukken","They're about to announce professor results, I'm waiting excitedly",education,excited,"professor,excited",low,high,vernacbridge_education_1000.csv
scholarship ku decision edukka mudiyama irukken innum,I still can't make a decision about my scholarship,education,confused,"scholarship,confused",medium,high,vernacbridge_education_1000.csv
"scholarship ku hard work pannitu irukken, result nalladhu varum nu nambikkai","I'm working hard on my scholarship, I hope the result will be good",education,hopeful,"scholarship,hopeful",low,high,vernacbridge_education_1000.csv
"certification course nalla prepare pannitten, ipo calm ah irukken","I've prepared well for my certification course, I feel calm now",education,calm,"certification,calm",low,high,vernacbridge_education_1000.csv
"electronics subject vishayathula unfair ah treat pannanga nu feel panren, romba frustration","I feel like I was treated unfairly regarding my electronics subject, it's really frustrating",education,angry,"electronics,angry",medium,high,vernacbridge_education_1000.csv
"university exam deadline nearagudhu, romba stress ah irukku","My university exam deadline is approaching, I'm really stressed",education,stressed,"university,stressed",high,high,vernacbridge_education_1000.csv
"record work time la yaarum help panna maatanga, thaniya feel panren","Nobody helps me during my record work, I feel alone",education,lonely,"record,lonely",medium,high,vernacbridge_education_1000.csv
competitive exam pathi ninaicha kobam adangala,My anger doesn't settle down when I think about my competitive exam,education,angry,"competitive,angry",medium,high,vernacbridge_education_1000.csv
"embedded systems subject nalla prepare pannitten, ipo calm ah irukken","I've prepared well for my embedded systems subject, I feel calm now",education,calm,"embedded,calm",low,high,vernacbridge_education_1000.csv
"viva vishayathula unfair ah treat pannanga nu feel panren, romba frustration","I feel like I was treated unfairly regarding my viva, it's really frustrating",education,angry,"viva,angry",medium,high,vernacbridge_education_1000.csv
"study motivation result nalla vandhudhu, semma happy ah irukken","My study motivation result came out well, I'm so happy about it",education,happy,"study,happy",low,high,vernacbridge_education_1000.csv
"fear of failure pathi results announce panna poranga, wait pannitu excited ah irukken","They're about to announce fear of failure results, I'm waiting excitedly",education,excited,"fear,excited",low,high,vernacbridge_education_1000.csv
"communication engineering pathi ninacha thalai suthudhu, stress ah irukku","My head spins when I think about my communication engineering, I'm stressed",education,stressed,"communication,stressed",high,high,vernacbridge_education_1000.csv
"coding practice ku hard work pannitu irukken, result nalladhu varum nu nambikkai","I'm working hard on my coding practice, I hope the result will be good",education,hopeful,"coding,hopeful",low,high,vernacbridge_education_1000.csv
concentration la enna approach follow pannanum nu confusion irukku,I'm confused about what approach to follow for my concentration,education,confused,"concentration,confused",medium,high,vernacbridge_education_1000.csv
"project syllabus romba periya level la irukku, stress ah irukku","The syllabus for my project is huge, I'm stressed",education,stressed,"project,stressed",medium,high,vernacbridge_education_1000.csv
communication engineering preparation romba stress kudukudhu,Preparing for my communication engineering is giving me a lot of stress,education,stressed,"communication,stressed",high,high,vernacbridge_education_1000.csv
"workshop schedule last nimushathula maathitanga, romba irritation","They changed the workshop schedule at the last minute, it's really irritating",education,angry,"workshop,angry",medium,high,vernacbridge_education_1000.csv
"classmates result nalla vandhudhu, semma happy ah irukken","My classmates result came out well, I'm so happy about it",education,happy,"classmates,happy",low,high,vernacbridge_education_1000.csv
project nalla poidum nu nambikkai irukku,I have hope that my project will go well,education,hopeful,"project,hopeful",low,high,vernacbridge_education_1000.csv
"attendance ku parallel ah vera work kooda irukku, stress adhigama irukku","I have other work along with my attendance, the stress is very high",education,stressed,"attendance,stressed",high,high,vernacbridge_education_1000.csv
"academic goal nalla nadakala, manasu heavy ah irukku","My academic goal did not go well, my heart feels heavy",education,sad,"academic,sad",medium,high,vernacbridge_education_1000.csv
Python programming pathi negative outcome varumo nu fear ah irukku,I'm scared that my Python programming might have a negative outcome,education,fear,"python,fear",medium,high,vernacbridge_education_1000.csv
group study pathi yosichaale nenju padhapadhukudhu,My heart races with fear whenever I think about my group study,education,fear,"group,fear",medium,high,vernacbridge_education_1000.csv
"record work pathi accept pannitten, calm ah feel panren","I've accepted things about my record work, I feel calm",education,calm,"record,calm",low,high,vernacbridge_education_1000.csv
"workshop pathi over thinking pannitu irukken, sleep kooda varala","I've been overthinking about my workshop, I can't even sleep",education,anxious,"workshop,anxious",medium,high,vernacbridge_education_1000.csv
record work la nalla mark varamale poidumo nu bayama irukku,I'm afraid I might not get good marks in my record work,education,fear,"record,fear",medium,high,vernacbridge_education_1000.csv
communication engineering nalla poidum nu nambikkai irukku,I have hope that my communication engineering will go well,education,hopeful,"communication,hopeful",low,high,vernacbridge_education_1000.csv
AI course la enna approach follow pannanum nu confusion irukku,I'm confused about what approach to follow for my AI course,education,confused,"ai,confused",medium,high,vernacbridge_education_1000.csv
"practical exam pathi friends ellarum different advice kudukranga, confuse ah irukku","All my friends are giving different advice about my practical exam, I'm confused",education,confused,"practical,confused",medium,high,vernacbridge_education_1000.csv
"university pathi teacher venaama kadinama pesinanga, kobama irukku","The teacher spoke harshly to me about my university for no reason, I'm angry",education,angry,"university,angry",medium,high,vernacbridge_education_1000.csv
"higher studies plan time la yaarum help panna maatanga, thaniya feel panren","Nobody helps me during my higher studies plan, I feel alone",education,lonely,"higher,lonely",medium,high,vernacbridge_education_1000.csv
"arrears pathi friends ellarum different advice kudukranga, confuse ah irukku","All my friends are giving different advice about my arrears, I'm confused",education,confused,"arrears,confused",medium,high,vernacbridge_education_1000.csv
"certification course pathi nalla feedback kedaichudhu, mood romba happy","I got good feedback about my certification course, my mood is really happy",education,happy,"certification,happy",low,high,vernacbridge_education_1000.csv
"concentration vishayathula unfair ah treat pannanga nu feel panren, romba frustration","I feel like I was treated unfairly regarding my concentration, it's really frustrating",education,angry,"concentration,angry",medium,high,vernacbridge_education_1000.csv
hostel life pathi yosikkama calm ah irukka try panren,I'm trying to stay calm without overthinking my hostel life,education,calm,"hostel,calm",low,high,vernacbridge_education_1000.csv
"research paper pathi nalla feedback kedaichudhu, mood romba happy","I got good feedback about my research paper, my mood is really happy",education,happy,"research,happy",low,high,vernacbridge_education_1000.csv
competitive exam result eppo varum nu ninachu anxious ah irukken,I feel anxious wondering when my competitive exam result will come,education,anxious,"competitive,anxious",medium,high,vernacbridge_education_1000.csv
"competitive exam ku promise panni miss pannitten, romba guilty ah feel panren","I promised something for my competitive exam and missed it, I feel really guilty",education,guilty,"competitive,guilty",medium,high,vernacbridge_education_1000.csv
"practical exam pathi yosichaale hands shake aagudhu, romba anxious","My hands shake when I think about my practical exam, I'm really anxious",education,anxious,"practical,anxious",high,high,vernacbridge_education_1000.csv
Python programming result eppo varum nu ninachu anxious ah irukken,I feel anxious wondering when my Python programming result will come,education,anxious,"python,anxious",medium,high,vernacbridge_education_1000.csv
"embedded systems subject ku new topics padikka poren nu thonudhu, excited ah irukku",I'm excited thinking about the new topics I'll learn in my embedded systems subject,education,excited,"embedded,excited",low,high,vernacbridge_education_1000.csv
"scholarship la nalla opportunity kedaichudhu, semma excited","I got a great opportunity in my scholarship, I'm so excited",education,excited,"scholarship,excited",low,high,vernacbridge_education_1000.csv
"homework ku parallel ah vera work kooda irukku, stress adhigama irukku","I have other work along with my homework, the stress is very high",education,stressed,"homework,stressed",high,high,vernacbridge_education_1000.csv
viva eppadi start pannanum nu theriyala,I don't know how to start my viva,education,confused,"viva,confused",medium,high,vernacbridge_education_1000.csv
"electronics subject ku nalla prepare aagalaya nu doubt varudhu, anxious ah irukku","I keep doubting whether I've prepared well for my electronics subject, I'm anxious",education,anxious,"electronics,anxious",medium,high,vernacbridge_education_1000.csv
"workshop preparation ellam thaniya pannuren, konjam lonely ah irukku","I'm doing all my workshop preparation alone, I feel a bit lonely",education,lonely,"workshop,lonely",medium,high,vernacbridge_education_1000.csv
study motivation nalla poidum nu nambikkai irukku,I have hope that my study motivation will go well,education,hopeful,"study,hopeful",low,high,vernacbridge_education_1000.csv
"electronics subject ku promise panni miss pannitten, romba guilty ah feel panren","I promised something for my electronics subject and missed it, I feel really guilty",education,guilty,"electronics,guilty",medium,high,vernacbridge_education_1000.csv
hackathon pathi yosichaale nenju padhapadhukudhu,My heart races with fear whenever I think about my hackathon,education,fear,"hackathon,fear",medium,high,vernacbridge_education_1000.csv
time management pathi yosikkama calm ah irukka try panren,I'm trying to stay calm without overthinking my time management,education,calm,"time,calm",low,high,vernacbridge_education_1000.csv
"viva ku nalla prepare aagalaya nu doubt varudhu, anxious ah irukku","I keep doubting whether I've prepared well for my viva, I'm anxious",education,anxious,"viva,anxious",medium,high,vernacbridge_education_1000.csv
"lab work plan pannitten, ipo mind peaceful ah irukku","I've planned my lab work, my mind feels peaceful now",education,calm,"lab,calm",low,high,vernacbridge_education_1000.csv
"AI course ku register pannitten, romba excited ah irukku","I registered for my AI course, I'm really excited",education,excited,"ai,excited",low,high,vernacbridge_education_1000.csv
exam stress ku decision edukka mudiyama irukken innum,I still can't make a decision about my exam stress,education,confused,"exam,confused",medium,high,vernacbridge_education_1000.csv
"homework schedule last nimushathula maathitanga, romba irritation","They changed the homework schedule at the last minute, it's really irritating",education,angry,"homework,angry",medium,high,vernacbridge_education_1000.csv
"hostel life pathi nalla feedback kedaichudhu, mood romba happy","I got good feedback about my hostel life, my mood is really happy",education,happy,"hostel,happy",low,high,vernacbridge_education_1000.csv
university pathi yosikkama calm ah irukka try panren,I'm trying to stay calm without overthinking my university,education,calm,"university,calm",low,high,vernacbridge_education_1000.csv
"practical exam schedule last nimushathula maathitanga, romba irritation","They changed the practical exam schedule at the last minute, it's really irritating",education,angry,"practical,angry",medium,high,vernacbridge_education_1000.csv
"group study pathi teacher solradhukum notes irukradhukum match aagala, confuse ah irukku","What the teacher said about my group study doesn't match the notes, I'm confused",education,confused,"group,confused",medium,high,vernacbridge_education_1000.csv
"lab work pathi ninacha thalai suthudhu, stress ah irukku","My head spins when I think about my lab work, I'm stressed",education,stressed,"lab,stressed",high,high,vernacbridge_education_1000.csv
professor pathi ninaicha kobam adangala,My anger doesn't settle down when I think about my professor,education,angry,"professor,angry",medium,high,vernacbridge_education_1000.csv
"university nalla nadakala, manasu heavy ah irukku","My university did not go well, my heart feels heavy",education,sad,"university,sad",medium,high,vernacbridge_education_1000.csv
"professor pathi friends ellarum different advice kudukranga, confuse ah irukku","All my friends are giving different advice about my professor, I'm confused",education,confused,"professor,confused",medium,high,vernacbridge_education_1000.csv
presentation la fail aayiduchen nu therinjadhum mind heavy ah aayiduchu,"The moment I found out I failed my presentation, my mind felt heavy",education,sad,"presentation,sad",medium,high,vernacbridge_education_1000.csv
"coding practice plan pannitten, ipo mind peaceful ah irukku","I've planned my coding practice, my mind feels peaceful now",education,calm,"coding,calm",low,high,vernacbridge_education_1000.csv
"arrears deadline nearagudhu, romba stress ah irukku","My arrears deadline is approaching, I'm really stressed",education,stressed,"arrears,stressed",high,high,vernacbridge_education_1000.csv
model exam result eppo varum nu ninachu anxious ah irukken,I feel anxious wondering when my model exam result will come,education,anxious,"model,anxious",medium,high,vernacbridge_education_1000.csv
"electronics subject pathi teacher solradhukum notes irukradhukum match aagala, confuse ah irukku","What the teacher said about my electronics subject doesn't match the notes, I'm confused",education,confused,"electronics,confused",medium,high,vernacbridge_education_1000.csv
"concentration pathi konjam tension irundhalum, positive ah dhaan irukken","Even with some tension about my concentration, I'm staying positive",education,hopeful,"concentration,hopeful",low,high,vernacbridge_education_1000.csv
"internship ku register pannitten, romba excited ah irukku","I registered for my internship, I'm really excited",education,excited,"internship,excited",low,high,vernacbridge_education_1000.csv
"hackathon deadline nearagudhu, romba stress ah irukku","My hackathon deadline is approaching, I'm really stressed",education,stressed,"hackathon,stressed",high,high,vernacbridge_education_1000.csv
"model exam ippo kashtama irundhalum, mudivula nalladhu nadakum nu nambaren","Even though my model exam is hard right now, I believe it will end well",education,hopeful,"model,hopeful",low,high,vernacbridge_education_1000.csv
"classroom pathi pesa yarum illa hostel la, lonely ah irukku","There's no one to talk to about my classroom in the hostel, I feel lonely",education,lonely,"classroom,lonely",medium,high,vernacbridge_education_1000.csv
"internal exam preparation ellam thaniya pannuren, konjam lonely ah irukku","I'm doing all my internal exam preparation alone, I feel a bit lonely",education,lonely,"internal,lonely",medium,high,vernacbridge_education_1000.csv
"concentration discuss panna yarum kedaikala, lonely feel aagudhu","I couldn't find anyone to discuss my concentration with, I feel lonely",education,lonely,"concentration,lonely",medium,high,vernacbridge_education_1000.csv
"homework pathi ninacha thalai suthudhu, stress ah irukku","My head spins when I think about my homework, I'm stressed",education,stressed,"homework,stressed",high,high,vernacbridge_education_1000.csv
"new skill learning time la yaarum help panna maatanga, thaniya feel panren","Nobody helps me during my learning a new skill, I feel alone",education,lonely,"new,lonely",medium,high,vernacbridge_education_1000.csv
"internal exam preparation la kadaisi nimusham varaikkum procrastinate pannitten, guilt ah irukku","I procrastinated my internal exam preparation till the last minute, I feel guilty",education,guilty,"internal,guilty",medium,high,vernacbridge_education_1000.csv
"university exam start aaga innum konjam naal dhaan irukku, romba excited ah irukken","There's only a few days left for my university exam to start, I'm really excited",education,excited,"university,excited",low,high,vernacbridge_education_1000.csv
"model exam preparation ellam thaniya pannuren, konjam lonely ah irukku","I'm doing all my model exam preparation alone, I feel a bit lonely",education,lonely,"model,lonely",medium,high,vernacbridge_education_1000.csv
semester exam result eppo varum nu ninachu anxious ah irukken,I feel anxious wondering when my semester exam result will come,education,anxious,"semester,anxious",medium,high,vernacbridge_education_1000.csv
"research paper pathi results announce panna poranga, wait pannitu excited ah irukken","They're about to announce research paper results, I'm waiting excitedly",education,excited,"research,excited",low,high,vernacbridge_education_1000.csv
workshop pathi negative outcome varumo nu fear ah irukku,I'm scared that my workshop might have a negative outcome,education,fear,"workshop,fear",medium,high,vernacbridge_education_1000.csv
internship pathi ninaicha kobam adangala,My anger doesn't settle down when I think about my internship,education,angry,"internship,angry",medium,high,vernacbridge_education_1000.csv
"research paper deadline nearagudhu, romba stress ah irukku","My research paper deadline is approaching, I'm really stressed",education,stressed,"research,stressed",high,high,vernacbridge_education_1000.csv
exam stress la fail aayidumo nu romba bayanthu irukken,I'm really scared that I might fail my exam stress,education,fear,"exam,fear",high,high,vernacbridge_education_1000.csv
"classmates pathi over thinking pannitu irukken, sleep kooda varala","I've been overthinking about my classmates, I can't even sleep",education,anxious,"classmates,anxious",medium,high,vernacbridge_education_1000.csv
"scholarship syllabus romba periya level la irukku, stress ah irukku","The syllabus for my scholarship is huge, I'm stressed",education,stressed,"scholarship,stressed",medium,high,vernacbridge_education_1000.csv
"model exam nalla nadakala, manasu heavy ah irukku","My model exam did not go well, my heart feels heavy",education,sad,"model,sad",medium,high,vernacbridge_education_1000.csv
AI course ku team ah let down pannitten nu guilt irukku,I feel guilty that I let my team down regarding my AI course,education,guilty,"ai,guilty",medium,high,vernacbridge_education_1000.csv
"group study pathi results announce panna poranga, wait pannitu excited ah irukken","They're about to announce group study results, I'm waiting excitedly",education,excited,"group,excited",low,high,vernacbridge_education_1000.csv
"technical symposium result nalla vandhudhu, semma happy ah irukken","My technical symposium result came out well, I'm so happy about it",education,happy,"technical,happy",low,high,vernacbridge_education_1000.csv
semester exam la fail aayiduchen nu therinjadhum mind heavy ah aayiduchu,"The moment I found out I failed my semester exam, my mind felt heavy",education,sad,"semester,sad",medium,high,vernacbridge_education_1000.csv
electronics subject la nalla mark varamale poidumo nu bayama irukku,I'm afraid I might not get good marks in my electronics subject,education,fear,"electronics,fear",medium,high,vernacbridge_education_1000.csv
"professor la top score vangiten, semma santhosham","I scored the top marks in my professor, I'm so delighted",education,happy,"professor,happy",low,high,vernacbridge_education_1000.csv
"Python programming la nalla opportunity kedaichudhu, semma excited","I got a great opportunity in my Python programming, I'm so excited",education,excited,"python,excited",low,high,vernacbridge_education_1000.csv
"classmates nearagunna nenju padhapadhukudhu, anxious ah irukku","My heart races as my classmates approaches, I feel anxious",education,anxious,"classmates,anxious",medium,high,vernacbridge_education_1000.csv
hostel life result eppo varum nu ninachu anxious ah irukken,I feel anxious wondering when my hostel life result will come,education,anxious,"hostel,anxious",medium,high,vernacbridge_education_1000.csv
seminar la fail aayiduchen nu therinjadhum mind heavy ah aayiduchu,"The moment I found out I failed my seminar, my mind felt heavy",education,sad,"seminar,sad",medium,high,vernacbridge_education_1000.csv
"AI course pathi konjam tension irundhalum, positive ah dhaan irukken","Even with some tension about my AI course, I'm staying positive",education,hopeful,"ai,hopeful",low,high,vernacbridge_education_1000.csv
"internship pathi teacher venaama kadinama pesinanga, kobama irukku","The teacher spoke harshly to me about my internship for no reason, I'm angry",education,angry,"internship,angry",medium,high,vernacbridge_education_1000.csv
"competitive exam discuss panna yarum kedaikala, lonely feel aagudhu","I couldn't find anyone to discuss my competitive exam with, I feel lonely",education,lonely,"competitive,lonely",medium,high,vernacbridge_education_1000.csv
"new skill learning ku nalla prepare aagalaya nu doubt varudhu, anxious ah irukku","I keep doubting whether I've prepared well for my learning a new skill, I'm anxious",education,anxious,"new,anxious",medium,high,vernacbridge_education_1000.csv
"class teacher deadline nearagudhu, romba stress ah irukku","My class teacher deadline is approaching, I'm really stressed",education,stressed,"class,stressed",high,high,vernacbridge_education_1000.csv
"internal exam pathi teacher venaama kadinama pesinanga, kobama irukku","The teacher spoke harshly to me about my internal exam for no reason, I'm angry",education,angry,"internal,angry",medium,high,vernacbridge_education_1000.csv
"workshop la nalla opportunity kedaichudhu, semma excited","I got a great opportunity in my workshop, I'm so excited",education,excited,"workshop,excited",low,high,vernacbridge_education_1000.csv
"presentation vishayathula unfair ah treat pannanga nu feel panren, romba frustration","I feel like I was treated unfairly regarding my presentation, it's really frustrating",education,angry,"presentation,angry",medium,high,vernacbridge_education_1000.csv
electronics subject result eppo varum nu ninachu anxious ah irukken,I feel anxious wondering when my electronics subject result will come,education,anxious,"electronics,anxious",medium,high,vernacbridge_education_1000.csv
homework nalla poidum nu nambikkai irukku,I have hope that my homework will go well,education,hopeful,"homework,hopeful",low,high,vernacbridge_education_1000.csv
"attendance pathi teacher venaama kadinama pesinanga, kobama irukku","The teacher spoke harshly to me about my attendance for no reason, I'm angry",education,angry,"attendance,angry",medium,high,vernacbridge_education_1000.csv
"exam stress plan pannitten, ipo mind peaceful ah irukku","I've planned my exam stress, my mind feels peaceful now",education,calm,"exam,calm",low,high,vernacbridge_education_1000.csv
new skill learning la nalla mark varamale poidumo nu bayama irukku,I'm afraid I might not get good marks in my learning a new skill,education,fear,"new,fear",medium,high,vernacbridge_education_1000.csv
"AI course nearagunna nenju padhapadhukudhu, anxious ah irukku","My heart races as my AI course approaches, I feel anxious",education,anxious,"ai,anxious",medium,high,vernacbridge_education_1000.csv
"practical exam ippo kashtama irundhalum, mudivula nalladhu nadakum nu nambaren","Even though my practical exam is hard right now, I believe it will end well",education,hopeful,"practical,hopeful",low,high,vernacbridge_education_1000.csv
"coding practice pathi ninacha thalai suthudhu, stress ah irukku","My head spins when I think about my coding practice, I'm stressed",education,stressed,"coding,stressed",high,high,vernacbridge_education_1000.csv
certification course preparation romba stress kudukudhu,Preparing for my certification course is giving me a lot of stress,education,stressed,"certification,stressed",high,high,vernacbridge_education_1000.csv
"technical symposium deadline nearagudhu, romba stress ah irukku","My technical symposium deadline is approaching, I'm really stressed",education,stressed,"technical,stressed",high,high,vernacbridge_education_1000.csv
"communication engineering discuss panna yarum kedaikala, lonely feel aagudhu","I couldn't find anyone to discuss my communication engineering with, I feel lonely",education,lonely,"communication,lonely",medium,high,vernacbridge_education_1000.csv
attendance pathi ninaicha kobam adangala,My anger doesn't settle down when I think about my attendance,education,angry,"attendance,angry",medium,high,vernacbridge_education_1000.csv
"coding practice nearagunna nenju padhapadhukudhu, anxious ah irukku","My heart races as my coding practice approaches, I feel anxious",education,anxious,"coding,anxious",medium,high,vernacbridge_education_1000.csv
"hackathon vetri aaga mudinjadhu, happy ah irukku","I managed to succeed in my hackathon, I feel happy",education,happy,"hackathon,happy",low,high,vernacbridge_education_1000.csv
"academic goal pathi nalla feedback kedaichudhu, mood romba happy","I got good feedback about my academic goal, my mood is really happy",education,happy,"academic,happy",low,high,vernacbridge_education_1000.csv
"classmates nalla prepare pannitten, ipo calm ah irukken","I've prepared well for my classmates, I feel calm now",education,calm,"classmates,calm",low,high,vernacbridge_education_1000.csv
"workshop start aaga innum konjam naal dhaan irukku, romba excited ah irukken","There's only a few days left for my workshop to start, I'm really excited",education,excited,"workshop,excited",low,high,vernacbridge_education_1000.csv
"model exam pathi pesa yarum illa hostel la, lonely ah irukku","There's no one to talk to about my model exam in the hostel, I feel lonely",education,lonely,"model,lonely",medium,high,vernacbridge_education_1000.csv
"college ippo kashtama irundhalum, mudivula nalladhu nadakum nu nambaren","Even though my college is hard right now, I believe it will end well",education,hopeful,"college,hopeful",low,high,vernacbridge_education_1000.csv
"electronics subject ku hard work pannitu irukken, result nalladhu varum nu nambikkai","I'm working hard on my electronics subject, I hope the result will be good",education,hopeful,"electronics,hopeful",low,high,vernacbridge_education_1000.csv
"graduation la top score vangiten, semma santhosham","I scored the top marks in my graduation, I'm so delighted",education,happy,"graduation,happy",low,high,vernacbridge_education_1000.csv
model exam ku decision edukka mudiyama irukken innum,I still can't make a decision about my model exam,education,confused,"model,confused",medium,high,vernacbridge_education_1000.csv
"study motivation pathi accept pannitten, calm ah feel panren","I've accepted things about my study motivation, I feel calm",education,calm,"study,calm",low,high,vernacbridge_education_1000.csv
electronics subject la enna approach follow pannanum nu confusion irukku,I'm confused about what approach to follow for my electronics subject,education,confused,"electronics,confused",medium,high,vernacbridge_education_1000.csv
classmates pathi negative outcome varumo nu fear ah irukku,I'm scared that my classmates might have a negative outcome,education,fear,"classmates,fear",medium,high,vernacbridge_education_1000.csv
"internal exam pathi accept pannitten, calm ah feel panren","I've accepted things about my internal exam, I feel calm",education,calm,"internal,calm",low,high,vernacbridge_education_1000.csv
attendance la enna approach follow pannanum nu confusion irukku,I'm confused about what approach to follow for my attendance,education,confused,"attendance,confused",medium,high,vernacbridge_education_1000.csv
"higher studies plan pathi ninacha thalai suthudhu, stress ah irukku","My head spins when I think about my higher studies plan, I'm stressed",education,stressed,"higher,stressed",high,high,vernacbridge_education_1000.csv
"assignment ku parallel ah vera work kooda irukku, stress adhigama irukku","I have other work along with my assignment, the stress is very high",education,stressed,"assignment,stressed",high,high,vernacbridge_education_1000.csv
certification course eppadi start pannanum nu theriyala,I don't know how to start my certification course,education,confused,"certification,confused",medium,high,vernacbridge_education_1000.csv
"project time la yaarum help panna maatanga, thaniya feel panren","Nobody helps me during my project, I feel alone",education,lonely,"project,lonely",medium,high,vernacbridge_education_1000.csv
"concentration plan pannitten, ipo mind peaceful ah irukku","I've planned my concentration, my mind feels peaceful now",education,calm,"concentration,calm",low,high,vernacbridge_education_1000.csv
"hostel life ku promise panni miss pannitten, romba guilty ah feel panren","I promised something for my hostel life and missed it, I feel really guilty",education,guilty,"hostel,guilty",medium,high,vernacbridge_education_1000.csv
"attendance expect panna madhiri nadakala, romba vaguthadhu","My attendance didn't turn out as I expected, it really disappointed me",education,sad,"attendance,sad",medium,high,vernacbridge_education_1000.csv
"internship pathi konjam tension irundhalum, positive ah dhaan irukken","Even with some tension about my internship, I'm staying positive",education,hopeful,"internship,hopeful",low,high,vernacbridge_education_1000.csv
"fees payment syllabus romba periya level la irukku, stress ah irukku","The syllabus for my fees payment is huge, I'm stressed",education,stressed,"fees,stressed",medium,high,vernacbridge_education_1000.csv
"technical symposium ku new topics padikka poren nu thonudhu, excited ah irukku",I'm excited thinking about the new topics I'll learn in my technical symposium,education,excited,"technical,excited",low,high,vernacbridge_education_1000.csv
semester exam la parents expectation meet panna mudiyala nu guilt irukku,I feel guilty that I couldn't meet my parents' expectations in my semester exam,education,guilty,"semester,guilty",medium,high,vernacbridge_education_1000.csv
lab work la parents expectation meet panna mudiyala nu guilt irukku,I feel guilty that I couldn't meet my parents' expectations in my lab work,education,guilty,"lab,guilty",medium,high,vernacbridge_education_1000.csv
classmates result paathu romba sad ah aayiduchen,I felt really sad after seeing my classmates result,education,sad,"classmates,sad",medium,high,vernacbridge_education_1000.csv
academic goal result paathu romba sad ah aayiduchen,I felt really sad after seeing my academic goal result,education,sad,"academic,sad",medium,high,vernacbridge_education_1000.csv
"arrears pathi yosichaale hands shake aagudhu, romba anxious","My hands shake when I think about my arrears, I'm really anxious",education,anxious,"arrears,anxious",high,high,vernacbridge_education_1000.csv
"project vetri aaga mudinjadhu, happy ah irukku","I managed to succeed in my project, I feel happy",education,happy,"project,happy",low,high,vernacbridge_education_1000.csv
academic goal la fail aayidumo nu romba bayanthu irukken,I'm really scared that I might fail my academic goal,education,fear,"academic,fear",high,high,vernacbridge_education_1000.csv
"fees payment pathi pesa yarum illa hostel la, lonely ah irukku","There's no one to talk to about my fees payment in the hostel, I feel lonely",education,lonely,"fees,lonely",medium,high,vernacbridge_education_1000.csv
college preparation romba stress kudukudhu,Preparing for my college is giving me a lot of stress,education,stressed,"college,stressed",high,high,vernacbridge_education_1000.csv
technical symposium pathi ninachaale sad ah irukku,Thinking about my technical symposium makes me feel sad,education,sad,"technical,sad",medium,high,vernacbridge_education_1000.csv
arrears result paathu romba sad ah aayiduchen,I felt really sad after seeing my arrears result,education,sad,"arrears,sad",medium,high,vernacbridge_education_1000.csv
presentation la fail aayidumo nu romba bayanthu irukken,I'm really scared that I might fail my presentation,education,fear,"presentation,fear",high,high,vernacbridge_education_1000.csv
"project pathi teacher venaama kadinama pesinanga, kobama irukku","The teacher spoke harshly to me about my project for no reason, I'm angry",education,angry,"project,angry",medium,high,vernacbridge_education_1000.csv
"assignment pathi teacher venaama kadinama pesinanga, kobama irukku","The teacher spoke harshly to me about my assignment for no reason, I'm angry",education,angry,"assignment,angry",medium,high,vernacbridge_education_1000.csv
classroom pathi yosikkama calm ah irukka try panren,I'm trying to stay calm without overthinking my classroom,education,calm,"classroom,calm",low,high,vernacbridge_education_1000.csv
"group study ku parallel ah vera work kooda irukku, stress adhigama irukku","I have other work along with my group study, the stress is very high",education,stressed,"group,stressed",high,high,vernacbridge_education_1000.csv
"competitive exam deadline nearagudhu, romba stress ah irukku","My competitive exam deadline is approaching, I'm really stressed",education,stressed,"competitive,stressed",high,high,vernacbridge_education_1000.csv
"professor schedule last nimushathula maathitanga, romba irritation","They changed the professor schedule at the last minute, it's really irritating",education,angry,"professor,angry",medium,high,vernacbridge_education_1000.csv
"communication engineering pathi over thinking pannitu irukken, sleep kooda varala","I've been overthinking about my communication engineering, I can't even sleep",education,anxious,"communication,anxious",medium,high,vernacbridge_education_1000.csv
"homework pathi yosichaale hands shake aagudhu, romba anxious","My hands shake when I think about my homework, I'm really anxious",education,anxious,"homework,anxious",high,high,vernacbridge_education_1000.csv
new skill learning nearagudhu nu ninachaale bayam varudhu,I feel scared whenever I think my learning a new skill is approaching,education,fear,"new,fear",medium,high,vernacbridge_education_1000.csv
"scholarship pathi ninacha thalai suthudhu, stress ah irukku","My head spins when I think about my scholarship, I'm stressed",education,stressed,"scholarship,stressed",high,high,vernacbridge_education_1000.csv
certification course ku sariyaana effort podala nu ippo guilt varudhu,I feel guilty now that I didn't put proper effort into my certification course,education,guilty,"certification,guilty",medium,high,vernacbridge_education_1000.csv
academic goal nearagudhu nu ninachaale bayam varudhu,I feel scared whenever I think my academic goal is approaching,education,fear,"academic,fear",medium,high,vernacbridge_education_1000.csv
"academic goal ku nalla prepare aagalaya nu doubt varudhu, anxious ah irukku","I keep doubting whether I've prepared well for my academic goal, I'm anxious",education,anxious,"academic,anxious",medium,high,vernacbridge_education_1000.csv
group study result paathu romba sad ah aayiduchen,I felt really sad after seeing my group study result,education,sad,"group,sad",medium,high,vernacbridge_education_1000.csv
university ku decision edukka mudiyama irukken innum,I still can't make a decision about my university,education,confused,"university,confused",medium,high,vernacbridge_education_1000.csv
"Python programming ku nalla prepare aagalaya nu doubt varudhu, anxious ah irukku","I keep doubting whether I've prepared well for my Python programming, I'm anxious",education,anxious,"python,anxious",medium,high,vernacbridge_education_1000.csv
"viva la top score vangiten, semma santhosham","I scored the top marks in my viva, I'm so delighted",education,happy,"viva,happy",low,high,vernacbridge_education_1000.csv
"GATE preparation plan pannitten, ipo mind peaceful ah irukku","I've planned my GATE preparation, my mind feels peaceful now",education,calm,"gate,calm",low,high,vernacbridge_education_1000.csv
certification course pathi yosikkama calm ah irukka try panren,I'm trying to stay calm without overthinking my certification course,education,calm,"certification,calm",low,high,vernacbridge_education_1000.csv
"certification course preparation ellam thaniya pannuren, konjam lonely ah irukku","I'm doing all my certification course preparation alone, I feel a bit lonely",education,lonely,"certification,lonely",medium,high,vernacbridge_education_1000.csv
"fees payment vishayathula unfair ah treat pannanga nu feel panren, romba frustration","I feel like I was treated unfairly regarding my fees payment, it's really frustrating",education,angry,"fees,angry",medium,high,vernacbridge_education_1000.csv
"viva ku parallel ah vera work kooda irukku, stress adhigama irukku","I have other work along with my viva, the stress is very high",education,stressed,"viva,stressed",high,high,vernacbridge_education_1000.csv
"record work result nalla vandhudhu, semma happy ah irukken","My record work result came out well, I'm so happy about it",education,happy,"record,happy",low,high,vernacbridge_education_1000.csv
"competitive exam nearagunna nenju padhapadhukudhu, anxious ah irukku","My heart races as my competitive exam approaches, I feel anxious",education,anxious,"competitive,anxious",medium,high,vernacbridge_education_1000.csv
"hostel life pathi ipo tension illa, mind calm ah irukku","I don't feel tense about my hostel life anymore, my mind feels calm",education,calm,"hostel,calm",low,high,vernacbridge_education_1000.csv
"concentration pathi teacher venaama kadinama pesinanga, kobama irukku","The teacher spoke harshly to me about my concentration for no reason, I'm angry",education,angry,"concentration,angry",medium,high,vernacbridge_education_1000.csv
fear of failure ku sariyaana effort podala nu ippo guilt varudhu,I feel guilty now that I didn't put proper effort into my fear of failure,education,guilty,"fear,guilty",medium,high,vernacbridge_education_1000.csv
Python programming la enna approach follow pannanum nu confusion irukku,I'm confused about what approach to follow for my Python programming,education,confused,"python,confused",medium,high,vernacbridge_education_1000.csv
"record work ku parallel ah vera work kooda irukku, stress adhigama irukku","I have other work along with my record work, the stress is very high",education,stressed,"record,stressed",high,high,vernacbridge_education_1000.csv
"workshop expect panna madhiri nadakala, romba vaguthadhu","My workshop didn't turn out as I expected, it really disappointed me",education,sad,"workshop,sad",medium,high,vernacbridge_education_1000.csv
arrears nearagudhu nu ninachaale bayam varudhu,I feel scared whenever I think my arrears is approaching,education,fear,"arrears,fear",medium,high,vernacbridge_education_1000.csv
"college ku register pannitten, romba excited ah irukku","I registered for my college, I'm really excited",education,excited,"college,excited",low,high,vernacbridge_education_1000.csv
"presentation la nalla opportunity kedaichudhu, semma excited","I got a great opportunity in my presentation, I'm so excited",education,excited,"presentation,excited",low,high,vernacbridge_education_1000.csv
"practical exam time la yaarum help panna maatanga, thaniya feel panren","Nobody helps me during my practical exam, I feel alone",education,lonely,"practical,lonely",medium,high,vernacbridge_education_1000.csv
embedded systems subject la nalla mark varamale poidumo nu bayama irukku,I'm afraid I might not get good marks in my embedded systems subject,education,fear,"embedded,fear",medium,high,vernacbridge_education_1000.csv
"academic goal nalla prepare pannitten, ipo calm ah irukken","I've prepared well for my academic goal, I feel calm now",education,calm,"academic,calm",low,high,vernacbridge_education_1000.csv
"time management pathi results announce panna poranga, wait pannitu excited ah irukken","They're about to announce time management results, I'm waiting excitedly",education,excited,"time,excited",low,high,vernacbridge_education_1000.csv
higher studies plan nearagudhu nu ninachaale bayam varudhu,I feel scared whenever I think my higher studies plan is approaching,education,fear,"higher,fear",medium,high,vernacbridge_education_1000.csv
technical symposium la marks correct ah kudukala nu kobam varudhu,I'm angry that they didn't give correct marks for my technical symposium,education,angry,"technical,angry",medium,high,vernacbridge_education_1000.csv
"higher studies plan vetri aaga mudinjadhu, happy ah irukku","I managed to succeed in my higher studies plan, I feel happy",education,happy,"higher,happy",low,high,vernacbridge_education_1000.csv
fees payment pathi yosikkama calm ah irukka try panren,I'm trying to stay calm without overthinking my fees payment,education,calm,"fees,calm",low,high,vernacbridge_education_1000.csv
"semester exam expect panna madhiri nadakala, romba vaguthadhu","My semester exam didn't turn out as I expected, it really disappointed me",education,sad,"semester,sad",medium,high,vernacbridge_education_1000.csv
fear of failure nalla poidum nu nambikkai irukku,I have hope that my fear of failure will go well,education,hopeful,"fear,hopeful",low,high,vernacbridge_education_1000.csv
graduation ku team ah let down pannitten nu guilt irukku,I feel guilty that I let my team down regarding my graduation,education,guilty,"graduation,guilty",medium,high,vernacbridge_education_1000.csv
presentation pathi yosikkama calm ah irukka try panren,I'm trying to stay calm without overthinking my presentation,education,calm,"presentation,calm",low,high,vernacbridge_education_1000.csv
presentation nearagudhu nu ninachaale bayam varudhu,I feel scared whenever I think my presentation is approaching,education,fear,"presentation,fear",medium,high,vernacbridge_education_1000.csv
"fees payment deadline nearagudhu, romba stress ah irukku","My fees payment deadline is approaching, I'm really stressed",education,stressed,"fees,stressed",high,high,vernacbridge_education_1000.csv
college pathi ninachaale sad ah irukku,Thinking about my college makes me feel sad,education,sad,"college,sad",medium,high,vernacbridge_education_1000.csv
academic goal preparation romba stress kudukudhu,Preparing for my academic goal is giving me a lot of stress,education,stressed,"academic,stressed",high,high,vernacbridge_education_1000.csv
"graduation preparation ellam thaniya pannuren, konjam lonely ah irukku","I'm doing all my graduation preparation alone, I feel a bit lonely",education,lonely,"graduation,lonely",medium,high,vernacbridge_education_1000.csv
"new skill learning pathi teacher solradhukum notes irukradhukum match aagala, confuse ah irukku","What the teacher said about my learning a new skill doesn't match the notes, I'm confused",education,confused,"new,confused",medium,high,vernacbridge_education_1000.csv
GATE preparation pathi negative outcome varumo nu fear ah irukku,I'm scared that my GATE preparation might have a negative outcome,education,fear,"gate,fear",medium,high,vernacbridge_education_1000.csv
"hostel life pathi over thinking pannitu irukken, sleep kooda varala","I've been overthinking about my hostel life, I can't even sleep",education,anxious,"hostel,anxious",medium,high,vernacbridge_education_1000.csv
"fear of failure la top score vangiten, semma santhosham","I scored the top marks in my fear of failure, I'm so delighted",education,happy,"fear,happy",low,high,vernacbridge_education_1000.csv
"placements preparation nearagunna nenju padhapadhukudhu, anxious ah irukku","My heart races as my placements preparation approaches, I feel anxious",education,anxious,"placements,anxious",medium,high,vernacbridge_education_1000.csv
hackathon result eppo varum nu ninachu anxious ah irukken,I feel anxious wondering when my hackathon result will come,education,anxious,"hackathon,anxious",medium,high,vernacbridge_education_1000.csv
hackathon nalla poidum nu nambikkai irukku,I have hope that my hackathon will go well,education,hopeful,"hackathon,hopeful",low,high,vernacbridge_education_1000.csv
"record work pathi over thinking pannitu irukken, sleep kooda varala","I've been overthinking about my record work, I can't even sleep",education,anxious,"record,anxious",medium,high,vernacbridge_education_1000.csv
"college nearagunna nenju padhapadhukudhu, anxious ah irukku","My heart races as my college approaches, I feel anxious",education,anxious,"college,anxious",medium,high,vernacbridge_education_1000.csv
placements preparation la parents expectation meet panna mudiyala nu guilt irukku,I feel guilty that I couldn't meet my parents' expectations in my placements preparation,education,guilty,"placements,guilty",medium,high,vernacbridge_education_1000.csv
"college time la yaarum help panna maatanga, thaniya feel panren","Nobody helps me during my college, I feel alone",education,lonely,"college,lonely",medium,high,vernacbridge_education_1000.csv
"lab work pathi results announce panna poranga, wait pannitu excited ah irukken","They're about to announce lab work results, I'm waiting excitedly",education,excited,"lab,excited",low,high,vernacbridge_education_1000.csv
viva result eppo varum nu ninachu anxious ah irukken,I feel anxious wondering when my viva result will come,education,anxious,"viva,anxious",medium,high,vernacbridge_education_1000.csv
internal exam preparation romba stress kudukudhu,Preparing for my internal exam is giving me a lot of stress,education,stressed,"internal,stressed",high,high,vernacbridge_education_1000.csv
competitive exam la marks correct ah kudukala nu kobam varudhu,I'm angry that they didn't give correct marks for my competitive exam,education,angry,"competitive,angry",medium,high,vernacbridge_education_1000.csv
semester exam pathi negative outcome varumo nu fear ah irukku,I'm scared that my semester exam might have a negative outcome,education,fear,"semester,fear",medium,high,vernacbridge_education_1000.csv
Python programming result paathu romba sad ah aayiduchen,I felt really sad after seeing my Python programming result,education,sad,"python,sad",medium,high,vernacbridge_education_1000.csv
"time management plan pannitten, ipo mind peaceful ah irukku","I've planned my time management, my mind feels peaceful now",education,calm,"time,calm",low,high,vernacbridge_education_1000.csv
"GATE preparation vishayathula unfair ah treat pannanga nu feel panren, romba frustration","I feel like I was treated unfairly regarding my GATE preparation, it's really frustrating",education,angry,"gate,angry",medium,high,vernacbridge_education_1000.csv
"technical symposium konjam kashtama irundhalum, future bright ah irukum nu feel panren","Even though my technical symposium is a bit tough, I feel the future will be bright",education,hopeful,"technical,hopeful",low,high,vernacbridge_education_1000.csv
"Python programming pathi friends ellarum different advice kudukranga, confuse ah irukku","All my friends are giving different advice about my Python programming, I'm confused",education,confused,"python,confused",medium,high,vernacbridge_education_1000.csv
homework pathi yosikkama calm ah irukka try panren,I'm trying to stay calm without overthinking my homework,education,calm,"homework,calm",low,high,vernacbridge_education_1000.csv
"electronics subject schedule last nimushathula maathitanga, romba irritation","They changed the electronics subject schedule at the last minute, it's really irritating",education,angry,"electronics,angry",medium,high,vernacbridge_education_1000.csv
"embedded systems subject vishayathula unfair ah treat pannanga nu feel panren, romba frustration","I feel like I was treated unfairly regarding my embedded systems subject, it's really frustrating",education,angry,"embedded,angry",medium,high,vernacbridge_education_1000.csv
"classmates pathi teacher solradhukum notes irukradhukum match aagala, confuse ah irukku","What the teacher said about my classmates doesn't match the notes, I'm confused",education,confused,"classmates,confused",medium,high,vernacbridge_education_1000.csv
"communication engineering pathi friends ellarum different advice kudukranga, confuse ah irukku","All my friends are giving different advice about my communication engineering, I'm confused",education,confused,"communication,confused",medium,high,vernacbridge_education_1000.csv
seminar pathi yosikkama calm ah irukka try panren,I'm trying to stay calm without overthinking my seminar,education,calm,"seminar,calm",low,high,vernacbridge_education_1000.csv
"record work expect panna madhiri nadakala, romba vaguthadhu","My record work didn't turn out as I expected, it really disappointed me",education,sad,"record,sad",medium,high,vernacbridge_education_1000.csv
hostel life pathi negative outcome varumo nu fear ah irukku,I'm scared that my hostel life might have a negative outcome,education,fear,"hostel,fear",medium,high,vernacbridge_education_1000.csv
embedded systems subject la fail aayidumo nu romba bayanthu irukken,I'm really scared that I might fail my embedded systems subject,education,fear,"embedded,fear",high,high,vernacbridge_education_1000.csv
"practical exam ku hard work pannitu irukken, result nalladhu varum nu nambikkai","I'm working hard on my practical exam, I hope the result will be good",education,hopeful,"practical,hopeful",low,high,vernacbridge_education_1000.csv
"college nalla nadakala, manasu heavy ah irukku","My college did not go well, my heart feels heavy",education,sad,"college,sad",medium,high,vernacbridge_education_1000.csv
arrears ku sariyaana effort podala nu ippo guilt varudhu,I feel guilty now that I didn't put proper effort into my arrears,education,guilty,"arrears,guilty",medium,high,vernacbridge_education_1000.csv
"group study expect panna madhiri nadakala, romba vaguthadhu","My group study didn't turn out as I expected, it really disappointed me",education,sad,"group,sad",medium,high,vernacbridge_education_1000.csv
"embedded systems subject preparation ellam thaniya pannuren, konjam lonely ah irukku","I'm doing all my embedded systems subject preparation alone, I feel a bit lonely",education,lonely,"embedded,lonely",medium,high,vernacbridge_education_1000.csv
DSA preparation pathi ninaicha kobam adangala,My anger doesn't settle down when I think about my DSA preparation,education,angry,"dsa,angry",medium,high,vernacbridge_education_1000.csv
"university exam pathi ipo tension illa, mind calm ah irukku","I don't feel tense about my university exam anymore, my mind feels calm",education,calm,"university,calm",low,high,vernacbridge_education_1000.csv
"communication engineering syllabus romba periya level la irukku, stress ah irukku","The syllabus for my communication engineering is huge, I'm stressed",education,stressed,"communication,stressed",medium,high,vernacbridge_education_1000.csv
"certification course pathi accept pannitten, calm ah feel panren","I've accepted things about my certification course, I feel calm",education,calm,"certification,calm",low,high,vernacbridge_education_1000.csv
homework eppadi start pannanum nu theriyala,I don't know how to start my homework,education,confused,"homework,confused",medium,high,vernacbridge_education_1000.csv
"group study syllabus romba periya level la irukku, stress ah irukku","The syllabus for my group study is huge, I'm stressed",education,stressed,"group,stressed",medium,high,vernacbridge_education_1000.csv
time management pathi negative outcome varumo nu fear ah irukku,I'm scared that my time management might have a negative outcome,education,fear,"time,fear",medium,high,vernacbridge_education_1000.csv
"coding practice nalla nadakala, manasu heavy ah irukku","My coding practice did not go well, my heart feels heavy",education,sad,"coding,sad",medium,high,vernacbridge_education_1000.csv
competitive exam pathi yosichaale nenju padhapadhukudhu,My heart races with fear whenever I think about my competitive exam,education,fear,"competitive,fear",medium,high,vernacbridge_education_1000.csv
"electronics subject nearagunna nenju padhapadhukudhu, anxious ah irukku","My heart races as my electronics subject approaches, I feel anxious",education,anxious,"electronics,anxious",medium,high,vernacbridge_education_1000.csv
arrears result eppo varum nu ninachu anxious ah irukken,I feel anxious wondering when my arrears result will come,education,anxious,"arrears,anxious",medium,high,vernacbridge_education_1000.csv
arrears la parents expectation meet panna mudiyala nu guilt irukku,I feel guilty that I couldn't meet my parents' expectations in my arrears,education,guilty,"arrears,guilty",medium,high,vernacbridge_education_1000.csv
"placements preparation pathi ninacha thalai suthudhu, stress ah irukku","My head spins when I think about my placements preparation, I'm stressed",education,stressed,"placements,stressed",high,high,vernacbridge_education_1000.csv
"graduation pathi results announce panna poranga, wait pannitu excited ah irukken","They're about to announce graduation results, I'm waiting excitedly",education,excited,"graduation,excited",low,high,vernacbridge_education_1000.csv
study motivation pathi yosikkama calm ah irukka try panren,I'm trying to stay calm without overthinking my study motivation,education,calm,"study,calm",low,high,vernacbridge_education_1000.csv
"new skill learning pathi nalla feedback kedaichudhu, mood romba happy","I got good feedback about my learning a new skill, my mood is really happy",education,happy,"new,happy",low,high,vernacbridge_education_1000.csv
"time management start aaga innum konjam naal dhaan irukku, romba excited ah irukken","There's only a few days left for my time management to start, I'm really excited",education,excited,"time,excited",low,high,vernacbridge_education_1000.csv
certification course la parents expectation meet panna mudiyala nu guilt irukku,I feel guilty that I couldn't meet my parents' expectations in my certification course,education,guilty,"certification,guilty",medium,high,vernacbridge_education_1000.csv
placements preparation la fail aayiduchen nu therinjadhum mind heavy ah aayiduchu,"The moment I found out I failed my placements preparation, my mind felt heavy",education,sad,"placements,sad",medium,high,vernacbridge_education_1000.csv
"record work preparation la kadaisi nimusham varaikkum procrastinate pannitten, guilt ah irukku","I procrastinated my record work preparation till the last minute, I feel guilty",education,guilty,"record,guilty",medium,high,vernacbridge_education_1000.csv
seminar ku team ah let down pannitten nu guilt irukku,I feel guilty that I let my team down regarding my seminar,education,guilty,"seminar,guilty",medium,high,vernacbridge_education_1000.csv
"school pathi pesa yarum illa hostel la, lonely ah irukku","There's no one to talk to about my school in the hostel, I feel lonely",education,lonely,"school,lonely",medium,high,vernacbridge_education_1000.csv
"class teacher pathi accept pannitten, calm ah feel panren","I've accepted things about my class teacher, I feel calm",education,calm,"class,calm",low,high,vernacbridge_education_1000.csv
"record work nalla nadakala, manasu heavy ah irukku","My record work did not go well, my heart feels heavy",education,sad,"record,sad",medium,high,vernacbridge_education_1000.csv
coding practice la enna approach follow pannanum nu confusion irukku,I'm confused about what approach to follow for my coding practice,education,confused,"coding,confused",medium,high,vernacbridge_education_1000.csv
"presentation la top score vangiten, semma santhosham","I scored the top marks in my presentation, I'm so delighted",education,happy,"presentation,happy",low,high,vernacbridge_education_1000.csv
time management result eppo varum nu ninachu anxious ah irukken,I feel anxious wondering when my time management result will come,education,anxious,"time,anxious",medium,high,vernacbridge_education_1000.csv
hackathon eppadi start pannanum nu theriyala,I don't know how to start my hackathon,education,confused,"hackathon,confused",medium,high,vernacbridge_education_1000.csv
internship la parents expectation meet panna mudiyala nu guilt irukku,I feel guilty that I couldn't meet my parents' expectations in my internship,education,guilty,"internship,guilty",medium,high,vernacbridge_education_1000.csv
"arrears ippo kashtama irundhalum, mudivula nalladhu nadakum nu nambaren","Even though my arrears is hard right now, I believe it will end well",education,hopeful,"arrears,hopeful",low,high,vernacbridge_education_1000.csv
model exam pathi yosikkama calm ah irukka try panren,I'm trying to stay calm without overthinking my model exam,education,calm,"model,calm",low,high,vernacbridge_education_1000.csv
"communication engineering plan pannitten, ipo mind peaceful ah irukku","I've planned my communication engineering, my mind feels peaceful now",education,calm,"communication,calm",low,high,vernacbridge_education_1000.csv
"competitive exam syllabus romba periya level la irukku, stress ah irukku","The syllabus for my competitive exam is huge, I'm stressed",education,stressed,"competitive,stressed",medium,high,vernacbridge_education_1000.csv
"university nearagunna nenju padhapadhukudhu, anxious ah irukku","My heart races as my university approaches, I feel anxious",education,anxious,"university,anxious",medium,high,vernacbridge_education_1000.csv
"lab work deadline nearagudhu, romba stress ah irukku","My lab work deadline is approaching, I'm really stressed",education,stressed,"lab,stressed",high,high,vernacbridge_education_1000.csv
"attendance pathi accept pannitten, calm ah feel panren","I've accepted things about my attendance, I feel calm",education,calm,"attendance,calm",low,high,vernacbridge_education_1000.csv
"practical exam konjam kashtama irundhalum, future bright ah irukum nu feel panren","Even though my practical exam is a bit tough, I feel the future will be bright",education,hopeful,"practical,hopeful",low,high,vernacbridge_education_1000.csv
"coding practice schedule last nimushathula maathitanga, romba irritation","They changed the coding practice schedule at the last minute, it's really irritating",education,angry,"coding,angry",medium,high,vernacbridge_education_1000.csv
"GATE preparation deadline nearagudhu, romba stress ah irukku","My GATE preparation deadline is approaching, I'm really stressed",education,stressed,"gate,stressed",high,high,vernacbridge_education_1000.csv
attendance pathi yosichaale nenju padhapadhukudhu,My heart races with fear whenever I think about my attendance,education,fear,"attendance,fear",medium,high,vernacbridge_education_1000.csv
record work ku decision edukka mudiyama irukken innum,I still can't make a decision about my record work,education,confused,"record,confused",medium,high,vernacbridge_education_1000.csv
semester exam la marks correct ah kudukala nu kobam varudhu,I'm angry that they didn't give correct marks for my semester exam,education,angry,"semester,angry",medium,high,vernacbridge_education_1000.csv
"attendance pathi friends ellarum different advice kudukranga, confuse ah irukku","All my friends are giving different advice about my attendance, I'm confused",education,confused,"attendance,confused",medium,high,vernacbridge_education_1000.csv
seminar la marks correct ah kudukala nu kobam varudhu,I'm angry that they didn't give correct marks for my seminar,education,angry,"seminar,angry",medium,high,vernacbridge_education_1000.csv
"academic goal la nalla opportunity kedaichudhu, semma excited","I got a great opportunity in my academic goal, I'm so excited",education,excited,"academic,excited",low,high,vernacbridge_education_1000.csv
"technical symposium nearagunna nenju padhapadhukudhu, anxious ah irukku","My heart races as my technical symposium approaches, I feel anxious",education,anxious,"technical,anxious",medium,high,vernacbridge_education_1000.csv
hostel life la parents expectation meet panna mudiyala nu guilt irukku,I feel guilty that I couldn't meet my parents' expectations in my hostel life,education,guilty,"hostel,guilty",medium,high,vernacbridge_education_1000.csv
"internship ku nalla prepare aagalaya nu doubt varudhu, anxious ah irukku","I keep doubting whether I've prepared well for my internship, I'm anxious",education,anxious,"internship,anxious",medium,high,vernacbridge_education_1000.csv
practical exam pathi yosichaale nenju padhapadhukudhu,My heart races with fear whenever I think about my practical exam,education,fear,"practical,fear",medium,high,vernacbridge_education_1000.csv
"practical exam nalla prepare pannitten, ipo calm ah irukken","I've prepared well for my practical exam, I feel calm now",education,calm,"practical,calm",low,high,vernacbridge_education_1000.csv
"fear of failure ku hard work pannitu irukken, result nalladhu varum nu nambikkai","I'm working hard on my fear of failure, I hope the result will be good",education,hopeful,"fear,hopeful",low,high,vernacbridge_education_1000.csv
record work la enna approach follow pannanum nu confusion irukku,I'm confused about what approach to follow for my record work,education,confused,"record,confused",medium,high,vernacbridge_education_1000.csv
"technical symposium pathi teacher venaama kadinama pesinanga, kobama irukku","The teacher spoke harshly to me about my technical symposium for no reason, I'm angry",education,angry,"technical,angry",medium,high,vernacbridge_education_1000.csv
GATE preparation pathi ninaicha kobam adangala,My anger doesn't settle down when I think about my GATE preparation,education,angry,"gate,angry",medium,high,vernacbridge_education_1000.csv
"GATE preparation pathi teacher solradhukum notes irukradhukum match aagala, confuse ah irukku","What the teacher said about my GATE preparation doesn't match the notes, I'm confused",education,confused,"gate,confused",medium,high,vernacbridge_education_1000.csv
academic goal ku decision edukka mudiyama irukken innum,I still can't make a decision about my academic goal,education,confused,"academic,confused",medium,high,vernacbridge_education_1000.csv
"group study pathi accept pannitten, calm ah feel panren","I've accepted things about my group study, I feel calm",education,calm,"group,calm",low,high,vernacbridge_education_1000.csv
model exam result paathu romba sad ah aayiduchen,I felt really sad after seeing my model exam result,education,sad,"model,sad",medium,high,vernacbridge_education_1000.csv
professor pathi yosichaale nenju padhapadhukudhu,My heart races with fear whenever I think about my professor,education,fear,"professor,fear",medium,high,vernacbridge_education_1000.csv
"friends ellarum coding practice pathi busy, naan thaniya irukken","All my friends are busy with their coding practice, I'm on my own",education,lonely,"coding,lonely",low,high,vernacbridge_education_1000.csv
scholarship nalla mudinjadhu nu kelvi pattu happy ah irukken,"I heard my scholarship went well, I'm happy about it",education,happy,"scholarship,happy",low,high,vernacbridge_education_1000.csv
family illness expectation meet panna mudiyala nu guilt irukku,I feel guilty that I couldn't meet my family illness's expectations,family,guilty,"family,guilty",medium,high,vernacbridge_family_1000.csv
grandparents nalla poidum nu nambikkai irukku,I have hope that my grandparents will go well,family,hopeful,"grandparents,hopeful",low,high,vernacbridge_family_1000.csv
advice nalla poidum nu nambikkai irukku,I have hope that my advice will go well,family,hopeful,"advice,hopeful",low,high,vernacbridge_family_1000.csv
"advice ippo kashtama irundhalum, nalladhu nadakum nu nambaren","Even though my advice is tough right now, I believe it will turn out well",family,hopeful,"advice,hopeful",low,high,vernacbridge_family_1000.csv
grandparents time la semma santhosham feel panren,I feel so joyful during my grandparents,family,happy,"grandparents,happy",low,high,vernacbridge_family_1000.csv
family reunion nalla poidum nu nambikkai irukku,I have hope that my family reunion will go well,family,hopeful,"family,hopeful",low,high,vernacbridge_family_1000.csv
family expectation news eppo varum nu ninachu anxious ah irukken,I feel anxious wondering when news about my family expectation will come,family,anxious,"family,anxious",medium,high,vernacbridge_family_1000.csv
"wedding function pathi nalla news kekka poren nu thonudhu, excited ah irukku",I feel excited thinking I might hear good news about my wedding function,family,excited,"wedding,excited",low,high,vernacbridge_family_1000.csv
"marriage pathi accept pannitten, calm ah feel panren","I've accepted things about my marriage, I feel calm",family,calm,"marriage,calm",low,high,vernacbridge_family_1000.csv
"grandparents vishayam expect panna madhiri nadakala, romba vaguthadhu","My grandparents didn't turn out as I expected, it really hurt me",family,sad,"grandparents,sad",medium,high,vernacbridge_family_1000.csv
"family reunion pathi nalla news kekka poren nu thonudhu, excited ah irukku",I feel excited thinking I might hear good news about my family reunion,family,excited,"family,excited",low,high,vernacbridge_family_1000.csv
daily family conversation pathi ninachaale sad ah aayidudhu,Thinking about my daily family conversation makes me feel sad,family,sad,"daily,sad",medium,high,vernacbridge_family_1000.csv
brother dhooram poiten apparam romba lonely ah irukku,"Since I moved away from my brother, I feel really lonely",family,lonely,"brother,lonely",medium,high,vernacbridge_family_1000.csv
"advice vishayam expect panna madhiri nadakala, romba vaguthadhu","My advice didn't turn out as I expected, it really hurt me",family,sad,"advice,sad",medium,high,vernacbridge_family_1000.csv
"home vishayam expect panna madhiri nadakala, romba vaguthadhu","My home didn't turn out as I expected, it really hurt me",family,sad,"home,sad",medium,high,vernacbridge_family_1000.csv
family loss pathi bad news varumo nu fear ah irukku,I'm scared that bad news might come about my family loss,family,fear,"family,fear",medium,high,vernacbridge_family_1000.csv
family respect la ellarum sera irundhu semma fun ah irundhudhu,Everyone came together for my family respect and it was so much fun,family,happy,"family,happy",low,high,vernacbridge_family_1000.csv
daily family conversation la ellarum sera irundhu semma fun ah irundhudhu,Everyone came together for my daily family conversation and it was so much fun,family,happy,"daily,happy",low,high,vernacbridge_family_1000.csv
family support pathi nalla news kelvi pattu happy ah irukken,"I heard good news about my family support, I'm happy about it",family,happy,"family,happy",low,high,vernacbridge_family_1000.csv
family illness pathi amma solradhukum appa solradhukum match aagala,"What amma says about my family illness doesn't match what appa says, I'm confused",family,confused,"family,confused",medium,high,vernacbridge_family_1000.csv
"family reunion pathi ninacha thalai suthudhu, stress ah irukku","My head spins when I think about my family reunion, I'm stressed",family,stressed,"family,stressed",high,high,vernacbridge_family_1000.csv
uncle pathi yosichaale nenju padhapadhukudhu,My heart races with fear whenever I think about my uncle,family,fear,"uncle,fear",medium,high,vernacbridge_family_1000.csv
"elders health nalla nadakumaa nu doubt varudhu, anxious ah irukku","I keep doubting whether my elders' health will go well, I'm anxious",family,anxious,"elders,anxious",medium,high,vernacbridge_family_1000.csv
"family happiness pathi accept pannitten, calm ah feel panren","I've accepted things about my family happiness, I feel calm",family,calm,"family,calm",low,high,vernacbridge_family_1000.csv
home pathi therinjadhum manasu heavy ah aayiduchu,"The moment I heard about my home, my heart felt heavy",family,sad,"home,sad",medium,high,vernacbridge_family_1000.csv
sister nalla poidum nu nambikkai irukku,I have hope that my sister will go well,family,hopeful,"sister,hopeful",low,high,vernacbridge_family_1000.csv
"uncle vishayathula family ellarum different opinion sollranga, confuse ah irukku","Everyone in the family has a different opinion about my uncle, I'm confused",family,confused,"uncle,confused",medium,high,vernacbridge_family_1000.csv
grief decision eduka mudiyama irukken innum,I still can't make a decision about my grief,family,confused,"grief,confused",medium,high,vernacbridge_family_1000.csv
"family responsibility vishayathula yaaraiyum kekkama edhuvum pannitanga, kobam adangala","They did something about my family responsibility without asking anyone, my anger won't settle",family,angry,"family,angry",medium,high,vernacbridge_family_1000.csv
misunderstanding vishayathula pressure adhigama irukku,There's a lot of pressure regarding my misunderstanding,family,stressed,"misunderstanding,stressed",medium,high,vernacbridge_family_1000.csv
financial struggle vishayathula unfair ah treat pannanga nu kobam,"I feel like I was treated unfairly regarding my financial struggle, I'm angry",family,angry,"financial,angry",medium,high,vernacbridge_family_1000.csv
"amma pathi venaama kadinama pesinanga, frustration ah irukku","They spoke harshly about my mother for no reason, it's frustrating",family,angry,"amma,angry",medium,high,vernacbridge_family_1000.csv
"parenting promise panni miss pannitten, romba guilty ah feel panren","I promised something for my parenting and missed it, I feel really guilty",family,guilty,"parenting,guilty",medium,high,vernacbridge_family_1000.csv
advice pathi ninachaale mukham la smile varudhu,Just thinking about my advice brings a smile to my face,family,happy,"advice,happy",low,high,vernacbridge_family_1000.csv
"financial struggle pathi nalla news kekka poren nu thonudhu, excited ah irukku",I feel excited thinking I might hear good news about my financial struggle,family,excited,"financial,excited",low,high,vernacbridge_family_1000.csv
family support eppadi handle pannanum nu puriyala,I don't understand how to handle my family support,family,confused,"family,confused",medium,high,vernacbridge_family_1000.csv
family problem time la semma santhosham feel panren,I feel so joyful during my family problem,family,happy,"family,happy",low,high,vernacbridge_family_1000.csv
"kids upbringing vishayathula konjam tension irundhalum, positive ah dhaan irukken","Even with some tension about my kids' upbringing, I'm staying positive",family,hopeful,"kids,hopeful",low,high,vernacbridge_family_1000.csv
"festival celebration arrangements start pannitanga, romba excited ah irukku","They've started the arrangements for my festival celebration, I'm really excited",family,excited,"festival,excited",low,high,vernacbridge_family_1000.csv
cousins decision eduka mudiyama irukken innum,I still can't make a decision about my cousins,family,confused,"cousins,confused",medium,high,vernacbridge_family_1000.csv
family support pathi ninachaale sad ah aayidudhu,Thinking about my family support makes me feel sad,family,sad,"family,sad",medium,high,vernacbridge_family_1000.csv
"family reunion vishayathula ella pesitten, ipo calm ah irukken","I've talked things through about my family reunion, I feel calm now",family,calm,"family,calm",low,high,vernacbridge_family_1000.csv
"family care nalla nadandhudhu, veetla ellarum happy ah irukanga","My family care went really well, everyone at home is happy",family,happy,"family,happy",low,high,vernacbridge_family_1000.csv
family problem pathi enna pannanum nu theriyala,I don't know what to do about my family problem,family,confused,"family,confused",medium,high,vernacbridge_family_1000.csv
elders health vishayam romba stress kudukudhu,Dealing with my elders' health is giving me a lot of stress,family,stressed,"elders,stressed",high,high,vernacbridge_family_1000.csv
"emotional support vishayathula family ellarum different opinion sollranga, confuse ah irukku","Everyone in the family has a different opinion about my emotional support, I'm confused",family,confused,"emotional,confused",medium,high,vernacbridge_family_1000.csv
grief nalla aagaadho nu bayama irukku,I'm afraid my grief might not turn out well,family,fear,"grief,fear",medium,high,vernacbridge_family_1000.csv
"gratitude vishayathula konjam tension irundhalum, positive ah dhaan irukken","Even with some tension about my gratitude, I'm staying positive",family,hopeful,"gratitude,hopeful",low,high,vernacbridge_family_1000.csv
"daily family conversation pathi yosichaale hands shake aagudhu, romba anxious","My hands shake when I think about my daily family conversation, I'm really anxious",family,anxious,"daily,anxious",high,high,vernacbridge_family_1000.csv
kids upbringing time la semma santhosham feel panren,I feel so joyful during my kids' upbringing,family,happy,"kids,happy",low,high,vernacbridge_family_1000.csv
"family bonding pesama edhavadhu decision edutanga, romba kobam varudhu","They made a decision about my family bonding without talking to me, I'm really angry",family,angry,"family,angry",medium,high,vernacbridge_family_1000.csv
"family support health pathi worry ah irukku, edhavadhu aagidumo nu bayam","I'm worried about my family support's health, scared something might happen",family,fear,"family,fear",high,high,vernacbridge_family_1000.csv
"gratitude nalla nadakala, veetla ellarum sad ah irukanga","My gratitude didn't go well, everyone at home is sad",family,sad,"gratitude,sad",medium,high,vernacbridge_family_1000.csv
"financial struggle pathi effort pannitu irukken, nalladhu varum nu nambikkai","I'm putting in effort for my financial struggle, I hope good things will come",family,hopeful,"financial,hopeful",low,high,vernacbridge_family_1000.csv
veetla family happiness pathi pesa yarum kooda illa,There's no one at home to talk about my family happiness with,family,lonely,"family,lonely",low,high,vernacbridge_family_1000.csv
parenting vishayathula unfair ah treat pannanga nu kobam,"I feel like I was treated unfairly regarding my parenting, I'm angry",family,angry,"parenting,angry",medium,high,vernacbridge_family_1000.csv
emotional support pathi amma solradhukum appa solradhukum match aagala,"What amma says about my emotional support doesn't match what appa says, I'm confused",family,confused,"emotional,confused",medium,high,vernacbridge_family_1000.csv
grief vishayathula unfair ah treat pannanga nu kobam,"I feel like I was treated unfairly regarding my grief, I'm angry",family,angry,"grief,angry",medium,high,vernacbridge_family_1000.csv
family bonding pathi bad news varumo nu fear ah irukku,I'm scared that bad news might come about my family bonding,family,fear,"family,fear",medium,high,vernacbridge_family_1000.csv
"advice pathi yosichaale hands shake aagudhu, romba anxious","My hands shake when I think about my advice, I'm really anxious",family,anxious,"advice,anxious",high,high,vernacbridge_family_1000.csv
cousins pathi pesa yarum illama thaniya feel panren,"There's no one to talk to about my cousins, I feel alone",family,lonely,"cousins,lonely",medium,high,vernacbridge_family_1000.csv
"aunty pathi over thinking pannitu irukken, sleep kooda varala","I've been overthinking about my aunt, I can't even sleep",family,anxious,"aunty,anxious",medium,high,vernacbridge_family_1000.csv
sister soon solve aagum nu nambaren,I believe my sister will be resolved soon,family,hopeful,"sister,hopeful",low,high,vernacbridge_family_1000.csv
"aunty pathi accept pannitten, calm ah feel panren","I've accepted things about my aunt, I feel calm",family,calm,"aunty,calm",low,high,vernacbridge_family_1000.csv
"grief pathi effort pannitu irukken, nalladhu varum nu nambikkai","I'm putting in effort for my grief, I hope good things will come",family,hopeful,"grief,hopeful",low,high,vernacbridge_family_1000.csv
family expectation vishayathula thappa nadandhukiten nu ippo guilt varudhu,I feel guilty now that I behaved wrongly regarding my family expectation,family,guilty,"family,guilty",medium,high,vernacbridge_family_1000.csv
family bonding time la semma santhosham feel panren,I feel so joyful during my family bonding,family,happy,"family,happy",low,high,vernacbridge_family_1000.csv
family illness decision eduka mudiyama irukken innum,I still can't make a decision about my family illness,family,confused,"family,confused",medium,high,vernacbridge_family_1000.csv
"elders health vishayathula family ellarum different opinion sollranga, confuse ah irukku","Everyone in the family has a different opinion about my elders' health, I'm confused",family,confused,"elders,confused",medium,high,vernacbridge_family_1000.csv
parenting pathi yosikkama calm ah irukka try panren,I'm trying to stay calm without overthinking my parenting,family,calm,"parenting,calm",low,high,vernacbridge_family_1000.csv
"misunderstanding innum konjam naal dhaan irukku, romba excited ah irukken","There's only a few days left for my misunderstanding, I'm really excited",family,excited,"misunderstanding,excited",low,high,vernacbridge_family_1000.csv
uncle nyabagam vandha kannu filaagudhu,"When I remember my uncle, my eyes well up",family,sad,"uncle,sad",medium,high,vernacbridge_family_1000.csv
"family responsibility pathi venaama kadinama pesinanga, frustration ah irukku","They spoke harshly about my family responsibility for no reason, it's frustrating",family,angry,"family,angry",medium,high,vernacbridge_family_1000.csv
cousins pathi nalla news kelvi pattu happy ah irukken,"I heard good news about my cousins, I'm happy about it",family,happy,"cousins,happy",low,high,vernacbridge_family_1000.csv
"family happiness matter ku parallel ah vera responsibility kooda irukku, stress adhigam","I have other responsibilities along with my family happiness, the stress is very high",family,stressed,"family,stressed",high,high,vernacbridge_family_1000.csv
family reunion illama veedu verumaiya irukku,The house feels empty without my family reunion,family,lonely,"family,lonely",medium,high,vernacbridge_family_1000.csv
"elders health vishayathula yaaraiyum kekkama edhuvum pannitanga, kobam adangala","They did something about my elders' health without asking anyone, my anger won't settle",family,angry,"elders,angry",medium,high,vernacbridge_family_1000.csv
family love nalla aagaadho nu bayama irukku,I'm afraid my family love might not turn out well,family,fear,"family,fear",medium,high,vernacbridge_family_1000.csv
"family responsibility pathi over thinking pannitu irukken, sleep kooda varala","I've been overthinking about my family responsibility, I can't even sleep",family,anxious,"family,anxious",medium,high,vernacbridge_family_1000.csv
"family happiness innum konjam naal dhaan irukku, romba excited ah irukken","There's only a few days left for my family happiness, I'm really excited",family,excited,"family,excited",low,high,vernacbridge_family_1000.csv
marriage nyabagam vandha kannu filaagudhu,"When I remember my marriage, my eyes well up",family,sad,"marriage,sad",medium,high,vernacbridge_family_1000.csv
elders health la ellarum sera irundhu semma fun ah irundhudhu,Everyone came together for my elders' health and it was so much fun,family,happy,"elders,happy",low,high,vernacbridge_family_1000.csv
daily family conversation vishayathula thappa nadandhukiten nu ippo guilt varudhu,I feel guilty now that I behaved wrongly regarding my daily family conversation,family,guilty,"daily,guilty",medium,high,vernacbridge_family_1000.csv
family finances news eppo varum nu ninachu anxious ah irukken,I feel anxious wondering when news about my family finances will come,family,anxious,"family,anxious",medium,high,vernacbridge_family_1000.csv
home vishayathula thappa nadandhukiten nu ippo guilt varudhu,I feel guilty now that I behaved wrongly regarding my home,family,guilty,"home,guilty",medium,high,vernacbridge_family_1000.csv
family respect vishayathula pressure adhigama irukku,There's a lot of pressure regarding my family respect,family,stressed,"family,stressed",medium,high,vernacbridge_family_1000.csv
family illness vishayathula pressure adhigama irukku,There's a lot of pressure regarding my family illness,family,stressed,"family,stressed",medium,high,vernacbridge_family_1000.csv
"uncle kooda irukkum pozhudhu miss pannuren, ippo thaniya irukken","I miss the time I spent with my uncle, now I feel alone",family,lonely,"uncle,lonely",medium,high,vernacbridge_family_1000.csv
gratitude pathi yosichaale nenju padhapadhukudhu,My heart races with fear whenever I think about my gratitude,family,fear,"gratitude,fear",medium,high,vernacbridge_family_1000.csv
emotional support soon solve aagum nu nambaren,I believe my emotional support will be resolved soon,family,hopeful,"emotional,hopeful",low,high,vernacbridge_family_1000.csv
cousins illama veedu verumaiya irukku,The house feels empty without my cousins,family,lonely,"cousins,lonely",medium,high,vernacbridge_family_1000.csv
parenting pathi ninachaale mukham la smile varudhu,Just thinking about my parenting brings a smile to my face,family,happy,"parenting,happy",low,high,vernacbridge_family_1000.csv
elders health nalla poidum nu nambikkai irukku,I have hope that my elders' health will go well,family,hopeful,"elders,hopeful",low,high,vernacbridge_family_1000.csv
"family support ippo kashtama irundhalum, nalladhu nadakum nu nambaren","Even though my family support is tough right now, I believe it will turn out well",family,hopeful,"family,hopeful",low,high,vernacbridge_family_1000.csv
veetla family respect pathi pesa yarum kooda illa,There's no one at home to talk about my family respect with,family,lonely,"family,lonely",low,high,vernacbridge_family_1000.csv
kids upbringing nalla aagaadho nu bayama irukku,I'm afraid my kids' upbringing might not turn out well,family,fear,"kids,fear",medium,high,vernacbridge_family_1000.csv
grandparents vishayathula edhachum thappu nadandhudumo nu bayam,I'm scared something might go wrong with my grandparents,family,fear,"grandparents,fear",high,high,vernacbridge_family_1000.csv
"family argument la ellarum sera poravanga, wait pannitu excited ah irukken","Everyone is coming together for my family argument, I'm waiting excitedly",family,excited,"family,excited",low,high,vernacbridge_family_1000.csv
"marriage pathi effort pannitu irukken, nalladhu varum nu nambikkai","I'm putting in effort for my marriage, I hope good things will come",family,hopeful,"marriage,hopeful",low,high,vernacbridge_family_1000.csv
"childhood memories pesama edhavadhu decision edutanga, romba kobam varudhu","They made a decision about my childhood memories without talking to me, I'm really angry",family,angry,"childhood,angry",medium,high,vernacbridge_family_1000.csv
"wedding function vishayathula ella pesitten, ipo calm ah irukken","I've talked things through about my wedding function, I feel calm now",family,calm,"wedding,calm",low,high,vernacbridge_family_1000.csv
"home matter ku parallel ah vera responsibility kooda irukku, stress adhigam","I have other responsibilities along with my home, the stress is very high",family,stressed,"home,stressed",high,high,vernacbridge_family_1000.csv
amma nalla aagaadho nu bayama irukku,I'm afraid my mother might not turn out well,family,fear,"amma,fear",medium,high,vernacbridge_family_1000.csv
childhood memories pathi yosikkama calm ah irukka try panren,I'm trying to stay calm without overthinking my childhood memories,family,calm,"childhood,calm",low,high,vernacbridge_family_1000.csv
"aunty pathi ninacha thalai suthudhu, stress ah irukku","My head spins when I think about my aunt, I'm stressed",family,stressed,"aunty,stressed",high,high,vernacbridge_family_1000.csv
sister news eppo varum nu ninachu anxious ah irukken,I feel anxious wondering when news about my sister will come,family,anxious,"sister,anxious",medium,high,vernacbridge_family_1000.csv
"family argument innum konjam naal dhaan irukku, romba excited ah irukken","There's only a few days left for my family argument, I'm really excited",family,excited,"family,excited",low,high,vernacbridge_family_1000.csv
"sister pathi ninacha thalai suthudhu, stress ah irukku","My head spins when I think about my sister, I'm stressed",family,stressed,"sister,stressed",high,high,vernacbridge_family_1000.csv
"marriage nalla nadandhudhu, veetla ellarum happy ah irukanga","My marriage went really well, everyone at home is happy",family,happy,"marriage,happy",low,high,vernacbridge_family_1000.csv
family happiness vishayathula unfair ah treat pannanga nu kobam,"I feel like I was treated unfairly regarding my family happiness, I'm angry",family,angry,"family,angry",medium,high,vernacbridge_family_1000.csv
"family respect arrangements start pannitanga, romba excited ah irukku","They've started the arrangements for my family respect, I'm really excited",family,excited,"family,excited",low,high,vernacbridge_family_1000.csv
sister expectation meet panna mudiyala nu guilt irukku,I feel guilty that I couldn't meet my sister's expectations,family,guilty,"sister,guilty",medium,high,vernacbridge_family_1000.csv
"aunty matter ku parallel ah vera responsibility kooda irukku, stress adhigam","I have other responsibilities along with my aunt, the stress is very high",family,stressed,"aunty,stressed",high,high,vernacbridge_family_1000.csv
"family happiness solve aagiduchu, ipo manasu peaceful ah irukku","My family happiness got resolved, my heart feels peaceful now",family,calm,"family,calm",low,high,vernacbridge_family_1000.csv
"gratitude promise panni miss pannitten, romba guilty ah feel panren","I promised something for my gratitude and missed it, I feel really guilty",family,guilty,"gratitude,guilty",medium,high,vernacbridge_family_1000.csv
"family responsibility nalla nadakala, veetla ellarum sad ah irukanga","My family responsibility didn't go well, everyone at home is sad",family,sad,"family,sad",medium,high,vernacbridge_family_1000.csv
advice handle panna time illama stress ah irukku,I'm stressed because I don't have time to handle my advice,family,stressed,"advice,stressed",high,high,vernacbridge_family_1000.csv
advice pathi ninachaale sad ah aayidudhu,Thinking about my advice makes me feel sad,family,sad,"advice,sad",medium,high,vernacbridge_family_1000.csv
family problem decision eduka mudiyama irukken innum,I still can't make a decision about my family problem,family,confused,"family,confused",medium,high,vernacbridge_family_1000.csv
sister vishayam romba stress kudukudhu,Dealing with my sister is giving me a lot of stress,family,stressed,"sister,stressed",high,high,vernacbridge_family_1000.csv
marriage expectation meet panna mudiyala nu guilt irukku,I feel guilty that I couldn't meet my marriage's expectations,family,guilty,"marriage,guilty",medium,high,vernacbridge_family_1000.csv
"amma vishayathula family ellarum different opinion sollranga, confuse ah irukku","Everyone in the family has a different opinion about my mother, I'm confused",family,confused,"amma,confused",medium,high,vernacbridge_family_1000.csv
encouragement vishayathula pressure adhigama irukku,There's a lot of pressure regarding my encouragement,family,stressed,"encouragement,stressed",medium,high,vernacbridge_family_1000.csv
"gratitude pathi plan pannitu irukom, semma excited ah irukku","We're planning for my gratitude, I'm so excited",family,excited,"gratitude,excited",low,high,vernacbridge_family_1000.csv
misunderstanding handle panna time illama stress ah irukku,I'm stressed because I don't have time to handle my misunderstanding,family,stressed,"misunderstanding,stressed",high,high,vernacbridge_family_1000.csv
"wedding function vishayam expect panna madhiri nadakala, romba vaguthadhu","My wedding function didn't turn out as I expected, it really hurt me",family,sad,"wedding,sad",medium,high,vernacbridge_family_1000.csv
family trust expectation meet panna mudiyala nu guilt irukku,I feel guilty that I couldn't meet my family trust's expectations,family,guilty,"family,guilty",medium,high,vernacbridge_family_1000.csv
grief vishayathula edhachum thappu nadandhudumo nu bayam,I'm scared something might go wrong with my grief,family,fear,"grief,fear",high,high,vernacbridge_family_1000.csv
encouragement expectation meet panna mudiyala nu guilt irukku,I feel guilty that I couldn't meet my encouragement's expectations,family,guilty,"encouragement,guilty",medium,high,vernacbridge_family_1000.csv
"advice promise panni miss pannitten, romba guilty ah feel panren","I promised something for my advice and missed it, I feel really guilty",family,guilty,"advice,guilty",medium,high,vernacbridge_family_1000.csv
elders health pathi bad news varumo nu fear ah irukku,I'm scared that bad news might come about my elders' health,family,fear,"elders,fear",medium,high,vernacbridge_family_1000.csv
marriage pathi ninachaale sad ah aayidudhu,Thinking about my marriage makes me feel sad,family,sad,"marriage,sad",medium,high,vernacbridge_family_1000.csv
family reunion pathi amma solradhukum appa solradhukum match aagala,"What amma says about my family reunion doesn't match what appa says, I'm confused",family,confused,"family,confused",medium,high,vernacbridge_family_1000.csv
"family loss pathi venaama kadinama pesinanga, frustration ah irukku","They spoke harshly about my family loss for no reason, it's frustrating",family,angry,"family,angry",medium,high,vernacbridge_family_1000.csv
"gratitude pathi effort pannitu irukken, nalladhu varum nu nambikkai","I'm putting in effort for my gratitude, I hope good things will come",family,hopeful,"gratitude,hopeful",low,high,vernacbridge_family_1000.csv
"marriage nalla nadakala, veetla ellarum sad ah irukanga","My marriage didn't go well, everyone at home is sad",family,sad,"marriage,sad",medium,high,vernacbridge_family_1000.csv
family finances kooda neram selavazhikama irundhadhukku guilt ah irukku,I feel guilty for not spending enough time with my family finances,family,guilty,"family,guilty",medium,high,vernacbridge_family_1000.csv
family trust ku sariyaana neram kudukala nu guilt irukku,I feel guilty that I didn't give proper time to my family trust,family,guilty,"family,guilty",medium,high,vernacbridge_family_1000.csv
veetla misunderstanding pathi pesa yarum kooda illa,There's no one at home to talk about my misunderstanding with,family,lonely,"misunderstanding,lonely",low,high,vernacbridge_family_1000.csv
"family support vishayathula ella pesitten, ipo calm ah irukken","I've talked things through about my family support, I feel calm now",family,calm,"family,calm",low,high,vernacbridge_family_1000.csv
"gratitude pesama edhavadhu decision edutanga, romba kobam varudhu","They made a decision about my gratitude without talking to me, I'm really angry",family,angry,"gratitude,angry",medium,high,vernacbridge_family_1000.csv
"wedding function health pathi worry ah irukku, edhavadhu aagidumo nu bayam","I'm worried about my wedding function's health, scared something might happen",family,fear,"wedding,fear",high,high,vernacbridge_family_1000.csv
parenting ku sariyaana neram kudukala nu guilt irukku,I feel guilty that I didn't give proper time to my parenting,family,guilty,"parenting,guilty",medium,high,vernacbridge_family_1000.csv
home la ellarum sera irundhu semma fun ah irundhudhu,Everyone came together for my home and it was so much fun,family,happy,"home,happy",low,high,vernacbridge_family_1000.csv
family illness pathi nalla news kelvi pattu happy ah irukken,"I heard good news about my family illness, I'm happy about it",family,happy,"family,happy",low,high,vernacbridge_family_1000.csv
family happiness illama veedu verumaiya irukku,The house feels empty without my family happiness,family,lonely,"family,lonely",medium,high,vernacbridge_family_1000.csv
uncle decision eduka mudiyama irukken innum,I still can't make a decision about my uncle,family,confused,"uncle,confused",medium,high,vernacbridge_family_1000.csv
family bonding pathi therinjadhum manasu heavy ah aayiduchu,"The moment I heard about my family bonding, my heart felt heavy",family,sad,"family,sad",medium,high,vernacbridge_family_1000.csv
appa ku sariyaana neram kudukala nu guilt irukku,I feel guilty that I didn't give proper time to my father,family,guilty,"appa,guilty",medium,high,vernacbridge_family_1000.csv
"encouragement innum konjam naal dhaan irukku, romba excited ah irukken","There's only a few days left for my encouragement, I'm really excited",family,excited,"encouragement,excited",low,high,vernacbridge_family_1000.csv
amma eppadi handle pannanum nu puriyala,I don't understand how to handle my mother,family,confused,"amma,confused",medium,high,vernacbridge_family_1000.csv
"appa innum konjam naal dhaan irukku, romba excited ah irukken","There's only a few days left for my father, I'm really excited",family,excited,"appa,excited",low,high,vernacbridge_family_1000.csv
"cousins matter la promise mudika illa, romba irritation","They didn't keep their promise about my cousins, it's really irritating",family,angry,"cousins,angry",medium,high,vernacbridge_family_1000.csv
family loss soon solve aagum nu nambaren,I believe my family loss will be resolved soon,family,hopeful,"family,hopeful",low,high,vernacbridge_family_1000.csv
family respect decision eduka mudiyama irukken innum,I still can't make a decision about my family respect,family,confused,"family,confused",medium,high,vernacbridge_family_1000.csv
"home nalla nadandhudhu, veetla ellarum happy ah irukanga","My home went really well, everyone at home is happy",family,happy,"home,happy",low,high,vernacbridge_family_1000.csv
sacrifice vishayathula pressure adhigama irukku,There's a lot of pressure regarding my sacrifice,family,stressed,"sacrifice,stressed",medium,high,vernacbridge_family_1000.csv
"advice arrangements start pannitanga, romba excited ah irukku","They've started the arrangements for my advice, I'm really excited",family,excited,"advice,excited",low,high,vernacbridge_family_1000.csv
gratitude pathi enna pannanum nu theriyala,I don't know what to do about my gratitude,family,confused,"gratitude,confused",medium,high,vernacbridge_family_1000.csv
sister la ellarum sera irundhu semma fun ah irundhudhu,Everyone came together for my sister and it was so much fun,family,happy,"sister,happy",low,high,vernacbridge_family_1000.csv
"family reunion vishayathula konjam tension irundhalum, positive ah dhaan irukken","Even with some tension about my family reunion, I'm staying positive",family,hopeful,"family,hopeful",low,high,vernacbridge_family_1000.csv
childhood memories dhooram poiten apparam romba lonely ah irukku,"Since I moved away from my childhood memories, I feel really lonely",family,lonely,"childhood,lonely",medium,high,vernacbridge_family_1000.csv
"family problem matter la promise mudika illa, romba irritation","They didn't keep their promise about my family problem, it's really irritating",family,angry,"family,angry",medium,high,vernacbridge_family_1000.csv
"wedding function pathi venaama kadinama pesinanga, frustration ah irukku","They spoke harshly about my wedding function for no reason, it's frustrating",family,angry,"wedding,angry",medium,high,vernacbridge_family_1000.csv
"encouragement arrangements start pannitanga, romba excited ah irukku","They've started the arrangements for my encouragement, I'm really excited",family,excited,"encouragement,excited",low,high,vernacbridge_family_1000.csv
"parenting pathi ninacha thalai suthudhu, stress ah irukku","My head spins when I think about my parenting, I'm stressed",family,stressed,"parenting,stressed",high,high,vernacbridge_family_1000.csv
"family happiness nalla nadakala, veetla ellarum sad ah irukanga","My family happiness didn't go well, everyone at home is sad",family,sad,"family,sad",medium,high,vernacbridge_family_1000.csv
"elders health arrangements start pannitanga, romba excited ah irukku","They've started the arrangements for my elders' health, I'm really excited",family,excited,"elders,excited",low,high,vernacbridge_family_1000.csv
"sacrifice ippo kashtama irundhalum, nalladhu nadakum nu nambaren","Even though my sacrifice is tough right now, I believe it will turn out well",family,hopeful,"sacrifice,hopeful",low,high,vernacbridge_family_1000.csv
family trip nyabagam vandha kannu filaagudhu,"When I remember my family trip, my eyes well up",family,sad,"family,sad",medium,high,vernacbridge_family_1000.csv
"amma matter la promise mudika illa, romba irritation","They didn't keep their promise about my mother, it's really irritating",family,angry,"amma,angry",medium,high,vernacbridge_family_1000.csv
"marriage pathi over thinking pannitu irukken, sleep kooda varala","I've been overthinking about my marriage, I can't even sleep",family,anxious,"marriage,anxious",medium,high,vernacbridge_family_1000.csv
childhood memories pathi pesa yarum illama thaniya feel panren,"There's no one to talk to about my childhood memories, I feel alone",family,lonely,"childhood,lonely",medium,high,vernacbridge_family_1000.csv
amma dhooram poiten apparam romba lonely ah irukku,"Since I moved away from my mother, I feel really lonely",family,lonely,"amma,lonely",medium,high,vernacbridge_family_1000.csv
uncle pathi therinjadhum manasu heavy ah aayiduchu,"The moment I heard about my uncle, my heart felt heavy",family,sad,"uncle,sad",medium,high,vernacbridge_family_1000.csv
"family happiness la ellarum sera poravanga, wait pannitu excited ah irukken","Everyone is coming together for my family happiness, I'm waiting excitedly",family,excited,"family,excited",low,high,vernacbridge_family_1000.csv
childhood memories pathi bad news varumo nu fear ah irukku,I'm scared that bad news might come about my childhood memories,family,fear,"childhood,fear",medium,high,vernacbridge_family_1000.csv
"family illness kooda irukkum pozhudhu miss pannuren, ippo thaniya irukken","I miss the time I spent with my family illness, now I feel alone",family,lonely,"family,lonely",medium,high,vernacbridge_family_1000.csv
"family trust matter la promise mudika illa, romba irritation","They didn't keep their promise about my family trust, it's really irritating",family,angry,"family,angry",medium,high,vernacbridge_family_1000.csv
family finances nyabagam vandha kannu filaagudhu,"When I remember my family finances, my eyes well up",family,sad,"family,sad",medium,high,vernacbridge_family_1000.csv
"festival celebration pathi over thinking pannitu irukken, sleep kooda varala","I've been overthinking about my festival celebration, I can't even sleep",family,anxious,"festival,anxious",medium,high,vernacbridge_family_1000.csv
family finances time la semma santhosham feel panren,I feel so joyful during my family finances,family,happy,"family,happy",low,high,vernacbridge_family_1000.csv
gratitude pathi bad news varumo nu fear ah irukku,I'm scared that bad news might come about my gratitude,family,fear,"gratitude,fear",medium,high,vernacbridge_family_1000.csv
"kids upbringing promise panni miss pannitten, romba guilty ah feel panren","I promised something for my kids' upbringing and missed it, I feel really guilty",family,guilty,"kids,guilty",medium,high,vernacbridge_family_1000.csv
grief expectation meet panna mudiyala nu guilt irukku,I feel guilty that I couldn't meet my grief's expectations,family,guilty,"grief,guilty",medium,high,vernacbridge_family_1000.csv
parenting eppadi handle pannanum nu puriyala,I don't understand how to handle my parenting,family,confused,"parenting,confused",medium,high,vernacbridge_family_1000.csv
"elders health health pathi worry ah irukku, edhavadhu aagidumo nu bayam","I'm worried about my elders' health's health, scared something might happen",family,fear,"elders,fear",high,high,vernacbridge_family_1000.csv
parenting pathi yosichaale nenju padhapadhukudhu,My heart races with fear whenever I think about my parenting,family,fear,"parenting,fear",medium,high,vernacbridge_family_1000.csv
"amma vishayathula ella pesitten, ipo calm ah irukken","I've talked things through about my mother, I feel calm now",family,calm,"amma,calm",low,high,vernacbridge_family_1000.csv
family trust pathi yosichaale nenju padhapadhukudhu,My heart races with fear whenever I think about my family trust,family,fear,"family,fear",medium,high,vernacbridge_family_1000.csv
childhood memories decision eduka mudiyama irukken innum,I still can't make a decision about my childhood memories,family,confused,"childhood,confused",medium,high,vernacbridge_family_1000.csv
"aunty nalla nadakumaa nu doubt varudhu, anxious ah irukku","I keep doubting whether my aunt will go well, I'm anxious",family,anxious,"aunty,anxious",medium,high,vernacbridge_family_1000.csv
"advice pathi nalla news kekka poren nu thonudhu, excited ah irukku",I feel excited thinking I might hear good news about my advice,family,excited,"advice,excited",low,high,vernacbridge_family_1000.csv
daily family conversation nalla poidum nu nambikkai irukku,I have hope that my daily family conversation will go well,family,hopeful,"daily,hopeful",low,high,vernacbridge_family_1000.csv
"cousins promise panni miss pannitten, romba guilty ah feel panren","I promised something for my cousins and missed it, I feel really guilty",family,guilty,"cousins,guilty",medium,high,vernacbridge_family_1000.csv
parenting vishayathula edhachum thappu nadandhudumo nu bayam,I'm scared something might go wrong with my parenting,family,fear,"parenting,fear",high,high,vernacbridge_family_1000.csv
"daily family conversation ippo kashtama irundhalum, nalladhu nadakum nu nambaren","Even though my daily family conversation is tough right now, I believe it will turn out well",family,hopeful,"daily,hopeful",low,high,vernacbridge_family_1000.csv
"daily family conversation pathi nenju padhapadhukkudhu, anxious feel panren","My heart races about my daily family conversation, I feel anxious",family,anxious,"daily,anxious",medium,high,vernacbridge_family_1000.csv
"family argument pathi ipo tension illa, manasu calm ah irukku","I don't feel tense about my family argument anymore, my heart feels calm",family,calm,"family,calm",low,high,vernacbridge_family_1000.csv
grandparents illama veedu verumaiya irukku,The house feels empty without my grandparents,family,lonely,"grandparents,lonely",medium,high,vernacbridge_family_1000.csv
financial struggle handle panna time illama stress ah irukku,I'm stressed because I don't have time to handle my financial struggle,family,stressed,"financial,stressed",high,high,vernacbridge_family_1000.csv
"family trip vishayam expect panna madhiri nadakala, romba vaguthadhu","My family trip didn't turn out as I expected, it really hurt me",family,sad,"family,sad",medium,high,vernacbridge_family_1000.csv
appa decision eduka mudiyama irukken innum,I still can't make a decision about my father,family,confused,"appa,confused",medium,high,vernacbridge_family_1000.csv
family responsibility pathi enna pannanum nu theriyala,I don't know what to do about my family responsibility,family,confused,"family,confused",medium,high,vernacbridge_family_1000.csv
kids upbringing pathi pesa yarum illama thaniya feel panren,"There's no one to talk to about my kids' upbringing, I feel alone",family,lonely,"kids,lonely",medium,high,vernacbridge_family_1000.csv
"kids upbringing vishayathula ella pesitten, ipo calm ah irukken","I've talked things through about my kids' upbringing, I feel calm now",family,calm,"kids,calm",low,high,vernacbridge_family_1000.csv
"parenting pathi effort pannitu irukken, nalladhu varum nu nambikkai","I'm putting in effort for my parenting, I hope good things will come",family,hopeful,"parenting,hopeful",low,high,vernacbridge_family_1000.csv
grief pathi therinjadhum manasu heavy ah aayiduchu,"The moment I heard about my grief, my heart felt heavy",family,sad,"grief,sad",medium,high,vernacbridge_family_1000.csv
"family trip pathi plan pannitu irukom, semma excited ah irukku","We're planning for my family trip, I'm so excited",family,excited,"family,excited",low,high,vernacbridge_family_1000.csv
"family bonding promise panni miss pannitten, romba guilty ah feel panren","I promised something for my family bonding and missed it, I feel really guilty",family,guilty,"family,guilty",medium,high,vernacbridge_family_1000.csv
family support pathi ninachaale mukham la smile varudhu,Just thinking about my family support brings a smile to my face,family,happy,"family,happy",low,high,vernacbridge_family_1000.csv
sister pathi yosichaale nenju padhapadhukudhu,My heart races with fear whenever I think about my sister,family,fear,"sister,fear",medium,high,vernacbridge_family_1000.csv
"aunty pathi yosichaale hands shake aagudhu, romba anxious","My hands shake when I think about my aunt, I'm really anxious",family,anxious,"aunty,anxious",high,high,vernacbridge_family_1000.csv
"aunty vishayathula konjam tension irundhalum, positive ah dhaan irukken","Even with some tension about my aunt, I'm staying positive",family,hopeful,"aunty,hopeful",low,high,vernacbridge_family_1000.csv
sacrifice news eppo varum nu ninachu anxious ah irukken,I feel anxious wondering when news about my sacrifice will come,family,anxious,"sacrifice,anxious",medium,high,vernacbridge_family_1000.csv
daily family conversation time la semma santhosham feel panren,I feel so joyful during my daily family conversation,family,happy,"daily,happy",low,high,vernacbridge_family_1000.csv
"marriage health pathi worry ah irukku, edhavadhu aagidumo nu bayam","I'm worried about my marriage's health, scared something might happen",family,fear,"marriage,fear",high,high,vernacbridge_family_1000.csv
parenting pathi nalla news kelvi pattu happy ah irukken,"I heard good news about my parenting, I'm happy about it",family,happy,"parenting,happy",low,high,vernacbridge_family_1000.csv
"misunderstanding pathi plan pannitu irukom, semma excited ah irukku","We're planning for my misunderstanding, I'm so excited",family,excited,"misunderstanding,excited",low,high,vernacbridge_family_1000.csv
family responsibility pathi therinjadhum manasu heavy ah aayiduchu,"The moment I heard about my family responsibility, my heart felt heavy",family,sad,"family,sad",medium,high,vernacbridge_family_1000.csv
"parenting vishayathula yaaraiyum kekkama edhuvum pannitanga, kobam adangala","They did something about my parenting without asking anyone, my anger won't settle",family,angry,"parenting,angry",medium,high,vernacbridge_family_1000.csv
family care eppadi handle pannanum nu puriyala,I don't understand how to handle my family care,family,confused,"family,confused",medium,high,vernacbridge_family_1000.csv
childhood memories vishayathula pressure adhigama irukku,There's a lot of pressure regarding my childhood memories,family,stressed,"childhood,stressed",medium,high,vernacbridge_family_1000.csv
"family expectation vishayathula yaaraiyum kekkama edhuvum pannitanga, kobam adangala","They did something about my family expectation without asking anyone, my anger won't settle",family,angry,"family,angry",medium,high,vernacbridge_family_1000.csv
"childhood memories pathi venaama kadinama pesinanga, frustration ah irukku","They spoke harshly about my childhood memories for no reason, it's frustrating",family,angry,"childhood,angry",medium,high,vernacbridge_family_1000.csv
marriage pathi amma solradhukum appa solradhukum match aagala,"What amma says about my marriage doesn't match what appa says, I'm confused",family,confused,"marriage,confused",medium,high,vernacbridge_family_1000.csv
"family trust nalla nadakala, veetla ellarum sad ah irukanga","My family trust didn't go well, everyone at home is sad",family,sad,"family,sad",medium,high,vernacbridge_family_1000.csv
"gratitude health pathi worry ah irukku, edhavadhu aagidumo nu bayam","I'm worried about my gratitude's health, scared something might happen",family,fear,"gratitude,fear",high,high,vernacbridge_family_1000.csv
daily family conversation soon solve aagum nu nambaren,I believe my daily family conversation will be resolved soon,family,hopeful,"daily,hopeful",low,high,vernacbridge_family_1000.csv
misunderstanding news eppo varum nu ninachu anxious ah irukken,I feel anxious wondering when news about my misunderstanding will come,family,anxious,"misunderstanding,anxious",medium,high,vernacbridge_family_1000.csv
veetla elders health pathi pesa yarum kooda illa,There's no one at home to talk about my elders' health with,family,lonely,"elders,lonely",low,high,vernacbridge_family_1000.csv
"kids upbringing pathi ninacha thalai suthudhu, stress ah irukku","My head spins when I think about my kids' upbringing, I'm stressed",family,stressed,"kids,stressed",high,high,vernacbridge_family_1000.csv
wedding function expectation meet panna mudiyala nu guilt irukku,I feel guilty that I couldn't meet my wedding function's expectations,family,guilty,"wedding,guilty",medium,high,vernacbridge_family_1000.csv
"elders health pathi effort pannitu irukken, nalladhu varum nu nambikkai","I'm putting in effort for my elders' health, I hope good things will come",family,hopeful,"elders,hopeful",low,high,vernacbridge_family_1000.csv
family problem vishayathula pressure adhigama irukku,There's a lot of pressure regarding my family problem,family,stressed,"family,stressed",medium,high,vernacbridge_family_1000.csv
family responsibility soon solve aagum nu nambaren,I believe my family responsibility will be resolved soon,family,hopeful,"family,hopeful",low,high,vernacbridge_family_1000.csv
"grandparents pathi nenju padhapadhukkudhu, anxious feel panren","My heart races about my grandparents, I feel anxious",family,anxious,"grandparents,anxious",medium,high,vernacbridge_family_1000.csv
advice kooda neram selavazhikama irundhadhukku guilt ah irukku,I feel guilty for not spending enough time with my advice,family,guilty,"advice,guilty",medium,high,vernacbridge_family_1000.csv
"emotional support innum konjam naal dhaan irukku, romba excited ah irukken","There's only a few days left for my emotional support, I'm really excited",family,excited,"emotional,excited",low,high,vernacbridge_family_1000.csv
elders health time la semma santhosham feel panren,I feel so joyful during my elders' health,family,happy,"elders,happy",low,high,vernacbridge_family_1000.csv
"childhood memories promise panni miss pannitten, romba guilty ah feel panren","I promised something for my childhood memories and missed it, I feel really guilty",family,guilty,"childhood,guilty",medium,high,vernacbridge_family_1000.csv
financial struggle nalla poidum nu nambikkai irukku,I have hope that my financial struggle will go well,family,hopeful,"financial,hopeful",low,high,vernacbridge_family_1000.csv
family expectation dhooram poiten apparam romba lonely ah irukku,"Since I moved away from my family expectation, I feel really lonely",family,lonely,"family,lonely",medium,high,vernacbridge_family_1000.csv
family trust handle panna time illama stress ah irukku,I'm stressed because I don't have time to handle my family trust,family,stressed,"family,stressed",high,high,vernacbridge_family_1000.csv
family illness eppadi handle pannanum nu puriyala,I don't understand how to handle my family illness,family,confused,"family,confused",medium,high,vernacbridge_family_1000.csv
amma nalla poidum nu nambikkai irukku,I have hope that my mother will go well,family,hopeful,"amma,hopeful",low,high,vernacbridge_family_1000.csv
gratitude pathi amma solradhukum appa solradhukum match aagala,"What amma says about my gratitude doesn't match what appa says, I'm confused",family,confused,"gratitude,confused",medium,high,vernacbridge_family_1000.csv
"wedding function nalla nadandhudhu, veetla ellarum happy ah irukanga","My wedding function went really well, everyone at home is happy",family,happy,"wedding,happy",low,high,vernacbridge_family_1000.csv
sister kooda neram selavazhikama irundhadhukku guilt ah irukku,I feel guilty for not spending enough time with my sister,family,guilty,"sister,guilty",medium,high,vernacbridge_family_1000.csv
"home matter la promise mudika illa, romba irritation","They didn't keep their promise about my home, it's really irritating",family,angry,"home,angry",medium,high,vernacbridge_family_1000.csv
"cousins pathi nenju padhapadhukkudhu, anxious feel panren","My heart races about my cousins, I feel anxious",family,anxious,"cousins,anxious",medium,high,vernacbridge_family_1000.csv
"family love vishayathula family ellarum different opinion sollranga, confuse ah irukku","Everyone in the family has a different opinion about my family love, I'm confused",family,confused,"family,confused",medium,high,vernacbridge_family_1000.csv
sacrifice handle panna time illama stress ah irukku,I'm stressed because I don't have time to handle my sacrifice,family,stressed,"sacrifice,stressed",high,high,vernacbridge_family_1000.csv
sacrifice vishayathula edhachum thappu nadandhudumo nu bayam,I'm scared something might go wrong with my sacrifice,family,fear,"sacrifice,fear",high,high,vernacbridge_family_1000.csv
family bonding la ellarum sera irundhu semma fun ah irundhudhu,Everyone came together for my family bonding and it was so much fun,family,happy,"family,happy",low,high,vernacbridge_family_1000.csv
"family finances health pathi worry ah irukku, edhavadhu aagidumo nu bayam","I'm worried about my family finances's health, scared something might happen",family,fear,"family,fear",high,high,vernacbridge_family_1000.csv
family illness pathi ninachaale sad ah aayidudhu,Thinking about my family illness makes me feel sad,family,sad,"family,sad",medium,high,vernacbridge_family_1000.csv
"amma innum konjam naal dhaan irukku, romba excited ah irukken","There's only a few days left for my mother, I'm really excited",family,excited,"amma,excited",low,high,vernacbridge_family_1000.csv
encouragement pathi amma solradhukum appa solradhukum match aagala,"What amma says about my encouragement doesn't match what appa says, I'm confused",family,confused,"encouragement,confused",medium,high,vernacbridge_family_1000.csv
elders health illama veedu verumaiya irukku,The house feels empty without my elders' health,family,lonely,"elders,lonely",medium,high,vernacbridge_family_1000.csv
amma news eppo varum nu ninachu anxious ah irukken,I feel anxious wondering when news about my mother will come,family,anxious,"amma,anxious",medium,high,vernacbridge_family_1000.csv
"family responsibility pathi effort pannitu irukken, nalladhu varum nu nambikkai","I'm putting in effort for my family responsibility, I hope good things will come",family,hopeful,"family,hopeful",low,high,vernacbridge_family_1000.csv
"family bonding matter la promise mudika illa, romba irritation","They didn't keep their promise about my family bonding, it's really irritating",family,angry,"family,angry",medium,high,vernacbridge_family_1000.csv
family care pathi ninachaale sad ah aayidudhu,Thinking about my family care makes me feel sad,family,sad,"family,sad",medium,high,vernacbridge_family_1000.csv
"sacrifice kooda irukkum pozhudhu miss pannuren, ippo thaniya irukken","I miss the time I spent with my sacrifice, now I feel alone",family,lonely,"sacrifice,lonely",medium,high,vernacbridge_family_1000.csv
marriage pathi yosikkama calm ah irukka try panren,I'm trying to stay calm without overthinking my marriage,family,calm,"marriage,calm",low,high,vernacbridge_family_1000.csv
veetla amma pathi pesa yarum kooda illa,There's no one at home to talk about my mother with,family,lonely,"amma,lonely",low,high,vernacbridge_family_1000.csv
family problem ku sariyaana neram kudukala nu guilt irukku,I feel guilty that I didn't give proper time to my family problem,family,guilty,"family,guilty",medium,high,vernacbridge_family_1000.csv
"grandparents pathi ipo tension illa, manasu calm ah irukku","I don't feel tense about my grandparents anymore, my heart feels calm",family,calm,"grandparents,calm",low,high,vernacbridge_family_1000.csv
"gratitude vishayathula ella pesitten, ipo calm ah irukken","I've talked things through about my gratitude, I feel calm now",family,calm,"gratitude,calm",low,high,vernacbridge_family_1000.csv
"grandparents vishayathula ella pesitten, ipo calm ah irukken","I've talked things through about my grandparents, I feel calm now",family,calm,"grandparents,calm",low,high,vernacbridge_family_1000.csv
elders health soon solve aagum nu nambaren,I believe my elders' health will be resolved soon,family,hopeful,"elders,hopeful",low,high,vernacbridge_family_1000.csv
elders health expectation meet panna mudiyala nu guilt irukku,I feel guilty that I couldn't meet my elders' health's expectations,family,guilty,"elders,guilty",medium,high,vernacbridge_family_1000.csv
"sacrifice vishayathula family ellarum different opinion sollranga, confuse ah irukku","Everyone in the family has a different opinion about my sacrifice, I'm confused",family,confused,"sacrifice,confused",medium,high,vernacbridge_family_1000.csv
"emotional support pathi ninacha thalai suthudhu, stress ah irukku","My head spins when I think about my emotional support, I'm stressed",family,stressed,"emotional,stressed",high,high,vernacbridge_family_1000.csv
"sister promise panni miss pannitten, romba guilty ah feel panren","I promised something for my sister and missed it, I feel really guilty",family,guilty,"sister,guilty",medium,high,vernacbridge_family_1000.csv
family responsibility pathi ninachaale mukham la smile varudhu,Just thinking about my family responsibility brings a smile to my face,family,happy,"family,happy",low,high,vernacbridge_family_1000.csv
"misunderstanding nalla nadakala, veetla ellarum sad ah irukanga","My misunderstanding didn't go well, everyone at home is sad",family,sad,"misunderstanding,sad",medium,high,vernacbridge_family_1000.csv
kids upbringing dhooram poiten apparam romba lonely ah irukku,"Since I moved away from my kids' upbringing, I feel really lonely",family,lonely,"kids,lonely",medium,high,vernacbridge_family_1000.csv
family argument vishayam romba stress kudukudhu,Dealing with my family argument is giving me a lot of stress,family,stressed,"family,stressed",high,high,vernacbridge_family_1000.csv
"parenting vishayathula ella pesitten, ipo calm ah irukken","I've talked things through about my parenting, I feel calm now",family,calm,"parenting,calm",low,high,vernacbridge_family_1000.csv
wedding function pathi therinjadhum manasu heavy ah aayiduchu,"The moment I heard about my wedding function, my heart felt heavy",family,sad,"wedding,sad",medium,high,vernacbridge_family_1000.csv
"emotional support matter la promise mudika illa, romba irritation","They didn't keep their promise about my emotional support, it's really irritating",family,angry,"emotional,angry",medium,high,vernacbridge_family_1000.csv
childhood memories pathi enna pannanum nu theriyala,I don't know what to do about my childhood memories,family,confused,"childhood,confused",medium,high,vernacbridge_family_1000.csv
"festival celebration promise panni miss pannitten, romba guilty ah feel panren","I promised something for my festival celebration and missed it, I feel really guilty",family,guilty,"festival,guilty",medium,high,vernacbridge_family_1000.csv
grief kooda neram selavazhikama irundhadhukku guilt ah irukku,I feel guilty for not spending enough time with my grief,family,guilty,"grief,guilty",medium,high,vernacbridge_family_1000.csv
uncle illama veedu verumaiya irukku,The house feels empty without my uncle,family,lonely,"uncle,lonely",medium,high,vernacbridge_family_1000.csv
grief ku sariyaana neram kudukala nu guilt irukku,I feel guilty that I didn't give proper time to my grief,family,guilty,"grief,guilty",medium,high,vernacbridge_family_1000.csv
"grandparents nalla nadakala, veetla ellarum sad ah irukanga","My grandparents didn't go well, everyone at home is sad",family,sad,"grandparents,sad",medium,high,vernacbridge_family_1000.csv
"family bonding ippo kashtama irundhalum, nalladhu nadakum nu nambaren","Even though my family bonding is tough right now, I believe it will turn out well",family,hopeful,"family,hopeful",low,high,vernacbridge_family_1000.csv
family trust pathi enna pannanum nu theriyala,I don't know what to do about my family trust,family,confused,"family,confused",medium,high,vernacbridge_family_1000.csv
"financial struggle innum konjam naal dhaan irukku, romba excited ah irukken","There's only a few days left for my financial struggle, I'm really excited",family,excited,"financial,excited",low,high,vernacbridge_family_1000.csv
"financial struggle pathi yosichaale hands shake aagudhu, romba anxious","My hands shake when I think about my financial struggle, I'm really anxious",family,anxious,"financial,anxious",high,high,vernacbridge_family_1000.csv
childhood memories vishayam romba stress kudukudhu,Dealing with my childhood memories is giving me a lot of stress,family,stressed,"childhood,stressed",high,high,vernacbridge_family_1000.csv
aunty pathi therinjadhum manasu heavy ah aayiduchu,"The moment I heard about my aunt, my heart felt heavy",family,sad,"aunty,sad",medium,high,vernacbridge_family_1000.csv
"gratitude vishayam expect panna madhiri nadakala, romba vaguthadhu","My gratitude didn't turn out as I expected, it really hurt me",family,sad,"gratitude,sad",medium,high,vernacbridge_family_1000.csv
"childhood memories vishayathula konjam tension irundhalum, positive ah dhaan irukken","Even with some tension about my childhood memories, I'm staying positive",family,hopeful,"childhood,hopeful",low,high,vernacbridge_family_1000.csv
brother ku sariyaana neram kudukala nu guilt irukku,I feel guilty that I didn't give proper time to my brother,family,guilty,"brother,guilty",medium,high,vernacbridge_family_1000.csv
gratitude vishayathula edhachum thappu nadandhudumo nu bayam,I'm scared something might go wrong with my gratitude,family,fear,"gratitude,fear",high,high,vernacbridge_family_1000.csv
veetla family reunion pathi pesa yarum kooda illa,There's no one at home to talk about my family reunion with,family,lonely,"family,lonely",low,high,vernacbridge_family_1000.csv
appa vishayathula thappa nadandhukiten nu ippo guilt varudhu,I feel guilty now that I behaved wrongly regarding my father,family,guilty,"appa,guilty",medium,high,vernacbridge_family_1000.csv
"misunderstanding ippo kashtama irundhalum, nalladhu nadakum nu nambaren","Even though my misunderstanding is tough right now, I believe it will turn out well",family,hopeful,"misunderstanding,hopeful",low,high,vernacbridge_family_1000.csv
family happiness pathi therinjadhum manasu heavy ah aayiduchu,"The moment I heard about my family happiness, my heart felt heavy",family,sad,"family,sad",medium,high,vernacbridge_family_1000.csv
family finances pathi pesa yarum illama thaniya feel panren,"There's no one to talk to about my family finances, I feel alone",family,lonely,"family,lonely",medium,high,vernacbridge_family_1000.csv
"financial struggle pathi venaama kadinama pesinanga, frustration ah irukku","They spoke harshly about my financial struggle for no reason, it's frustrating",family,angry,"financial,angry",medium,high,vernacbridge_family_1000.csv
"parenting kooda irukkum pozhudhu miss pannuren, ippo thaniya irukken","I miss the time I spent with my parenting, now I feel alone",family,lonely,"parenting,lonely",medium,high,vernacbridge_family_1000.csv
"family trip pathi accept pannitten, calm ah feel panren","I've accepted things about my family trip, I feel calm",family,calm,"family,calm",low,high,vernacbridge_family_1000.csv
encouragement eppadi handle pannanum nu puriyala,I don't understand how to handle my encouragement,family,confused,"encouragement,confused",medium,high,vernacbridge_family_1000.csv
family happiness nyabagam vandha kannu filaagudhu,"When I remember my family happiness, my eyes well up",family,sad,"family,sad",medium,high,vernacbridge_family_1000.csv
"encouragement pathi ninacha thalai suthudhu, stress ah irukku","My head spins when I think about my encouragement, I'm stressed",family,stressed,"encouragement,stressed",high,high,vernacbridge_family_1000.csv
"sacrifice la ellarum sera poravanga, wait pannitu excited ah irukken","Everyone is coming together for my sacrifice, I'm waiting excitedly",family,excited,"sacrifice,excited",low,high,vernacbridge_family_1000.csv
grandparents pathi amma solradhukum appa solradhukum match aagala,"What amma says about my grandparents doesn't match what appa says, I'm confused",family,confused,"grandparents,confused",medium,high,vernacbridge_family_1000.csv
family respect pathi nalla news kelvi pattu happy ah irukken,"I heard good news about my family respect, I'm happy about it",family,happy,"family,happy",low,high,vernacbridge_family_1000.csv
"appa nalla nadakumaa nu doubt varudhu, anxious ah irukku","I keep doubting whether my father will go well, I'm anxious",family,anxious,"appa,anxious",medium,high,vernacbridge_family_1000.csv
aunty la ellarum sera irundhu semma fun ah irundhudhu,Everyone came together for my aunt and it was so much fun,family,happy,"aunty,happy",low,high,vernacbridge_family_1000.csv
home vishayathula pressure adhigama irukku,There's a lot of pressure regarding my home,family,stressed,"home,stressed",medium,high,vernacbridge_family_1000.csv
"elders health matter la promise mudika illa, romba irritation","They didn't keep their promise about my elders' health, it's really irritating",family,angry,"elders,angry",medium,high,vernacbridge_family_1000.csv
"wedding function vishayathula yaaraiyum kekkama edhuvum pannitanga, kobam adangala","They did something about my wedding function without asking anyone, my anger won't settle",family,angry,"wedding,angry",medium,high,vernacbridge_family_1000.csv
"financial struggle pathi ninacha thalai suthudhu, stress ah irukku","My head spins when I think about my financial struggle, I'm stressed",family,stressed,"financial,stressed",high,high,vernacbridge_family_1000.csv
grief pathi ninachaale mukham la smile varudhu,Just thinking about my grief brings a smile to my face,family,happy,"grief,happy",low,high,vernacbridge_family_1000.csv
sister illama veedu verumaiya irukku,The house feels empty without my sister,family,lonely,"sister,lonely",medium,high,vernacbridge_family_1000.csv
uncle nalla aagaadho nu bayama irukku,I'm afraid my uncle might not turn out well,family,fear,"uncle,fear",medium,high,vernacbridge_family_1000.csv
"aunty ippo kashtama irundhalum, nalladhu nadakum nu nambaren","Even though my aunt is tough right now, I believe it will turn out well",family,hopeful,"aunty,hopeful",low,high,vernacbridge_family_1000.csv
wedding function illama veedu verumaiya irukku,The house feels empty without my wedding function,family,lonely,"wedding,lonely",medium,high,vernacbridge_family_1000.csv
"home health pathi worry ah irukku, edhavadhu aagidumo nu bayam","I'm worried about my home's health, scared something might happen",family,fear,"home,fear",high,high,vernacbridge_family_1000.csv
"sister vishayathula ella pesitten, ipo calm ah irukken","I've talked things through about my sister, I feel calm now",family,calm,"sister,calm",low,high,vernacbridge_family_1000.csv
"grief pesama edhavadhu decision edutanga, romba kobam varudhu","They made a decision about my grief without talking to me, I'm really angry",family,angry,"grief,angry",medium,high,vernacbridge_family_1000.csv
"family expectation matter ku parallel ah vera responsibility kooda irukku, stress adhigam","I have other responsibilities along with my family expectation, the stress is very high",family,stressed,"family,stressed",high,high,vernacbridge_family_1000.csv
"family expectation pathi venaama kadinama pesinanga, frustration ah irukku","They spoke harshly about my family expectation for no reason, it's frustrating",family,angry,"family,angry",medium,high,vernacbridge_family_1000.csv
cousins pathi yosikkama calm ah irukka try panren,I'm trying to stay calm without overthinking my cousins,family,calm,"cousins,calm",low,high,vernacbridge_family_1000.csv
gratitude nalla aagaadho nu bayama irukku,I'm afraid my gratitude might not turn out well,family,fear,"gratitude,fear",medium,high,vernacbridge_family_1000.csv
"misunderstanding pathi nenju padhapadhukkudhu, anxious feel panren","My heart races about my misunderstanding, I feel anxious",family,anxious,"misunderstanding,anxious",medium,high,vernacbridge_family_1000.csv
family respect pathi pesa yarum illama thaniya feel panren,"There's no one to talk to about my family respect, I feel alone",family,lonely,"family,lonely",medium,high,vernacbridge_family_1000.csv
grief eppadi handle pannanum nu puriyala,I don't understand how to handle my grief,family,confused,"grief,confused",medium,high,vernacbridge_family_1000.csv
"family argument pathi venaama kadinama pesinanga, frustration ah irukku","They spoke harshly about my family argument for no reason, it's frustrating",family,angry,"family,angry",medium,high,vernacbridge_family_1000.csv
cousins pathi ninachaale sad ah aayidudhu,Thinking about my cousins makes me feel sad,family,sad,"cousins,sad",medium,high,vernacbridge_family_1000.csv
family reunion soon solve aagum nu nambaren,I believe my family reunion will be resolved soon,family,hopeful,"family,hopeful",low,high,vernacbridge_family_1000.csv
"marriage vishayathula konjam tension irundhalum, positive ah dhaan irukken","Even with some tension about my marriage, I'm staying positive",family,hopeful,"marriage,hopeful",low,high,vernacbridge_family_1000.csv
home pathi bad news varumo nu fear ah irukku,I'm scared that bad news might come about my home,family,fear,"home,fear",medium,high,vernacbridge_family_1000.csv
family bonding vishayathula thappa nadandhukiten nu ippo guilt varudhu,I feel guilty now that I behaved wrongly regarding my family bonding,family,guilty,"family,guilty",medium,high,vernacbridge_family_1000.csv
"wedding function solve aagiduchu, ipo manasu peaceful ah irukku","My wedding function got resolved, my heart feels peaceful now",family,calm,"wedding,calm",low,high,vernacbridge_family_1000.csv
encouragement vishayam romba stress kudukudhu,Dealing with my encouragement is giving me a lot of stress,family,stressed,"encouragement,stressed",high,high,vernacbridge_family_1000.csv
family love handle panna time illama stress ah irukku,I'm stressed because I don't have time to handle my family love,family,stressed,"family,stressed",high,high,vernacbridge_family_1000.csv
family bonding eppadi handle pannanum nu puriyala,I don't understand how to handle my family bonding,family,confused,"family,confused",medium,high,vernacbridge_family_1000.csv
family respect illama veedu verumaiya irukku,The house feels empty without my family respect,family,lonely,"family,lonely",medium,high,vernacbridge_family_1000.csv
"grandparents kooda irukkum pozhudhu miss pannuren, ippo thaniya irukken","I miss the time I spent with my grandparents, now I feel alone",family,lonely,"grandparents,lonely",medium,high,vernacbridge_family_1000.csv
"aunty kooda irukkum pozhudhu miss pannuren, ippo thaniya irukken","I miss the time I spent with my aunt, now I feel alone",family,lonely,"aunty,lonely",medium,high,vernacbridge_family_1000.csv
"encouragement ippo kashtama irundhalum, nalladhu nadakum nu nambaren","Even though my encouragement is tough right now, I believe it will turn out well",family,hopeful,"encouragement,hopeful",low,high,vernacbridge_family_1000.csv
"family happiness pathi yosichaale hands shake aagudhu, romba anxious","My hands shake when I think about my family happiness, I'm really anxious",family,anxious,"family,anxious",high,high,vernacbridge_family_1000.csv
"daily family conversation kooda irukkum pozhudhu miss pannuren, ippo thaniya irukken","I miss the time I spent with my daily family conversation, now I feel alone",family,lonely,"daily,lonely",medium,high,vernacbridge_family_1000.csv
daily family conversation dhooram poiten apparam romba lonely ah irukku,"Since I moved away from my daily family conversation, I feel really lonely",family,lonely,"daily,lonely",medium,high,vernacbridge_family_1000.csv
encouragement la ellarum sera irundhu semma fun ah irundhudhu,Everyone came together for my encouragement and it was so much fun,family,happy,"encouragement,happy",low,high,vernacbridge_family_1000.csv
gratitude pathi ninachaale sad ah aayidudhu,Thinking about my gratitude makes me feel sad,family,sad,"gratitude,sad",medium,high,vernacbridge_family_1000.csv
family argument vishayathula unfair ah treat pannanga nu kobam,"I feel like I was treated unfairly regarding my family argument, I'm angry",family,angry,"family,angry",medium,high,vernacbridge_family_1000.csv
misunderstanding nyabagam vandha kannu filaagudhu,"When I remember my misunderstanding, my eyes well up",family,sad,"misunderstanding,sad",medium,high,vernacbridge_family_1000.csv
festival celebration expectation meet panna mudiyala nu guilt irukku,I feel guilty that I couldn't meet my festival celebration's expectations,family,guilty,"festival,guilty",medium,high,vernacbridge_family_1000.csv
"festival celebration pathi ninacha thalai suthudhu, stress ah irukku","My head spins when I think about my festival celebration, I'm stressed",family,stressed,"festival,stressed",high,high,vernacbridge_family_1000.csv
aunty soon solve aagum nu nambaren,I believe my aunt will be resolved soon,family,hopeful,"aunty,hopeful",low,high,vernacbridge_family_1000.csv
family responsibility vishayathula pressure adhigama irukku,There's a lot of pressure regarding my family responsibility,family,stressed,"family,stressed",medium,high,vernacbridge_family_1000.csv
"brother pathi venaama kadinama pesinanga, frustration ah irukku","They spoke harshly about my brother for no reason, it's frustrating",family,angry,"brother,angry",medium,high,vernacbridge_family_1000.csv
encouragement pathi yosikkama calm ah irukka try panren,I'm trying to stay calm without overthinking my encouragement,family,calm,"encouragement,calm",low,high,vernacbridge_family_1000.csv
"amma vishayathula konjam tension irundhalum, positive ah dhaan irukken","Even with some tension about my mother, I'm staying positive",family,hopeful,"amma,hopeful",low,high,vernacbridge_family_1000.csv
"emotional support solve aagiduchu, ipo manasu peaceful ah irukku","My emotional support got resolved, my heart feels peaceful now",family,calm,"emotional,calm",low,high,vernacbridge_family_1000.csv
"childhood memories nalla nadakumaa nu doubt varudhu, anxious ah irukku","I keep doubting whether my childhood memories will go well, I'm anxious",family,anxious,"childhood,anxious",medium,high,vernacbridge_family_1000.csv
appa kooda neram selavazhikama irundhadhukku guilt ah irukku,I feel guilty for not spending enough time with my father,family,guilty,"appa,guilty",medium,high,vernacbridge_family_1000.csv
"uncle vishayam expect panna madhiri nadakala, romba vaguthadhu","My uncle didn't turn out as I expected, it really hurt me",family,sad,"uncle,sad",medium,high,vernacbridge_family_1000.csv
"sacrifice vishayathula ella pesitten, ipo calm ah irukken","I've talked things through about my sacrifice, I feel calm now",family,calm,"sacrifice,calm",low,high,vernacbridge_family_1000.csv
"family happiness pathi over thinking pannitu irukken, sleep kooda varala","I've been overthinking about my family happiness, I can't even sleep",family,anxious,"family,anxious",medium,high,vernacbridge_family_1000.csv
"brother solve aagiduchu, ipo manasu peaceful ah irukku","My brother got resolved, my heart feels peaceful now",family,calm,"brother,calm",low,high,vernacbridge_family_1000.csv
"family respect pathi ninacha thalai suthudhu, stress ah irukku","My head spins when I think about my family respect, I'm stressed",family,stressed,"family,stressed",high,high,vernacbridge_family_1000.csv
grief pathi pesa yarum illama thaniya feel panren,"There's no one to talk to about my grief, I feel alone",family,lonely,"grief,lonely",medium,high,vernacbridge_family_1000.csv
amma kooda neram selavazhikama irundhadhukku guilt ah irukku,I feel guilty for not spending enough time with my mother,family,guilty,"amma,guilty",medium,high,vernacbridge_family_1000.csv
gratitude news eppo varum nu ninachu anxious ah irukken,I feel anxious wondering when news about my gratitude will come,family,anxious,"gratitude,anxious",medium,high,vernacbridge_family_1000.csv
"encouragement matter ku parallel ah vera responsibility kooda irukku, stress adhigam","I have other responsibilities along with my encouragement, the stress is very high",family,stressed,"encouragement,stressed",high,high,vernacbridge_family_1000.csv
family responsibility nalla aagaadho nu bayama irukku,I'm afraid my family responsibility might not turn out well,family,fear,"family,fear",medium,high,vernacbridge_family_1000.csv
"advice vishayathula yaaraiyum kekkama edhuvum pannitanga, kobam adangala","They did something about my advice without asking anyone, my anger won't settle",family,angry,"advice,angry",medium,high,vernacbridge_family_1000.csv
"parenting nalla nadandhudhu, veetla ellarum happy ah irukanga","My parenting went really well, everyone at home is happy",family,happy,"parenting,happy",low,high,vernacbridge_family_1000.csv
"elders health vishayam expect panna madhiri nadakala, romba vaguthadhu","My elders' health didn't turn out as I expected, it really hurt me",family,sad,"elders,sad",medium,high,vernacbridge_family_1000.csv
childhood memories expectation meet panna mudiyala nu guilt irukku,I feel guilty that I couldn't meet my childhood memories's expectations,family,guilty,"childhood,guilty",medium,high,vernacbridge_family_1000.csv
"daily family conversation vishayathula konjam tension irundhalum, positive ah dhaan irukken","Even with some tension about my daily family conversation, I'm staying positive",family,hopeful,"daily,hopeful",low,high,vernacbridge_family_1000.csv
family finances pathi ninachaale mukham la smile varudhu,Just thinking about my family finances brings a smile to my face,family,happy,"family,happy",low,high,vernacbridge_family_1000.csv
family trust nalla aagaadho nu bayama irukku,I'm afraid my family trust might not turn out well,family,fear,"family,fear",medium,high,vernacbridge_family_1000.csv
gratitude eppadi handle pannanum nu puriyala,I don't understand how to handle my gratitude,family,confused,"gratitude,confused",medium,high,vernacbridge_family_1000.csv
grief nalla poidum nu nambikkai irukku,I have hope that my grief will go well,family,hopeful,"grief,hopeful",low,high,vernacbridge_family_1000.csv
"aunty pathi nenju padhapadhukkudhu, anxious feel panren","My heart races about my aunt, I feel anxious",family,anxious,"aunty,anxious",medium,high,vernacbridge_family_1000.csv
aunty vishayam romba stress kudukudhu,Dealing with my aunt is giving me a lot of stress,family,stressed,"aunty,stressed",high,high,vernacbridge_family_1000.csv
"festival celebration kooda irukkum pozhudhu miss pannuren, ippo thaniya irukken","I miss the time I spent with my festival celebration, now I feel alone",family,lonely,"festival,lonely",medium,high,vernacbridge_family_1000.csv
"sacrifice pathi venaama kadinama pesinanga, frustration ah irukku","They spoke harshly about my sacrifice for no reason, it's frustrating",family,angry,"sacrifice,angry",medium,high,vernacbridge_family_1000.csv
"brother vishayathula family ellarum different opinion sollranga, confuse ah irukku","Everyone in the family has a different opinion about my brother, I'm confused",family,confused,"brother,confused",medium,high,vernacbridge_family_1000.csv
"appa solve aagiduchu, ipo manasu peaceful ah irukku","My father got resolved, my heart feels peaceful now",family,calm,"appa,calm",low,high,vernacbridge_family_1000.csv
"misunderstanding promise panni miss pannitten, romba guilty ah feel panren","I promised something for my misunderstanding and missed it, I feel really guilty",family,guilty,"misunderstanding,guilty",medium,high,vernacbridge_family_1000.csv
appa illama veedu verumaiya irukku,The house feels empty without my father,family,lonely,"appa,lonely",medium,high,vernacbridge_family_1000.csv
grandparents nalla aagaadho nu bayama irukku,I'm afraid my grandparents might not turn out well,family,fear,"grandparents,fear",medium,high,vernacbridge_family_1000.csv
"encouragement pathi accept pannitten, calm ah feel panren","I've accepted things about my encouragement, I feel calm",family,calm,"encouragement,calm",low,high,vernacbridge_family_1000.csv
family bonding expectation meet panna mudiyala nu guilt irukku,I feel guilty that I couldn't meet my family bonding's expectations,family,guilty,"family,guilty",medium,high,vernacbridge_family_1000.csv
"family responsibility pathi ninacha thalai suthudhu, stress ah irukku","My head spins when I think about my family responsibility, I'm stressed",family,stressed,"family,stressed",high,high,vernacbridge_family_1000.csv
"amma pathi over thinking pannitu irukken, sleep kooda varala","I've been overthinking about my mother, I can't even sleep",family,anxious,"amma,anxious",medium,high,vernacbridge_family_1000.csv
"grief pathi venaama kadinama pesinanga, frustration ah irukku","They spoke harshly about my grief for no reason, it's frustrating",family,angry,"grief,angry",medium,high,vernacbridge_family_1000.csv
"family trip pathi ipo tension illa, manasu calm ah irukku","I don't feel tense about my family trip anymore, my heart feels calm",family,calm,"family,calm",low,high,vernacbridge_family_1000.csv
family happiness la ellarum sera irundhu semma fun ah irundhudhu,Everyone came together for my family happiness and it was so much fun,family,happy,"family,happy",low,high,vernacbridge_family_1000.csv
"uncle arrangements start pannitanga, romba excited ah irukku","They've started the arrangements for my uncle, I'm really excited",family,excited,"uncle,excited",low,high,vernacbridge_family_1000.csv
"family argument vishayathula yaaraiyum kekkama edhuvum pannitanga, kobam adangala","They did something about my family argument without asking anyone, my anger won't settle",family,angry,"family,angry",medium,high,vernacbridge_family_1000.csv
"appa pathi venaama kadinama pesinanga, frustration ah irukku","They spoke harshly about my father for no reason, it's frustrating",family,angry,"appa,angry",medium,high,vernacbridge_family_1000.csv
family reunion time la semma santhosham feel panren,I feel so joyful during my family reunion,family,happy,"family,happy",low,high,vernacbridge_family_1000.csv
"grief pathi nalla news kekka poren nu thonudhu, excited ah irukku",I feel excited thinking I might hear good news about my grief,family,excited,"grief,excited",low,high,vernacbridge_family_1000.csv
"sacrifice nalla nadandhudhu, veetla ellarum happy ah irukanga","My sacrifice went really well, everyone at home is happy",family,happy,"sacrifice,happy",low,high,vernacbridge_family_1000.csv
"encouragement pathi over thinking pannitu irukken, sleep kooda varala","I've been overthinking about my encouragement, I can't even sleep",family,anxious,"encouragement,anxious",medium,high,vernacbridge_family_1000.csv
"financial struggle nalla nadandhudhu, veetla ellarum happy ah irukanga","My financial struggle went really well, everyone at home is happy",family,happy,"financial,happy",low,high,vernacbridge_family_1000.csv
"appa pathi plan pannitu irukom, semma excited ah irukku","We're planning for my father, I'm so excited",family,excited,"appa,excited",low,high,vernacbridge_family_1000.csv
"grief vishayathula konjam tension irundhalum, positive ah dhaan irukken","Even with some tension about my grief, I'm staying positive",family,hopeful,"grief,hopeful",low,high,vernacbridge_family_1000.csv
encouragement pathi nalla news kelvi pattu happy ah irukken,"I heard good news about my encouragement, I'm happy about it",family,happy,"encouragement,happy",low,high,vernacbridge_family_1000.csv
appa pathi yosichaale nenju padhapadhukudhu,My heart races with fear whenever I think about my father,family,fear,"appa,fear",medium,high,vernacbridge_family_1000.csv
wedding function pathi ninachaale mukham la smile varudhu,Just thinking about my wedding function brings a smile to my face,family,happy,"wedding,happy",low,high,vernacbridge_family_1000.csv
"family bonding innum konjam naal dhaan irukku, romba excited ah irukken","There's only a few days left for my family bonding, I'm really excited",family,excited,"family,excited",low,high,vernacbridge_family_1000.csv
"advice health pathi worry ah irukku, edhavadhu aagidumo nu bayam","I'm worried about my advice's health, scared something might happen",family,fear,"advice,fear",high,high,vernacbridge_family_1000.csv
family trip illama veedu verumaiya irukku,The house feels empty without my family trip,family,lonely,"family,lonely",medium,high,vernacbridge_family_1000.csv
sister decision eduka mudiyama irukken innum,I still can't make a decision about my sister,family,confused,"sister,confused",medium,high,vernacbridge_family_1000.csv
"financial struggle pathi over thinking pannitu irukken, sleep kooda varala","I've been overthinking about my financial struggle, I can't even sleep",family,anxious,"financial,anxious",medium,high,vernacbridge_family_1000.csv
family reunion pathi therinjadhum manasu heavy ah aayiduchu,"The moment I heard about my family reunion, my heart felt heavy",family,sad,"family,sad",medium,high,vernacbridge_family_1000.csv
kids upbringing decision eduka mudiyama irukken innum,I still can't make a decision about my kids' upbringing,family,confused,"kids,confused",medium,high,vernacbridge_family_1000.csv
uncle dhooram poiten apparam romba lonely ah irukku,"Since I moved away from my uncle, I feel really lonely",family,lonely,"uncle,lonely",medium,high,vernacbridge_family_1000.csv
gratitude ku sariyaana neram kudukala nu guilt irukku,I feel guilty that I didn't give proper time to my gratitude,family,guilty,"gratitude,guilty",medium,high,vernacbridge_family_1000.csv
wedding function pathi yosichaale nenju padhapadhukudhu,My heart races with fear whenever I think about my wedding function,family,fear,"wedding,fear",medium,high,vernacbridge_family_1000.csv
"wedding function pathi over thinking pannitu irukken, sleep kooda varala","I've been overthinking about my wedding function, I can't even sleep",family,anxious,"wedding,anxious",medium,high,vernacbridge_family_1000.csv
family bonding nalla aagaadho nu bayama irukku,I'm afraid my family bonding might not turn out well,family,fear,"family,fear",medium,high,vernacbridge_family_1000.csv
financial struggle vishayathula pressure adhigama irukku,There's a lot of pressure regarding my financial struggle,family,stressed,"financial,stressed",medium,high,vernacbridge_family_1000.csv
"family trust pathi yosichaale hands shake aagudhu, romba anxious","My hands shake when I think about my family trust, I'm really anxious",family,anxious,"family,anxious",high,high,vernacbridge_family_1000.csv
encouragement pathi bad news varumo nu fear ah irukku,I'm scared that bad news might come about my encouragement,family,fear,"encouragement,fear",medium,high,vernacbridge_family_1000.csv
sacrifice pathi nalla news kelvi pattu happy ah irukken,"I heard good news about my sacrifice, I'm happy about it",family,happy,"sacrifice,happy",low,high,vernacbridge_family_1000.csv
parenting soon solve aagum nu nambaren,I believe my parenting will be resolved soon,family,hopeful,"parenting,hopeful",low,high,vernacbridge_family_1000.csv
cousins kooda neram selavazhikama irundhadhukku guilt ah irukku,I feel guilty for not spending enough time with my cousins,family,guilty,"cousins,guilty",medium,high,vernacbridge_family_1000.csv
"grandparents pathi plan pannitu irukom, semma excited ah irukku","We're planning for my grandparents, I'm so excited",family,excited,"grandparents,excited",low,high,vernacbridge_family_1000.csv
family support nalla aagaadho nu bayama irukku,I'm afraid my family support might not turn out well,family,fear,"family,fear",medium,high,vernacbridge_family_1000.csv
family problem nyabagam vandha kannu filaagudhu,"When I remember my family problem, my eyes well up",family,sad,"family,sad",medium,high,vernacbridge_family_1000.csv
financial struggle vishayam romba stress kudukudhu,Dealing with my financial struggle is giving me a lot of stress,family,stressed,"financial,stressed",high,high,vernacbridge_family_1000.csv
"elders health pathi plan pannitu irukom, semma excited ah irukku","We're planning for my elders' health, I'm so excited",family,excited,"elders,excited",low,high,vernacbridge_family_1000.csv
sacrifice pathi therinjadhum manasu heavy ah aayiduchu,"The moment I heard about my sacrifice, my heart felt heavy",family,sad,"sacrifice,sad",medium,high,vernacbridge_family_1000.csv
"family argument solve aagiduchu, ipo manasu peaceful ah irukku","My family argument got resolved, my heart feels peaceful now",family,calm,"family,calm",low,high,vernacbridge_family_1000.csv
parenting nalla poidum nu nambikkai irukku,I have hope that my parenting will go well,family,hopeful,"parenting,hopeful",low,high,vernacbridge_family_1000.csv
"aunty vishayathula ella pesitten, ipo calm ah irukken","I've talked things through about my aunt, I feel calm now",family,calm,"aunty,calm",low,high,vernacbridge_family_1000.csv
"family happiness pesama edhavadhu decision edutanga, romba kobam varudhu","They made a decision about my family happiness without talking to me, I'm really angry",family,angry,"family,angry",medium,high,vernacbridge_family_1000.csv
uncle pathi yosikkama calm ah irukka try panren,I'm trying to stay calm without overthinking my uncle,family,calm,"uncle,calm",low,high,vernacbridge_family_1000.csv
family love vishayathula edhachum thappu nadandhudumo nu bayam,I'm scared something might go wrong with my family love,family,fear,"family,fear",high,high,vernacbridge_family_1000.csv
parenting news eppo varum nu ninachu anxious ah irukken,I feel anxious wondering when news about my parenting will come,family,anxious,"parenting,anxious",medium,high,vernacbridge_family_1000.csv
family happiness handle panna time illama stress ah irukku,I'm stressed because I don't have time to handle my family happiness,family,stressed,"family,stressed",high,high,vernacbridge_family_1000.csv
marriage pathi enna pannanum nu theriyala,I don't know what to do about my marriage,family,confused,"marriage,confused",medium,high,vernacbridge_family_1000.csv
"amma nalla nadakala, veetla ellarum sad ah irukanga","My mother didn't go well, everyone at home is sad",family,sad,"amma,sad",medium,high,vernacbridge_family_1000.csv
brother pathi bad news varumo nu fear ah irukku,I'm scared that bad news might come about my brother,family,fear,"brother,fear",medium,high,vernacbridge_family_1000.csv
"advice pathi venaama kadinama pesinanga, frustration ah irukku","They spoke harshly about my advice for no reason, it's frustrating",family,angry,"advice,angry",medium,high,vernacbridge_family_1000.csv
"amma vishayam expect panna madhiri nadakala, romba vaguthadhu","My mother didn't turn out as I expected, it really hurt me",family,sad,"amma,sad",medium,high,vernacbridge_family_1000.csv
family trip vishayathula pressure adhigama irukku,There's a lot of pressure regarding my family trip,family,stressed,"family,stressed",medium,high,vernacbridge_family_1000.csv
"grandparents ippo kashtama irundhalum, nalladhu nadakum nu nambaren","Even though my grandparents is tough right now, I believe it will turn out well",family,hopeful,"grandparents,hopeful",low,high,vernacbridge_family_1000.csv
"encouragement pathi plan pannitu irukom, semma excited ah irukku","We're planning for my encouragement, I'm so excited",family,excited,"encouragement,excited",low,high,vernacbridge_family_1000.csv
advice la ellarum sera irundhu semma fun ah irundhudhu,Everyone came together for my advice and it was so much fun,family,happy,"advice,happy",low,high,vernacbridge_family_1000.csv
"family bonding kooda irukkum pozhudhu miss pannuren, ippo thaniya irukken","I miss the time I spent with my family bonding, now I feel alone",family,lonely,"family,lonely",medium,high,vernacbridge_family_1000.csv
"grief vishayathula family ellarum different opinion sollranga, confuse ah irukku","Everyone in the family has a different opinion about my grief, I'm confused",family,confused,"grief,confused",medium,high,vernacbridge_family_1000.csv
brother pathi amma solradhukum appa solradhukum match aagala,"What amma says about my brother doesn't match what appa says, I'm confused",family,confused,"brother,confused",medium,high,vernacbridge_family_1000.csv
childhood memories pathi yosichaale nenju padhapadhukudhu,My heart races with fear whenever I think about my childhood memories,family,fear,"childhood,fear",medium,high,vernacbridge_family_1000.csv
"grandparents pathi over thinking pannitu irukken, sleep kooda varala","I've been overthinking about my grandparents, I can't even sleep",family,anxious,"grandparents,anxious",medium,high,vernacbridge_family_1000.csv
family expectation pathi enna pannanum nu theriyala,I don't know what to do about my family expectation,family,confused,"family,confused",medium,high,vernacbridge_family_1000.csv
family loss nalla poidum nu nambikkai irukku,I have hope that my family loss will go well,family,hopeful,"family,hopeful",low,high,vernacbridge_family_1000.csv
brother pathi enna pannanum nu theriyala,I don't know what to do about my brother,family,confused,"brother,confused",medium,high,vernacbridge_family_1000.csv
"grief promise panni miss pannitten, romba guilty ah feel panren","I promised something for my grief and missed it, I feel really guilty",family,guilty,"grief,guilty",medium,high,vernacbridge_family_1000.csv
"home vishayathula family ellarum different opinion sollranga, confuse ah irukku","Everyone in the family has a different opinion about my home, I'm confused",family,confused,"home,confused",medium,high,vernacbridge_family_1000.csv
aunty expectation meet panna mudiyala nu guilt irukku,I feel guilty that I couldn't meet my aunt's expectations,family,guilty,"aunty,guilty",medium,high,vernacbridge_family_1000.csv
family expectation nalla poidum nu nambikkai irukku,I have hope that my family expectation will go well,family,hopeful,"family,hopeful",low,high,vernacbridge_family_1000.csv
"amma pathi yosichaale hands shake aagudhu, romba anxious","My hands shake when I think about my mother, I'm really anxious",family,anxious,"amma,anxious",high,high,vernacbridge_family_1000.csv
"kids upbringing ippo kashtama irundhalum, nalladhu nadakum nu nambaren","Even though my kids' upbringing is tough right now, I believe it will turn out well",family,hopeful,"kids,hopeful",low,high,vernacbridge_family_1000.csv
family problem vishayathula thappa nadandhukiten nu ippo guilt varudhu,I feel guilty now that I behaved wrongly regarding my family problem,family,guilty,"family,guilty",medium,high,vernacbridge_family_1000.csv
brother illama veedu verumaiya irukku,The house feels empty without my brother,family,lonely,"brother,lonely",medium,high,vernacbridge_family_1000.csv
daily family conversation expectation meet panna mudiyala nu guilt irukku,I feel guilty that I couldn't meet my daily family conversation's expectations,family,guilty,"daily,guilty",medium,high,vernacbridge_family_1000.csv
"grief innum konjam naal dhaan irukku, romba excited ah irukken","There's only a few days left for my grief, I'm really excited",family,excited,"grief,excited",low,high,vernacbridge_family_1000.csv
"misunderstanding vishayathula family ellarum different opinion sollranga, confuse ah irukku","Everyone in the family has a different opinion about my misunderstanding, I'm confused",family,confused,"misunderstanding,confused",medium,high,vernacbridge_family_1000.csv
"daily family conversation pesama edhavadhu decision edutanga, romba kobam varudhu","They made a decision about my daily family conversation without talking to me, I'm really angry",family,angry,"daily,angry",medium,high,vernacbridge_family_1000.csv
"encouragement pesama edhavadhu decision edutanga, romba kobam varudhu","They made a decision about my encouragement without talking to me, I'm really angry",family,angry,"encouragement,angry",medium,high,vernacbridge_family_1000.csv
"kids upbringing kooda irukkum pozhudhu miss pannuren, ippo thaniya irukken","I miss the time I spent with my kids' upbringing, now I feel alone",family,lonely,"kids,lonely",medium,high,vernacbridge_family_1000.csv
uncle vishayathula unfair ah treat pannanga nu kobam,"I feel like I was treated unfairly regarding my uncle, I'm angry",family,angry,"uncle,angry",medium,high,vernacbridge_family_1000.csv
kids upbringing illama veedu verumaiya irukku,The house feels empty without my kids' upbringing,family,lonely,"kids,lonely",medium,high,vernacbridge_family_1000.csv
sacrifice nyabagam vandha kannu filaagudhu,"When I remember my sacrifice, my eyes well up",family,sad,"sacrifice,sad",medium,high,vernacbridge_family_1000.csv
parenting expectation meet panna mudiyala nu guilt irukku,I feel guilty that I couldn't meet my parenting's expectations,family,guilty,"parenting,guilty",medium,high,vernacbridge_family_1000.csv
family responsibility pathi bad news varumo nu fear ah irukku,I'm scared that bad news might come about my family responsibility,family,fear,"family,fear",medium,high,vernacbridge_family_1000.csv
"brother ippo kashtama irundhalum, nalladhu nadakum nu nambaren","Even though my brother is tough right now, I believe it will turn out well",family,hopeful,"brother,hopeful",low,high,vernacbridge_family_1000.csv
family respect pathi yosikkama calm ah irukka try panren,I'm trying to stay calm without overthinking my family respect,family,calm,"family,calm",low,high,vernacbridge_family_1000.csv
festival celebration soon solve aagum nu nambaren,I believe my festival celebration will be resolved soon,family,hopeful,"festival,hopeful",low,high,vernacbridge_family_1000.csv
kids upbringing kooda neram selavazhikama irundhadhukku guilt ah irukku,I feel guilty for not spending enough time with my kids' upbringing,family,guilty,"kids,guilty",medium,high,vernacbridge_family_1000.csv
"brother pathi nenju padhapadhukkudhu, anxious feel panren","My heart races about my brother, I feel anxious",family,anxious,"brother,anxious",medium,high,vernacbridge_family_1000.csv
"misunderstanding vishayam expect panna madhiri nadakala, romba vaguthadhu","My misunderstanding didn't turn out as I expected, it really hurt me",family,sad,"misunderstanding,sad",medium,high,vernacbridge_family_1000.csv
brother pathi nalla news kelvi pattu happy ah irukken,"I heard good news about my brother, I'm happy about it",family,happy,"brother,happy",low,high,vernacbridge_family_1000.csv
"kids upbringing pathi effort pannitu irukken, nalladhu varum nu nambikkai","I'm putting in effort for my kids' upbringing, I hope good things will come",family,hopeful,"kids,hopeful",low,high,vernacbridge_family_1000.csv
daily family conversation decision eduka mudiyama irukken innum,I still can't make a decision about my daily family conversation,family,confused,"daily,confused",medium,high,vernacbridge_family_1000.csv
"advice vishayathula konjam tension irundhalum, positive ah dhaan irukken","Even with some tension about my advice, I'm staying positive",family,hopeful,"advice,hopeful",low,high,vernacbridge_family_1000.csv
wedding function nalla poidum nu nambikkai irukku,I have hope that my wedding function will go well,family,hopeful,"wedding,hopeful",low,high,vernacbridge_family_1000.csv
"financial struggle pathi plan pannitu irukom, semma excited ah irukku","We're planning for my financial struggle, I'm so excited",family,excited,"financial,excited",low,high,vernacbridge_family_1000.csv
aunty eppadi handle pannanum nu puriyala,I don't understand how to handle my aunt,family,confused,"aunty,confused",medium,high,vernacbridge_family_1000.csv
"family problem nalla nadakala, veetla ellarum sad ah irukanga","My family problem didn't go well, everyone at home is sad",family,sad,"family,sad",medium,high,vernacbridge_family_1000.csv
"festival celebration la ellarum sera poravanga, wait pannitu excited ah irukken","Everyone is coming together for my festival celebration, I'm waiting excitedly",family,excited,"festival,excited",low,high,vernacbridge_family_1000.csv
encouragement soon solve aagum nu nambaren,I believe my encouragement will be resolved soon,family,hopeful,"encouragement,hopeful",low,high,vernacbridge_family_1000.csv
"wedding function la ellarum sera poravanga, wait pannitu excited ah irukken","Everyone is coming together for my wedding function, I'm waiting excitedly",family,excited,"wedding,excited",low,high,vernacbridge_family_1000.csv
encouragement pathi pesa yarum illama thaniya feel panren,"There's no one to talk to about my encouragement, I feel alone",family,lonely,"encouragement,lonely",medium,high,vernacbridge_family_1000.csv
"kids upbringing nalla nadakumaa nu doubt varudhu, anxious ah irukku","I keep doubting whether my kids' upbringing will go well, I'm anxious",family,anxious,"kids,anxious",medium,high,vernacbridge_family_1000.csv
sister ku sariyaana neram kudukala nu guilt irukku,I feel guilty that I didn't give proper time to my sister,family,guilty,"sister,guilty",medium,high,vernacbridge_family_1000.csv
"home kooda irukkum pozhudhu miss pannuren, ippo thaniya irukken","I miss the time I spent with my home, now I feel alone",family,lonely,"home,lonely",medium,high,vernacbridge_family_1000.csv
"elders health solve aagiduchu, ipo manasu peaceful ah irukku","My elders' health got resolved, my heart feels peaceful now",family,calm,"elders,calm",low,high,vernacbridge_family_1000.csv
"financial struggle matter la promise mudika illa, romba irritation","They didn't keep their promise about my financial struggle, it's really irritating",family,angry,"financial,angry",medium,high,vernacbridge_family_1000.csv
gratitude kooda neram selavazhikama irundhadhukku guilt ah irukku,I feel guilty for not spending enough time with my gratitude,family,guilty,"gratitude,guilty",medium,high,vernacbridge_family_1000.csv
"uncle pathi effort pannitu irukken, nalladhu varum nu nambikkai","I'm putting in effort for my uncle, I hope good things will come",family,hopeful,"uncle,hopeful",low,high,vernacbridge_family_1000.csv
family argument vishayathula pressure adhigama irukku,There's a lot of pressure regarding my family argument,family,stressed,"family,stressed",medium,high,vernacbridge_family_1000.csv
family respect vishayam romba stress kudukudhu,Dealing with my family respect is giving me a lot of stress,family,stressed,"family,stressed",high,high,vernacbridge_family_1000.csv
"appa vishayathula konjam tension irundhalum, positive ah dhaan irukken","Even with some tension about my father, I'm staying positive",family,hopeful,"appa,hopeful",low,high,vernacbridge_family_1000.csv
aunty vishayathula thappa nadandhukiten nu ippo guilt varudhu,I feel guilty now that I behaved wrongly regarding my aunt,family,guilty,"aunty,guilty",medium,high,vernacbridge_family_1000.csv
"financial struggle pathi nenju padhapadhukkudhu, anxious feel panren","My heart races about my financial struggle, I feel anxious",family,anxious,"financial,anxious",medium,high,vernacbridge_family_1000.csv
veetla kids upbringing pathi pesa yarum kooda illa,There's no one at home to talk about my kids' upbringing with,family,lonely,"kids,lonely",low,high,vernacbridge_family_1000.csv
"childhood memories vishayathula family ellarum different opinion sollranga, confuse ah irukku","Everyone in the family has a different opinion about my childhood memories, I'm confused",family,confused,"childhood,confused",medium,high,vernacbridge_family_1000.csv
"uncle pathi nenju padhapadhukkudhu, anxious feel panren","My heart races about my uncle, I feel anxious",family,anxious,"uncle,anxious",medium,high,vernacbridge_family_1000.csv
marriage pathi ninachaale mukham la smile varudhu,Just thinking about my marriage brings a smile to my face,family,happy,"marriage,happy",low,high,vernacbridge_family_1000.csv
"family bonding vishayathula ella pesitten, ipo calm ah irukken","I've talked things through about my family bonding, I feel calm now",family,calm,"family,calm",low,high,vernacbridge_family_1000.csv
brother pathi yosichaale nenju padhapadhukudhu,My heart races with fear whenever I think about my brother,family,fear,"brother,fear",medium,high,vernacbridge_family_1000.csv
gratitude soon solve aagum nu nambaren,I believe my gratitude will be resolved soon,family,hopeful,"gratitude,hopeful",low,high,vernacbridge_family_1000.csv
"financial struggle vishayam expect panna madhiri nadakala, romba vaguthadhu","My financial struggle didn't turn out as I expected, it really hurt me",family,sad,"financial,sad",medium,high,vernacbridge_family_1000.csv
family illness ku sariyaana neram kudukala nu guilt irukku,I feel guilty that I didn't give proper time to my family illness,family,guilty,"family,guilty",medium,high,vernacbridge_family_1000.csv
"misunderstanding matter ku parallel ah vera responsibility kooda irukku, stress adhigam","I have other responsibilities along with my misunderstanding, the stress is very high",family,stressed,"misunderstanding,stressed",high,high,vernacbridge_family_1000.csv
"appa vishayathula yaaraiyum kekkama edhuvum pannitanga, kobam adangala","They did something about my father without asking anyone, my anger won't settle",family,angry,"appa,angry",medium,high,vernacbridge_family_1000.csv
daily family conversation pathi pesa yarum illama thaniya feel panren,"There's no one to talk to about my daily family conversation, I feel alone",family,lonely,"daily,lonely",medium,high,vernacbridge_family_1000.csv
"home pathi plan pannitu irukom, semma excited ah irukku","We're planning for my home, I'm so excited",family,excited,"home,excited",low,high,vernacbridge_family_1000.csv
cousins pathi amma solradhukum appa solradhukum match aagala,"What amma says about my cousins doesn't match what appa says, I'm confused",family,confused,"cousins,confused",medium,high,vernacbridge_family_1000.csv
family expectation ku sariyaana neram kudukala nu guilt irukku,I feel guilty that I didn't give proper time to my family expectation,family,guilty,"family,guilty",medium,high,vernacbridge_family_1000.csv
"cousins solve aagiduchu, ipo manasu peaceful ah irukku","My cousins got resolved, my heart feels peaceful now",family,calm,"cousins,calm",low,high,vernacbridge_family_1000.csv
childhood memories pathi ninachaale sad ah aayidudhu,Thinking about my childhood memories makes me feel sad,family,sad,"childhood,sad",medium,high,vernacbridge_family_1000.csv
"grief la ellarum sera poravanga, wait pannitu excited ah irukken","Everyone is coming together for my grief, I'm waiting excitedly",family,excited,"grief,excited",low,high,vernacbridge_family_1000.csv
uncle expectation meet panna mudiyala nu guilt irukku,I feel guilty that I couldn't meet my uncle's expectations,family,guilty,"uncle,guilty",medium,high,vernacbridge_family_1000.csv
grandparents pathi bad news varumo nu fear ah irukku,I'm scared that bad news might come about my grandparents,family,fear,"grandparents,fear",medium,high,vernacbridge_family_1000.csv
aunty dhooram poiten apparam romba lonely ah irukku,"Since I moved away from my aunt, I feel really lonely",family,lonely,"aunty,lonely",medium,high,vernacbridge_family_1000.csv
"cousins pathi ninacha thalai suthudhu, stress ah irukku","My head spins when I think about my cousins, I'm stressed",family,stressed,"cousins,stressed",high,high,vernacbridge_family_1000.csv
veetla family support pathi pesa yarum kooda illa,There's no one at home to talk about my family support with,family,lonely,"family,lonely",low,high,vernacbridge_family_1000.csv
family respect pathi therinjadhum manasu heavy ah aayiduchu,"The moment I heard about my family respect, my heart felt heavy",family,sad,"family,sad",medium,high,vernacbridge_family_1000.csv
"daily family conversation nalla nadakumaa nu doubt varudhu, anxious ah irukku","I keep doubting whether my daily family conversation will go well, I'm anxious",family,anxious,"daily,anxious",medium,high,vernacbridge_family_1000.csv
grief handle panna time illama stress ah irukku,I'm stressed because I don't have time to handle my grief,family,stressed,"grief,stressed",high,high,vernacbridge_family_1000.csv
aunty pathi yosikkama calm ah irukka try panren,I'm trying to stay calm without overthinking my aunt,family,calm,"aunty,calm",low,high,vernacbridge_family_1000.csv
elders health kooda neram selavazhikama irundhadhukku guilt ah irukku,I feel guilty for not spending enough time with my elders' health,family,guilty,"elders,guilty",medium,high,vernacbridge_family_1000.csv
emotional support nalla aagaadho nu bayama irukku,I'm afraid my emotional support might not turn out well,family,fear,"emotional,fear",medium,high,vernacbridge_family_1000.csv
"sacrifice arrangements start pannitanga, romba excited ah irukku","They've started the arrangements for my sacrifice, I'm really excited",family,excited,"sacrifice,excited",low,high,vernacbridge_family_1000.csv
amma pathi therinjadhum manasu heavy ah aayiduchu,"The moment I heard about my mother, my heart felt heavy",family,sad,"amma,sad",medium,high,vernacbridge_family_1000.csv
"sister matter la promise mudika illa, romba irritation","They didn't keep their promise about my sister, it's really irritating",family,angry,"sister,angry",medium,high,vernacbridge_family_1000.csv
"sister ippo kashtama irundhalum, nalladhu nadakum nu nambaren","Even though my sister is tough right now, I believe it will turn out well",family,hopeful,"sister,hopeful",low,high,vernacbridge_family_1000.csv
grief vishayam romba stress kudukudhu,Dealing with my grief is giving me a lot of stress,family,stressed,"grief,stressed",high,high,vernacbridge_family_1000.csv
grandparents vishayathula thappa nadandhukiten nu ippo guilt varudhu,I feel guilty now that I behaved wrongly regarding my grandparents,family,guilty,"grandparents,guilty",medium,high,vernacbridge_family_1000.csv
advice pathi nalla news kelvi pattu happy ah irukken,"I heard good news about my advice, I'm happy about it",family,happy,"advice,happy",low,high,vernacbridge_family_1000.csv
home pathi nalla news kelvi pattu happy ah irukken,"I heard good news about my home, I'm happy about it",family,happy,"home,happy",low,high,vernacbridge_family_1000.csv
advice vishayathula pressure adhigama irukku,There's a lot of pressure regarding my advice,family,stressed,"advice,stressed",medium,high,vernacbridge_family_1000.csv
wedding function la ellarum sera irundhu semma fun ah irundhudhu,Everyone came together for my wedding function and it was so much fun,family,happy,"wedding,happy",low,high,vernacbridge_family_1000.csv
"marriage pesama edhavadhu decision edutanga, romba kobam varudhu","They made a decision about my marriage without talking to me, I'm really angry",family,angry,"marriage,angry",medium,high,vernacbridge_family_1000.csv
family trip pathi yosikkama calm ah irukka try panren,I'm trying to stay calm without overthinking my family trip,family,calm,"family,calm",low,high,vernacbridge_family_1000.csv
"advice pathi ipo tension illa, manasu calm ah irukku","I don't feel tense about my advice anymore, my heart feels calm",family,calm,"advice,calm",low,high,vernacbridge_family_1000.csv
"family illness pathi nenju padhapadhukkudhu, anxious feel panren","My heart races about my family illness, I feel anxious",family,anxious,"family,anxious",medium,high,vernacbridge_family_1000.csv
childhood memories la ellarum sera irundhu semma fun ah irundhudhu,Everyone came together for my childhood memories and it was so much fun,family,happy,"childhood,happy",low,high,vernacbridge_family_1000.csv
"childhood memories pathi effort pannitu irukken, nalladhu varum nu nambikkai","I'm putting in effort for my childhood memories, I hope good things will come",family,hopeful,"childhood,hopeful",low,high,vernacbridge_family_1000.csv
amma la ellarum sera irundhu semma fun ah irundhudhu,Everyone came together for my mother and it was so much fun,family,happy,"amma,happy",low,high,vernacbridge_family_1000.csv
kids upbringing nalla poidum nu nambikkai irukku,I have hope that my kids' upbringing will go well,family,hopeful,"kids,hopeful",low,high,vernacbridge_family_1000.csv
"family happiness pathi ninacha thalai suthudhu, stress ah irukku","My head spins when I think about my family happiness, I'm stressed",family,stressed,"family,stressed",high,high,vernacbridge_family_1000.csv
uncle pathi amma solradhukum appa solradhukum match aagala,"What amma says about my uncle doesn't match what appa says, I'm confused",family,confused,"uncle,confused",medium,high,vernacbridge_family_1000.csv
"family problem pesama edhavadhu decision edutanga, romba kobam varudhu","They made a decision about my family problem without talking to me, I'm really angry",family,angry,"family,angry",medium,high,vernacbridge_family_1000.csv
"wedding function pathi ipo tension illa, manasu calm ah irukku","I don't feel tense about my wedding function anymore, my heart feels calm",family,calm,"wedding,calm",low,high,vernacbridge_family_1000.csv
cousins dhooram poiten apparam romba lonely ah irukku,"Since I moved away from my cousins, I feel really lonely",family,lonely,"cousins,lonely",medium,high,vernacbridge_family_1000.csv
family bonding soon solve aagum nu nambaren,I believe my family bonding will be resolved soon,family,hopeful,"family,hopeful",low,high,vernacbridge_family_1000.csv
"wedding function kooda irukkum pozhudhu miss pannuren, ippo thaniya irukken","I miss the time I spent with my wedding function, now I feel alone",family,lonely,"wedding,lonely",medium,high,vernacbridge_family_1000.csv
aunty vishayathula pressure adhigama irukku,There's a lot of pressure regarding my aunt,family,stressed,"aunty,stressed",medium,high,vernacbridge_family_1000.csv
emotional support illama veedu verumaiya irukku,The house feels empty without my emotional support,family,lonely,"emotional,lonely",medium,high,vernacbridge_family_1000.csv
sacrifice pathi yosikkama calm ah irukka try panren,I'm trying to stay calm without overthinking my sacrifice,family,calm,"sacrifice,calm",low,high,vernacbridge_family_1000.csv
emotional support dhooram poiten apparam romba lonely ah irukku,"Since I moved away from my emotional support, I feel really lonely",family,lonely,"emotional,lonely",medium,high,vernacbridge_family_1000.csv
"grief ippo kashtama irundhalum, nalladhu nadakum nu nambaren","Even though my grief is tough right now, I believe it will turn out well",family,hopeful,"grief,hopeful",low,high,vernacbridge_family_1000.csv
"grandparents pathi yosichaale hands shake aagudhu, romba anxious","My hands shake when I think about my grandparents, I'm really anxious",family,anxious,"grandparents,anxious",high,high,vernacbridge_family_1000.csv
home pathi ninachaale sad ah aayidudhu,Thinking about my home makes me feel sad,family,sad,"home,sad",medium,high,vernacbridge_family_1000.csv
"grandparents pathi ninacha thalai suthudhu, stress ah irukku","My head spins when I think about my grandparents, I'm stressed",family,stressed,"grandparents,stressed",high,high,vernacbridge_family_1000.csv
"gratitude vishayathula family ellarum different opinion sollranga, confuse ah irukku","Everyone in the family has a different opinion about my gratitude, I'm confused",family,confused,"gratitude,confused",medium,high,vernacbridge_family_1000.csv
kids upbringing pathi bad news varumo nu fear ah irukku,I'm scared that bad news might come about my kids' upbringing,family,fear,"kids,fear",medium,high,vernacbridge_family_1000.csv
brother eppadi handle pannanum nu puriyala,I don't understand how to handle my brother,family,confused,"brother,confused",medium,high,vernacbridge_family_1000.csv
"family care nalla nadakumaa nu doubt varudhu, anxious ah irukku","I keep doubting whether my family care will go well, I'm anxious",family,anxious,"family,anxious",medium,high,vernacbridge_family_1000.csv
"marriage kooda irukkum pozhudhu miss pannuren, ippo thaniya irukken","I miss the time I spent with my marriage, now I feel alone",family,lonely,"marriage,lonely",medium,high,vernacbridge_family_1000.csv
advice eppadi handle pannanum nu puriyala,I don't understand how to handle my advice,family,confused,"advice,confused",medium,high,vernacbridge_family_1000.csv
emotional support vishayathula thappa nadandhukiten nu ippo guilt varudhu,I feel guilty now that I behaved wrongly regarding my emotional support,family,guilty,"emotional,guilty",medium,high,vernacbridge_family_1000.csv
uncle soon solve aagum nu nambaren,I believe my uncle will be resolved soon,family,hopeful,"uncle,hopeful",low,high,vernacbridge_family_1000.csv
"daily family conversation matter ku parallel ah vera responsibility kooda irukku, stress adhigam","I have other responsibilities along with my daily family conversation, the stress is very high",family,stressed,"daily,stressed",high,high,vernacbridge_family_1000.csv
marriage handle panna time illama stress ah irukku,I'm stressed because I don't have time to handle my marriage,family,stressed,"marriage,stressed",high,high,vernacbridge_family_1000.csv
"kids upbringing vishayathula yaaraiyum kekkama edhuvum pannitanga, kobam adangala","They did something about my kids' upbringing without asking anyone, my anger won't settle",family,angry,"kids,angry",medium,high,vernacbridge_family_1000.csv
"home pesama edhavadhu decision edutanga, romba kobam varudhu","They made a decision about my home without talking to me, I'm really angry",family,angry,"home,angry",medium,high,vernacbridge_family_1000.csv
"family responsibility pathi nalla news kekka poren nu thonudhu, excited ah irukku",I feel excited thinking I might hear good news about my family responsibility,family,excited,"family,excited",low,high,vernacbridge_family_1000.csv
"appa kooda irukkum pozhudhu miss pannuren, ippo thaniya irukken","I miss the time I spent with my father, now I feel alone",family,lonely,"appa,lonely",medium,high,vernacbridge_family_1000.csv
advice dhooram poiten apparam romba lonely ah irukku,"Since I moved away from my advice, I feel really lonely",family,lonely,"advice,lonely",medium,high,vernacbridge_family_1000.csv
grief pathi enna pannanum nu theriyala,I don't know what to do about my grief,family,confused,"grief,confused",medium,high,vernacbridge_family_1000.csv
family responsibility illama veedu verumaiya irukku,The house feels empty without my family responsibility,family,lonely,"family,lonely",medium,high,vernacbridge_family_1000.csv
festival celebration pathi yosichaale nenju padhapadhukudhu,My heart races with fear whenever I think about my festival celebration,family,fear,"festival,fear",medium,high,vernacbridge_family_1000.csv
advice pathi bad news varumo nu fear ah irukku,I'm scared that bad news might come about my advice,family,fear,"advice,fear",medium,high,vernacbridge_family_1000.csv
wedding function vishayathula pressure adhigama irukku,There's a lot of pressure regarding my wedding function,family,stressed,"wedding,stressed",medium,high,vernacbridge_family_1000.csv
aunty pathi ninachaale sad ah aayidudhu,Thinking about my aunt makes me feel sad,family,sad,"aunty,sad",medium,high,vernacbridge_family_1000.csv
"wedding function pathi ninacha thalai suthudhu, stress ah irukku","My head spins when I think about my wedding function, I'm stressed",family,stressed,"wedding,stressed",high,high,vernacbridge_family_1000.csv
"gratitude pathi nenju padhapadhukkudhu, anxious feel panren","My heart races about my gratitude, I feel anxious",family,anxious,"gratitude,anxious",medium,high,vernacbridge_family_1000.csv
grief illama veedu verumaiya irukku,The house feels empty without my grief,family,lonely,"grief,lonely",medium,high,vernacbridge_family_1000.csv
"festival celebration vishayathula ella pesitten, ipo calm ah irukken","I've talked things through about my festival celebration, I feel calm now",family,calm,"festival,calm",low,high,vernacbridge_family_1000.csv
"gratitude la ellarum sera poravanga, wait pannitu excited ah irukken","Everyone is coming together for my gratitude, I'm waiting excitedly",family,excited,"gratitude,excited",low,high,vernacbridge_family_1000.csv
family love news eppo varum nu ninachu anxious ah irukken,I feel anxious wondering when news about my family love will come,family,anxious,"family,anxious",medium,high,vernacbridge_family_1000.csv
"family argument ippo kashtama irundhalum, nalladhu nadakum nu nambaren","Even though my family argument is tough right now, I believe it will turn out well",family,hopeful,"family,hopeful",low,high,vernacbridge_family_1000.csv
emotional support expectation meet panna mudiyala nu guilt irukku,I feel guilty that I couldn't meet my emotional support's expectations,family,guilty,"emotional,guilty",medium,high,vernacbridge_family_1000.csv
"kids upbringing matter ku parallel ah vera responsibility kooda irukku, stress adhigam","I have other responsibilities along with my kids' upbringing, the stress is very high",family,stressed,"kids,stressed",high,high,vernacbridge_family_1000.csv
sacrifice vishayam romba stress kudukudhu,Dealing with my sacrifice is giving me a lot of stress,family,stressed,"sacrifice,stressed",high,high,vernacbridge_family_1000.csv
"grandparents vishayathula family ellarum different opinion sollranga, confuse ah irukku","Everyone in the family has a different opinion about my grandparents, I'm confused",family,confused,"grandparents,confused",medium,high,vernacbridge_family_1000.csv
uncle pathi pesa yarum illama thaniya feel panren,"There's no one to talk to about my uncle, I feel alone",family,lonely,"uncle,lonely",medium,high,vernacbridge_family_1000.csv
"parenting pathi nalla news kekka poren nu thonudhu, excited ah irukku",I feel excited thinking I might hear good news about my parenting,family,excited,"parenting,excited",low,high,vernacbridge_family_1000.csv
misunderstanding decision eduka mudiyama irukken innum,I still can't make a decision about my misunderstanding,family,confused,"misunderstanding,confused",medium,high,vernacbridge_family_1000.csv
"family expectation pathi effort pannitu irukken, nalladhu varum nu nambikkai","I'm putting in effort for my family expectation, I hope good things will come",family,hopeful,"family,hopeful",low,high,vernacbridge_family_1000.csv
family trip soon solve aagum nu nambaren,I believe my family trip will be resolved soon,family,hopeful,"family,hopeful",low,high,vernacbridge_family_1000.csv
"grief pathi ipo tension illa, manasu calm ah irukku","I don't feel tense about my grief anymore, my heart feels calm",family,calm,"grief,calm",low,high,vernacbridge_family_1000.csv
daily family conversation pathi yosichaale nenju padhapadhukudhu,My heart races with fear whenever I think about my daily family conversation,family,fear,"daily,fear",medium,high,vernacbridge_family_1000.csv
"marriage nalla nadakumaa nu doubt varudhu, anxious ah irukku","I keep doubting whether my marriage will go well, I'm anxious",family,anxious,"marriage,anxious",medium,high,vernacbridge_family_1000.csv
family problem kooda neram selavazhikama irundhadhukku guilt ah irukku,I feel guilty for not spending enough time with my family problem,family,guilty,"family,guilty",medium,high,vernacbridge_family_1000.csv
cousins nalla poidum nu nambikkai irukku,I have hope that my cousins will go well,family,hopeful,"cousins,hopeful",low,high,vernacbridge_family_1000.csv
"wedding function ippo kashtama irundhalum, nalladhu nadakum nu nambaren","Even though my wedding function is tough right now, I believe it will turn out well",family,hopeful,"wedding,hopeful",low,high,vernacbridge_family_1000.csv
uncle nalla poidum nu nambikkai irukku,I have hope that my uncle will go well,family,hopeful,"uncle,hopeful",low,high,vernacbridge_family_1000.csv
advice nyabagam vandha kannu filaagudhu,"When I remember my advice, my eyes well up",family,sad,"advice,sad",medium,high,vernacbridge_family_1000.csv
grandparents pathi ninachaale mukham la smile varudhu,Just thinking about my grandparents brings a smile to my face,family,happy,"grandparents,happy",low,high,vernacbridge_family_1000.csv
veetla cousins pathi pesa yarum kooda illa,There's no one at home to talk about my cousins with,family,lonely,"cousins,lonely",low,high,vernacbridge_family_1000.csv
appa pathi ninachaale sad ah aayidudhu,Thinking about my father makes me feel sad,family,sad,"appa,sad",medium,high,vernacbridge_family_1000.csv
"parenting innum konjam naal dhaan irukku, romba excited ah irukken","There's only a few days left for my parenting, I'm really excited",family,excited,"parenting,excited",low,high,vernacbridge_family_1000.csv
"family problem promise panni miss pannitten, romba guilty ah feel panren","I promised something for my family problem and missed it, I feel really guilty",family,guilty,"family,guilty",medium,high,vernacbridge_family_1000.csv
daily family conversation pathi yosikkama calm ah irukka try panren,I'm trying to stay calm without overthinking my daily family conversation,family,calm,"daily,calm",low,high,vernacbridge_family_1000.csv
emotional support vishayathula pressure adhigama irukku,There's a lot of pressure regarding my emotional support,family,stressed,"emotional,stressed",medium,high,vernacbridge_family_1000.csv
family argument time la semma santhosham feel panren,I feel so joyful during my family argument,family,happy,"family,happy",low,high,vernacbridge_family_1000.csv
encouragement vishayathula thappa nadandhukiten nu ippo guilt varudhu,I feel guilty now that I behaved wrongly regarding my encouragement,family,guilty,"encouragement,guilty",medium,high,vernacbridge_family_1000.csv
"misunderstanding vishayathula ella pesitten, ipo calm ah irukken","I've talked things through about my misunderstanding, I feel calm now",family,calm,"misunderstanding,calm",low,high,vernacbridge_family_1000.csv
"family responsibility la ellarum sera poravanga, wait pannitu excited ah irukken","Everyone is coming together for my family responsibility, I'm waiting excitedly",family,excited,"family,excited",low,high,vernacbridge_family_1000.csv
"childhood memories vishayathula ella pesitten, ipo calm ah irukken","I've talked things through about my childhood memories, I feel calm now",family,calm,"childhood,calm",low,high,vernacbridge_family_1000.csv
family love illama veedu verumaiya irukku,The house feels empty without my family love,family,lonely,"family,lonely",medium,high,vernacbridge_family_1000.csv
"encouragement pathi nalla news kekka poren nu thonudhu, excited ah irukku",I feel excited thinking I might hear good news about my encouragement,family,excited,"encouragement,excited",low,high,vernacbridge_family_1000.csv
kids upbringing pathi yosichaale nenju padhapadhukudhu,My heart races with fear whenever I think about my kids' upbringing,family,fear,"kids,fear",medium,high,vernacbridge_family_1000.csv
brother pathi pesa yarum illama thaniya feel panren,"There's no one to talk to about my brother, I feel alone",family,lonely,"brother,lonely",medium,high,vernacbridge_family_1000.csv
"aunty vishayathula yaaraiyum kekkama edhuvum pannitanga, kobam adangala","They did something about my aunt without asking anyone, my anger won't settle",family,angry,"aunty,angry",medium,high,vernacbridge_family_1000.csv
"amma pathi ninacha thalai suthudhu, stress ah irukku","My head spins when I think about my mother, I'm stressed",family,stressed,"amma,stressed",high,high,vernacbridge_family_1000.csv
"brother arrangements start pannitanga, romba excited ah irukku","They've started the arrangements for my brother, I'm really excited",family,excited,"brother,excited",low,high,vernacbridge_family_1000.csv
"family bonding vishayathula yaaraiyum kekkama edhuvum pannitanga, kobam adangala","They did something about my family bonding without asking anyone, my anger won't settle",family,angry,"family,angry",medium,high,vernacbridge_family_1000.csv
wedding function nalla aagaadho nu bayama irukku,I'm afraid my wedding function might not turn out well,family,fear,"wedding,fear",medium,high,vernacbridge_family_1000.csv
"grief pathi nenju padhapadhukkudhu, anxious feel panren","My heart races about my grief, I feel anxious",family,anxious,"grief,anxious",medium,high,vernacbridge_family_1000.csv
elders health decision eduka mudiyama irukken innum,I still can't make a decision about my elders' health,family,confused,"elders,confused",medium,high,vernacbridge_family_1000.csv
"cousins nalla nadakala, veetla ellarum sad ah irukanga","My cousins didn't go well, everyone at home is sad",family,sad,"cousins,sad",medium,high,vernacbridge_family_1000.csv
gratitude pathi pesa yarum illama thaniya feel panren,"There's no one to talk to about my gratitude, I feel alone",family,lonely,"gratitude,lonely",medium,high,vernacbridge_family_1000.csv
family reunion pathi pesa yarum illama thaniya feel panren,"There's no one to talk to about my family reunion, I feel alone",family,lonely,"family,lonely",medium,high,vernacbridge_family_1000.csv
"uncle pathi ninacha thalai suthudhu, stress ah irukku","My head spins when I think about my uncle, I'm stressed",family,stressed,"uncle,stressed",high,high,vernacbridge_family_1000.csv
home nyabagam vandha kannu filaagudhu,"When I remember my home, my eyes well up",family,sad,"home,sad",medium,high,vernacbridge_family_1000.csv
marriage vishayathula thappa nadandhukiten nu ippo guilt varudhu,I feel guilty now that I behaved wrongly regarding my marriage,family,guilty,"marriage,guilty",medium,high,vernacbridge_family_1000.csv
"parenting pathi over thinking pannitu irukken, sleep kooda varala","I've been overthinking about my parenting, I can't even sleep",family,anxious,"parenting,anxious",medium,high,vernacbridge_family_1000.csv
"festival celebration innum konjam naal dhaan irukku, romba excited ah irukken","There's only a few days left for my festival celebration, I'm really excited",family,excited,"festival,excited",low,high,vernacbridge_family_1000.csv
kids upbringing pathi therinjadhum manasu heavy ah aayiduchu,"The moment I heard about my kids' upbringing, my heart felt heavy",family,sad,"kids,sad",medium,high,vernacbridge_family_1000.csv
"gratitude kooda irukkum pozhudhu miss pannuren, ippo thaniya irukken","I miss the time I spent with my gratitude, now I feel alone",family,lonely,"gratitude,lonely",medium,high,vernacbridge_family_1000.csv
"sacrifice innum konjam naal dhaan irukku, romba excited ah irukken","There's only a few days left for my sacrifice, I'm really excited",family,excited,"sacrifice,excited",low,high,vernacbridge_family_1000.csv
veetla family love pathi pesa yarum kooda illa,There's no one at home to talk about my family love with,family,lonely,"family,lonely",low,high,vernacbridge_family_1000.csv
marriage time la semma santhosham feel panren,I feel so joyful during my marriage,family,happy,"marriage,happy",low,high,vernacbridge_family_1000.csv
festival celebration kooda neram selavazhikama irundhadhukku guilt ah irukku,I feel guilty for not spending enough time with my festival celebration,family,guilty,"festival,guilty",medium,high,vernacbridge_family_1000.csv
kids upbringing pathi enna pannanum nu theriyala,I don't know what to do about my kids' upbringing,family,confused,"kids,confused",medium,high,vernacbridge_family_1000.csv
"festival celebration pathi ipo tension illa, manasu calm ah irukku","I don't feel tense about my festival celebration anymore, my heart feels calm",family,calm,"festival,calm",low,high,vernacbridge_family_1000.csv
festival celebration vishayam romba stress kudukudhu,Dealing with my festival celebration is giving me a lot of stress,family,stressed,"festival,stressed",high,high,vernacbridge_family_1000.csv
sister pathi amma solradhukum appa solradhukum match aagala,"What amma says about my sister doesn't match what appa says, I'm confused",family,confused,"sister,confused",medium,high,vernacbridge_family_1000.csv
family finances vishayam romba stress kudukudhu,Dealing with my family finances is giving me a lot of stress,family,stressed,"family,stressed",high,high,vernacbridge_family_1000.csv
"marriage vishayathula family ellarum different opinion sollranga, confuse ah irukku","Everyone in the family has a different opinion about my marriage, I'm confused",family,confused,"marriage,confused",medium,high,vernacbridge_family_1000.csv
"festival celebration matter ku parallel ah vera responsibility kooda irukku, stress adhigam","I have other responsibilities along with my festival celebration, the stress is very high",family,stressed,"festival,stressed",high,high,vernacbridge_family_1000.csv
"family finances arrangements start pannitanga, romba excited ah irukku","They've started the arrangements for my family finances, I'm really excited",family,excited,"family,excited",low,high,vernacbridge_family_1000.csv
festival celebration pathi amma solradhukum appa solradhukum match aagala,"What amma says about my festival celebration doesn't match what appa says, I'm confused",family,confused,"festival,confused",medium,high,vernacbridge_family_1000.csv
home vishayam romba stress kudukudhu,Dealing with my home is giving me a lot of stress,family,stressed,"home,stressed",high,high,vernacbridge_family_1000.csv
uncle pathi ninachaale sad ah aayidudhu,Thinking about my uncle makes me feel sad,family,sad,"uncle,sad",medium,high,vernacbridge_family_1000.csv
"childhood memories pathi nenju padhapadhukkudhu, anxious feel panren","My heart races about my childhood memories, I feel anxious",family,anxious,"childhood,anxious",medium,high,vernacbridge_family_1000.csv
family illness pathi yosikkama calm ah irukka try panren,I'm trying to stay calm without overthinking my family illness,family,calm,"family,calm",low,high,vernacbridge_family_1000.csv
"emotional support nalla nadakala, veetla ellarum sad ah irukanga","My emotional support didn't go well, everyone at home is sad",family,sad,"emotional,sad",medium,high,vernacbridge_family_1000.csv
sacrifice ku sariyaana neram kudukala nu guilt irukku,I feel guilty that I didn't give proper time to my sacrifice,family,guilty,"sacrifice,guilty",medium,high,vernacbridge_family_1000.csv
"emotional support pesama edhavadhu decision edutanga, romba kobam varudhu","They made a decision about my emotional support without talking to me, I'm really angry",family,angry,"emotional,angry",medium,high,vernacbridge_family_1000.csv
"misunderstanding arrangements start pannitanga, romba excited ah irukku","They've started the arrangements for my misunderstanding, I'm really excited",family,excited,"misunderstanding,excited",low,high,vernacbridge_family_1000.csv
"sister kooda irukkum pozhudhu miss pannuren, ippo thaniya irukken","I miss the time I spent with my sister, now I feel alone",family,lonely,"sister,lonely",medium,high,vernacbridge_family_1000.csv
cousins ku sariyaana neram kudukala nu guilt irukku,I feel guilty that I didn't give proper time to my cousins,family,guilty,"cousins,guilty",medium,high,vernacbridge_family_1000.csv
"grief nalla nadandhudhu, veetla ellarum happy ah irukanga","My grief went really well, everyone at home is happy",family,happy,"grief,happy",low,high,vernacbridge_family_1000.csv
grandparents decision eduka mudiyama irukken innum,I still can't make a decision about my grandparents,family,confused,"grandparents,confused",medium,high,vernacbridge_family_1000.csv
family expectation expectation meet panna mudiyala nu guilt irukku,I feel guilty that I couldn't meet my family expectation's expectations,family,guilty,"family,guilty",medium,high,vernacbridge_family_1000.csv
"brother vishayathula konjam tension irundhalum, positive ah dhaan irukken","Even with some tension about my brother, I'm staying positive",family,hopeful,"brother,hopeful",low,high,vernacbridge_family_1000.csv
"brother nalla nadandhudhu, veetla ellarum happy ah irukanga","My brother went really well, everyone at home is happy",family,happy,"brother,happy",low,high,vernacbridge_family_1000.csv
family bonding vishayathula unfair ah treat pannanga nu kobam,"I feel like I was treated unfairly regarding my family bonding, I'm angry",family,angry,"family,angry",medium,high,vernacbridge_family_1000.csv
family problem dhooram poiten apparam romba lonely ah irukku,"Since I moved away from my family problem, I feel really lonely",family,lonely,"family,lonely",medium,high,vernacbridge_family_1000.csv
"elders health pathi over thinking pannitu irukken, sleep kooda varala","I've been overthinking about my elders' health, I can't even sleep",family,anxious,"elders,anxious",medium,high,vernacbridge_family_1000.csv
family responsibility pathi nalla news kelvi pattu happy ah irukken,"I heard good news about my family responsibility, I'm happy about it",family,happy,"family,happy",low,high,vernacbridge_family_1000.csv
"appa nalla nadandhudhu, veetla ellarum happy ah irukanga","My father went really well, everyone at home is happy",family,happy,"appa,happy",low,high,vernacbridge_family_1000.csv
"gratitude nalla nadakumaa nu doubt varudhu, anxious ah irukku","I keep doubting whether my gratitude will go well, I'm anxious",family,anxious,"gratitude,anxious",medium,high,vernacbridge_family_1000.csv
"family bonding pathi yosichaale hands shake aagudhu, romba anxious","My hands shake when I think about my family bonding, I'm really anxious",family,anxious,"family,anxious",high,high,vernacbridge_family_1000.csv
"marriage pathi venaama kadinama pesinanga, frustration ah irukku","They spoke harshly about my marriage for no reason, it's frustrating",family,angry,"marriage,angry",medium,high,vernacbridge_family_1000.csv
"sister pathi plan pannitu irukom, semma excited ah irukku","We're planning for my sister, I'm so excited",family,excited,"sister,excited",low,high,vernacbridge_family_1000.csv
family loss nyabagam vandha kannu filaagudhu,"When I remember my family loss, my eyes well up",family,sad,"family,sad",medium,high,vernacbridge_family_1000.csv
"grief pathi ninacha thalai suthudhu, stress ah irukku","My head spins when I think about my grief, I'm stressed",family,stressed,"grief,stressed",high,high,vernacbridge_family_1000.csv
festival celebration vishayathula unfair ah treat pannanga nu kobam,"I feel like I was treated unfairly regarding my festival celebration, I'm angry",family,angry,"festival,angry",medium,high,vernacbridge_family_1000.csv
amma pathi amma solradhukum appa solradhukum match aagala,"What amma says about my mother doesn't match what appa says, I'm confused",family,confused,"amma,confused",medium,high,vernacbridge_family_1000.csv
"brother la ellarum sera poravanga, wait pannitu excited ah irukken","Everyone is coming together for my brother, I'm waiting excitedly",family,excited,"brother,excited",low,high,vernacbridge_family_1000.csv
"uncle pathi accept pannitten, calm ah feel panren","I've accepted things about my uncle, I feel calm",family,calm,"uncle,calm",low,high,vernacbridge_family_1000.csv
gratitude pathi ninachaale mukham la smile varudhu,Just thinking about my gratitude brings a smile to my face,family,happy,"gratitude,happy",low,high,vernacbridge_family_1000.csv
"elders health pathi accept pannitten, calm ah feel panren","I've accepted things about my elders' health, I feel calm",family,calm,"elders,calm",low,high,vernacbridge_family_1000.csv
"grandparents health pathi worry ah irukku, edhavadhu aagidumo nu bayam","I'm worried about my grandparents's health, scared something might happen",family,fear,"grandparents,fear",high,high,vernacbridge_family_1000.csv
"gratitude innum konjam naal dhaan irukku, romba excited ah irukken","There's only a few days left for my gratitude, I'm really excited",family,excited,"gratitude,excited",low,high,vernacbridge_family_1000.csv
appa handle panna time illama stress ah irukku,I'm stressed because I don't have time to handle my father,family,stressed,"appa,stressed",high,high,vernacbridge_family_1000.csv
childhood memories soon solve aagum nu nambaren,I believe my childhood memories will be resolved soon,family,hopeful,"childhood,hopeful",low,high,vernacbridge_family_1000.csv
"childhood memories matter la promise mudika illa, romba irritation","They didn't keep their promise about my childhood memories, it's really irritating",family,angry,"childhood,angry",medium,high,vernacbridge_family_1000.csv
advice pathi therinjadhum manasu heavy ah aayiduchu,"The moment I heard about my advice, my heart felt heavy",family,sad,"advice,sad",medium,high,vernacbridge_family_1000.csv
advice vishayam romba stress kudukudhu,Dealing with my advice is giving me a lot of stress,family,stressed,"advice,stressed",high,high,vernacbridge_family_1000.csv
family bonding pathi ninachaale sad ah aayidudhu,Thinking about my family bonding makes me feel sad,family,sad,"family,sad",medium,high,vernacbridge_family_1000.csv
emotional support ku sariyaana neram kudukala nu guilt irukku,I feel guilty that I didn't give proper time to my emotional support,family,guilty,"emotional,guilty",medium,high,vernacbridge_family_1000.csv
daily family conversation pathi amma solradhukum appa solradhukum match aagala,"What amma says about my daily family conversation doesn't match what appa says, I'm confused",family,confused,"daily,confused",medium,high,vernacbridge_family_1000.csv
encouragement pathi ninachaale mukham la smile varudhu,Just thinking about my encouragement brings a smile to my face,family,happy,"encouragement,happy",low,high,vernacbridge_family_1000.csv
financial struggle vishayathula thappa nadandhukiten nu ippo guilt varudhu,I feel guilty now that I behaved wrongly regarding my financial struggle,family,guilty,"financial,guilty",medium,high,vernacbridge_family_1000.csv
"misunderstanding pathi venaama kadinama pesinanga, frustration ah irukku","They spoke harshly about my misunderstanding for no reason, it's frustrating",family,angry,"misunderstanding,angry",medium,high,vernacbridge_family_1000.csv
family expectation vishayathula unfair ah treat pannanga nu kobam,"I feel like I was treated unfairly regarding my family expectation, I'm angry",family,angry,"family,angry",medium,high,vernacbridge_family_1000.csv
"family responsibility ippo kashtama irundhalum, nalladhu nadakum nu nambaren","Even though my family responsibility is tough right now, I believe it will turn out well",family,hopeful,"family,hopeful",low,high,vernacbridge_family_1000.csv
"marriage ippo kashtama irundhalum, nalladhu nadakum nu nambaren","Even though my marriage is tough right now, I believe it will turn out well",family,hopeful,"marriage,hopeful",low,high,vernacbridge_family_1000.csv
childhood memories vishayathula thappa nadandhukiten nu ippo guilt varudhu,I feel guilty now that I behaved wrongly regarding my childhood memories,family,guilty,"childhood,guilty",medium,high,vernacbridge_family_1000.csv
family support nyabagam vandha kannu filaagudhu,"When I remember my family support, my eyes well up",family,sad,"family,sad",medium,high,vernacbridge_family_1000.csv
"childhood memories nalla nadakala, veetla ellarum sad ah irukanga","My childhood memories didn't go well, everyone at home is sad",family,sad,"childhood,sad",medium,high,vernacbridge_family_1000.csv
sacrifice la ellarum sera irundhu semma fun ah irundhudhu,Everyone came together for my sacrifice and it was so much fun,family,happy,"sacrifice,happy",low,high,vernacbridge_family_1000.csv
"encouragement pathi yosichaale hands shake aagudhu, romba anxious","My hands shake when I think about my encouragement, I'm really anxious",family,anxious,"encouragement,anxious",high,high,vernacbridge_family_1000.csv
family responsibility vishayam romba stress kudukudhu,Dealing with my family responsibility is giving me a lot of stress,family,stressed,"family,stressed",high,high,vernacbridge_family_1000.csv
family finances pathi enna pannanum nu theriyala,I don't know what to do about my family finances,family,confused,"family,confused",medium,high,vernacbridge_family_1000.csv
marriage eppadi handle pannanum nu puriyala,I don't understand how to handle my marriage,family,confused,"marriage,confused",medium,high,vernacbridge_family_1000.csv
family responsibility decision eduka mudiyama irukken innum,I still can't make a decision about my family responsibility,family,confused,"family,confused",medium,high,vernacbridge_family_1000.csv
"elders health pathi nenju padhapadhukkudhu, anxious feel panren","My heart races about my elders' health, I feel anxious",family,anxious,"elders,anxious",medium,high,vernacbridge_family_1000.csv
"appa pesama edhavadhu decision edutanga, romba kobam varudhu","They made a decision about my father without talking to me, I'm really angry",family,angry,"appa,angry",medium,high,vernacbridge_family_1000.csv
"family happiness vishayathula ella pesitten, ipo calm ah irukken","I've talked things through about my family happiness, I feel calm now",family,calm,"family,calm",low,high,vernacbridge_family_1000.csv
family happiness pathi enna pannanum nu theriyala,I don't know what to do about my family happiness,family,confused,"family,confused",medium,high,vernacbridge_family_1000.csv
"uncle pathi venaama kadinama pesinanga, frustration ah irukku","They spoke harshly about my uncle for no reason, it's frustrating",family,angry,"uncle,angry",medium,high,vernacbridge_family_1000.csv
sacrifice decision eduka mudiyama irukken innum,I still can't make a decision about my sacrifice,family,confused,"sacrifice,confused",medium,high,vernacbridge_family_1000.csv
"kids upbringing pesama edhavadhu decision edutanga, romba kobam varudhu","They made a decision about my kids' upbringing without talking to me, I'm really angry",family,angry,"kids,angry",medium,high,vernacbridge_family_1000.csv
wedding function vishayathula unfair ah treat pannanga nu kobam,"I feel like I was treated unfairly regarding my wedding function, I'm angry",family,angry,"wedding,angry",medium,high,vernacbridge_family_1000.csv
marriage vishayathula pressure adhigama irukku,There's a lot of pressure regarding my marriage,family,stressed,"marriage,stressed",medium,high,vernacbridge_family_1000.csv
"misunderstanding nalla nadandhudhu, veetla ellarum happy ah irukanga","My misunderstanding went really well, everyone at home is happy",family,happy,"misunderstanding,happy",low,high,vernacbridge_family_1000.csv
"home pathi venaama kadinama pesinanga, frustration ah irukku","They spoke harshly about my home for no reason, it's frustrating",family,angry,"home,angry",medium,high,vernacbridge_family_1000.csv
grandparents pathi pesa yarum illama thaniya feel panren,"There's no one to talk to about my grandparents, I feel alone",family,lonely,"grandparents,lonely",medium,high,vernacbridge_family_1000.csv
"elders health pathi yosichaale hands shake aagudhu, romba anxious","My hands shake when I think about my elders' health, I'm really anxious",family,anxious,"elders,anxious",high,high,vernacbridge_family_1000.csv
"childhood memories vishayathula yaaraiyum kekkama edhuvum pannitanga, kobam adangala","They did something about my childhood memories without asking anyone, my anger won't settle",family,angry,"childhood,angry",medium,high,vernacbridge_family_1000.csv
"kids upbringing pathi nenju padhapadhukkudhu, anxious feel panren","My heart races about my kids' upbringing, I feel anxious",family,anxious,"kids,anxious",medium,high,vernacbridge_family_1000.csv
financial struggle soon solve aagum nu nambaren,I believe my financial struggle will be resolved soon,family,hopeful,"financial,hopeful",low,high,vernacbridge_family_1000.csv
kids upbringing pathi ninachaale mukham la smile varudhu,Just thinking about my kids' upbringing brings a smile to my face,family,happy,"kids,happy",low,high,vernacbridge_family_1000.csv
"sister pesama edhavadhu decision edutanga, romba kobam varudhu","They made a decision about my sister without talking to me, I'm really angry",family,angry,"sister,angry",medium,high,vernacbridge_family_1000.csv
"home pathi accept pannitten, calm ah feel panren","I've accepted things about my home, I feel calm",family,calm,"home,calm",low,high,vernacbridge_family_1000.csv
"festival celebration vishayam expect panna madhiri nadakala, romba vaguthadhu","My festival celebration didn't turn out as I expected, it really hurt me",family,sad,"festival,sad",medium,high,vernacbridge_family_1000.csv
marriage dhooram poiten apparam romba lonely ah irukku,"Since I moved away from my marriage, I feel really lonely",family,lonely,"marriage,lonely",medium,high,vernacbridge_family_1000.csv
sacrifice soon solve aagum nu nambaren,I believe my sacrifice will be resolved soon,family,hopeful,"sacrifice,hopeful",low,high,vernacbridge_family_1000.csv
misunderstanding nalla aagaadho nu bayama irukku,I'm afraid my misunderstanding might not turn out well,family,fear,"misunderstanding,fear",medium,high,vernacbridge_family_1000.csv
"appa promise panni miss pannitten, romba guilty ah feel panren","I promised something for my father and missed it, I feel really guilty",family,guilty,"appa,guilty",medium,high,vernacbridge_family_1000.csv
parenting pathi amma solradhukum appa solradhukum match aagala,"What amma says about my parenting doesn't match what appa says, I'm confused",family,confused,"parenting,confused",medium,high,vernacbridge_family_1000.csv
"festival celebration ippo kashtama irundhalum, nalladhu nadakum nu nambaren","Even though my festival celebration is tough right now, I believe it will turn out well",family,hopeful,"festival,hopeful",low,high,vernacbridge_family_1000.csv
elders health vishayathula thappa nadandhukiten nu ippo guilt varudhu,I feel guilty now that I behaved wrongly regarding my elders' health,family,guilty,"elders,guilty",medium,high,vernacbridge_family_1000.csv
family reunion pathi bad news varumo nu fear ah irukku,I'm scared that bad news might come about my family reunion,family,fear,"family,fear",medium,high,vernacbridge_family_1000.csv
family responsibility vishayathula edhachum thappu nadandhudumo nu bayam,I'm scared something might go wrong with my family responsibility,family,fear,"family,fear",high,high,vernacbridge_family_1000.csv
"daily family conversation pathi venaama kadinama pesinanga, frustration ah irukku","They spoke harshly about my daily family conversation for no reason, it's frustrating",family,angry,"daily,angry",medium,high,vernacbridge_family_1000.csv
emotional support news eppo varum nu ninachu anxious ah irukken,I feel anxious wondering when news about my emotional support will come,family,anxious,"emotional,anxious",medium,high,vernacbridge_family_1000.csv
"misunderstanding vishayathula konjam tension irundhalum, positive ah dhaan irukken","Even with some tension about my misunderstanding, I'm staying positive",family,hopeful,"misunderstanding,hopeful",low,high,vernacbridge_family_1000.csv
veetla festival celebration pathi pesa yarum kooda illa,There's no one at home to talk about my festival celebration with,family,lonely,"festival,lonely",low,high,vernacbridge_family_1000.csv
marriage pathi therinjadhum manasu heavy ah aayiduchu,"The moment I heard about my marriage, my heart felt heavy",family,sad,"marriage,sad",medium,high,vernacbridge_family_1000.csv
"family responsibility kooda irukkum pozhudhu miss pannuren, ippo thaniya irukken","I miss the time I spent with my family responsibility, now I feel alone",family,lonely,"family,lonely",medium,high,vernacbridge_family_1000.csv
"family expectation pathi plan pannitu irukom, semma excited ah irukku","We're planning for my family expectation, I'm so excited",family,excited,"family,excited",low,high,vernacbridge_family_1000.csv
misunderstanding illama veedu verumaiya irukku,The house feels empty without my misunderstanding,family,lonely,"misunderstanding,lonely",medium,high,vernacbridge_family_1000.csv
financial struggle kooda neram selavazhikama irundhadhukku guilt ah irukku,I feel guilty for not spending enough time with my financial struggle,family,guilty,"financial,guilty",medium,high,vernacbridge_family_1000.csv
"amma pesama edhavadhu decision edutanga, romba kobam varudhu","They made a decision about my mother without talking to me, I'm really angry",family,angry,"amma,angry",medium,high,vernacbridge_family_1000.csv
"appa pathi nenju padhapadhukkudhu, anxious feel panren","My heart races about my father, I feel anxious",family,anxious,"appa,anxious",medium,high,vernacbridge_family_1000.csv
"brother pesama edhavadhu decision edutanga, romba kobam varudhu","They made a decision about my brother without talking to me, I'm really angry",family,angry,"brother,angry",medium,high,vernacbridge_family_1000.csv
"parenting matter ku parallel ah vera responsibility kooda irukku, stress adhigam","I have other responsibilities along with my parenting, the stress is very high",family,stressed,"parenting,stressed",high,high,vernacbridge_family_1000.csv
grief vishayathula pressure adhigama irukku,There's a lot of pressure regarding my grief,family,stressed,"grief,stressed",medium,high,vernacbridge_family_1000.csv
family reunion la ellarum sera irundhu semma fun ah irundhudhu,Everyone came together for my family reunion and it was so much fun,family,happy,"family,happy",low,high,vernacbridge_family_1000.csv
"sacrifice pathi ninacha thalai suthudhu, stress ah irukku","My head spins when I think about my sacrifice, I'm stressed",family,stressed,"sacrifice,stressed",high,high,vernacbridge_family_1000.csv
family loss time la semma santhosham feel panren,I feel so joyful during my family loss,family,happy,"family,happy",low,high,vernacbridge_family_1000.csv
financial struggle decision eduka mudiyama irukken innum,I still can't make a decision about my financial struggle,family,confused,"financial,confused",medium,high,vernacbridge_family_1000.csv
"family expectation pathi over thinking pannitu irukken, sleep kooda varala","I've been overthinking about my family expectation, I can't even sleep",family,anxious,"family,anxious",medium,high,vernacbridge_family_1000.csv
"parenting vishayathula family ellarum different opinion sollranga, confuse ah irukku","Everyone in the family has a different opinion about my parenting, I'm confused",family,confused,"parenting,confused",medium,high,vernacbridge_family_1000.csv
elders health pathi ninachaale sad ah aayidudhu,Thinking about my elders' health makes me feel sad,family,sad,"elders,sad",medium,high,vernacbridge_family_1000.csv
"family support pathi accept pannitten, calm ah feel panren","I've accepted things about my family support, I feel calm",family,calm,"family,calm",low,high,vernacbridge_family_1000.csv
wedding function pathi yosikkama calm ah irukka try panren,I'm trying to stay calm without overthinking my wedding function,family,calm,"wedding,calm",low,high,vernacbridge_family_1000.csv
uncle vishayathula pressure adhigama irukku,There's a lot of pressure regarding my uncle,family,stressed,"uncle,stressed",medium,high,vernacbridge_family_1000.csv
"family support pathi over thinking pannitu irukken, sleep kooda varala","I've been overthinking about my family support, I can't even sleep",family,anxious,"family,anxious",medium,high,vernacbridge_family_1000.csv
"daily family conversation solve aagiduchu, ipo manasu peaceful ah irukku","My daily family conversation got resolved, my heart feels peaceful now",family,calm,"daily,calm",low,high,vernacbridge_family_1000.csv
"grandparents nalla nadandhudhu, veetla ellarum happy ah irukanga","My grandparents went really well, everyone at home is happy",family,happy,"grandparents,happy",low,high,vernacbridge_family_1000.csv
"encouragement promise panni miss pannitten, romba guilty ah feel panren","I promised something for my encouragement and missed it, I feel really guilty",family,guilty,"encouragement,guilty",medium,high,vernacbridge_family_1000.csv
family illness dhooram poiten apparam romba lonely ah irukku,"Since I moved away from my family illness, I feel really lonely",family,lonely,"family,lonely",medium,high,vernacbridge_family_1000.csv
uncle la ellarum sera irundhu semma fun ah irundhudhu,Everyone came together for my uncle and it was so much fun,family,happy,"uncle,happy",low,high,vernacbridge_family_1000.csv
"brother vishayathula ella pesitten, ipo calm ah irukken","I've talked things through about my brother, I feel calm now",family,calm,"brother,calm",low,high,vernacbridge_family_1000.csv
misunderstanding pathi yosichaale nenju padhapadhukudhu,My heart races with fear whenever I think about my misunderstanding,family,fear,"misunderstanding,fear",medium,high,vernacbridge_family_1000.csv
marriage kooda neram selavazhikama irundhadhukku guilt ah irukku,I feel guilty for not spending enough time with my marriage,family,guilty,"marriage,guilty",medium,high,vernacbridge_family_1000.csv
"family responsibility health pathi worry ah irukku, edhavadhu aagidumo nu bayam","I'm worried about my family responsibility's health, scared something might happen",family,fear,"family,fear",high,high,vernacbridge_family_1000.csv
"brother pathi plan pannitu irukom, semma excited ah irukku","We're planning for my brother, I'm so excited",family,excited,"brother,excited",low,high,vernacbridge_family_1000.csv
"emotional support pathi ipo tension illa, manasu calm ah irukku","I don't feel tense about my emotional support anymore, my heart feels calm",family,calm,"emotional,calm",low,high,vernacbridge_family_1000.csv
family expectation nyabagam vandha kannu filaagudhu,"When I remember my family expectation, my eyes well up",family,sad,"family,sad",medium,high,vernacbridge_family_1000.csv
grief soon solve aagum nu nambaren,I believe my grief will be resolved soon,family,hopeful,"grief,hopeful",low,high,vernacbridge_family_1000.csv
"appa health pathi worry ah irukku, edhavadhu aagidumo nu bayam","I'm worried about my father's health, scared something might happen",family,fear,"appa,fear",high,high,vernacbridge_family_1000.csv
"sister pathi ipo tension illa, manasu calm ah irukku","I don't feel tense about my sister anymore, my heart feels calm",family,calm,"sister,calm",low,high,vernacbridge_family_1000.csv
"grandparents pesama edhavadhu decision edutanga, romba kobam varudhu","They made a decision about my grandparents without talking to me, I'm really angry",family,angry,"grandparents,angry",medium,high,vernacbridge_family_1000.csv
family argument pathi ninachaale mukham la smile varudhu,Just thinking about my family argument brings a smile to my face,family,happy,"family,happy",low,high,vernacbridge_family_1000.csv
"emotional support vishayam expect panna madhiri nadakala, romba vaguthadhu","My emotional support didn't turn out as I expected, it really hurt me",family,sad,"emotional,sad",medium,high,vernacbridge_family_1000.csv
encouragement news eppo varum nu ninachu anxious ah irukken,I feel anxious wondering when news about my encouragement will come,family,anxious,"encouragement,anxious",medium,high,vernacbridge_family_1000.csv
"family expectation vishayam expect panna madhiri nadakala, romba vaguthadhu","My family expectation didn't turn out as I expected, it really hurt me",family,sad,"family,sad",medium,high,vernacbridge_family_1000.csv
kids upbringing pathi amma solradhukum appa solradhukum match aagala,"What amma says about my kids' upbringing doesn't match what appa says, I'm confused",family,confused,"kids,confused",medium,high,vernacbridge_family_1000.csv
grandparents kooda neram selavazhikama irundhadhukku guilt ah irukku,I feel guilty for not spending enough time with my grandparents,family,guilty,"grandparents,guilty",medium,high,vernacbridge_family_1000.csv
home pathi pesa yarum illama thaniya feel panren,"There's no one to talk to about my home, I feel alone",family,lonely,"home,lonely",medium,high,vernacbridge_family_1000.csv
home pathi enna pannanum nu theriyala,I don't know what to do about my home,family,confused,"home,confused",medium,high,vernacbridge_family_1000.csv
"family happiness pathi effort pannitu irukken, nalladhu varum nu nambikkai","I'm putting in effort for my family happiness, I hope good things will come",family,hopeful,"family,hopeful",low,high,vernacbridge_family_1000.csv
appa pathi enna pannanum nu theriyala,I don't know what to do about my father,family,confused,"appa,confused",medium,high,vernacbridge_family_1000.csv
financial struggle nalla aagaadho nu bayama irukku,I'm afraid my financial struggle might not turn out well,family,fear,"financial,fear",medium,high,vernacbridge_family_1000.csv
veetla emotional support pathi pesa yarum kooda illa,There's no one at home to talk about my emotional support with,family,lonely,"emotional,lonely",low,high,vernacbridge_family_1000.csv
"encouragement pathi venaama kadinama pesinanga, frustration ah irukku","They spoke harshly about my encouragement for no reason, it's frustrating",family,angry,"encouragement,angry",medium,high,vernacbridge_family_1000.csv
"family bonding pathi nenju padhapadhukkudhu, anxious feel panren","My heart races about my family bonding, I feel anxious",family,anxious,"family,anxious",medium,high,vernacbridge_family_1000.csv
amma illama veedu verumaiya irukku,The house feels empty without my mother,family,lonely,"amma,lonely",medium,high,vernacbridge_family_1000.csv
family love pathi ninachaale mukham la smile varudhu,Just thinking about my family love brings a smile to my face,family,happy,"family,happy",low,high,vernacbridge_family_1000.csv
parenting vishayathula thappa nadandhukiten nu ippo guilt varudhu,I feel guilty now that I behaved wrongly regarding my parenting,family,guilty,"parenting,guilty",medium,high,vernacbridge_family_1000.csv
"festival celebration pathi effort pannitu irukken, nalladhu varum nu nambikkai","I'm putting in effort for my festival celebration, I hope good things will come",family,hopeful,"festival,hopeful",low,high,vernacbridge_family_1000.csv
"gratitude matter ku parallel ah vera responsibility kooda irukku, stress adhigam","I have other responsibilities along with my gratitude, the stress is very high",family,stressed,"gratitude,stressed",high,high,vernacbridge_family_1000.csv
sister eppadi handle pannanum nu puriyala,I don't understand how to handle my sister,family,confused,"sister,confused",medium,high,vernacbridge_family_1000.csv
"aunty nalla nadakala, veetla ellarum sad ah irukanga","My aunt didn't go well, everyone at home is sad",family,sad,"aunty,sad",medium,high,vernacbridge_family_1000.csv
brother vishayam romba stress kudukudhu,Dealing with my brother is giving me a lot of stress,family,stressed,"brother,stressed",high,high,vernacbridge_family_1000.csv
"childhood memories health pathi worry ah irukku, edhavadhu aagidumo nu bayam","I'm worried about my childhood memories's health, scared something might happen",family,fear,"childhood,fear",high,high,vernacbridge_family_1000.csv
festival celebration pathi therinjadhum manasu heavy ah aayiduchu,"The moment I heard about my festival celebration, my heart felt heavy",family,sad,"festival,sad",medium,high,vernacbridge_family_1000.csv
family happiness pathi bad news varumo nu fear ah irukku,I'm scared that bad news might come about my family happiness,family,fear,"family,fear",medium,high,vernacbridge_family_1000.csv
grandparents handle panna time illama stress ah irukku,I'm stressed because I don't have time to handle my grandparents,family,stressed,"grandparents,stressed",high,high,vernacbridge_family_1000.csv
family happiness vishayathula edhachum thappu nadandhudumo nu bayam,I'm scared something might go wrong with my family happiness,family,fear,"family,fear",high,high,vernacbridge_family_1000.csv
"advice la ellarum sera poravanga, wait pannitu excited ah irukken","Everyone is coming together for my advice, I'm waiting excitedly",family,excited,"advice,excited",low,high,vernacbridge_family_1000.csv
grief time la semma santhosham feel panren,I feel so joyful during my grief,family,happy,"grief,happy",low,high,vernacbridge_family_1000.csv
daily family conversation nyabagam vandha kannu filaagudhu,"When I remember my daily family conversation, my eyes well up",family,sad,"daily,sad",medium,high,vernacbridge_family_1000.csv
cousins vishayathula pressure adhigama irukku,There's a lot of pressure regarding my cousins,family,stressed,"cousins,stressed",medium,high,vernacbridge_family_1000.csv
"gratitude pathi accept pannitten, calm ah feel panren","I've accepted things about my gratitude, I feel calm",family,calm,"gratitude,calm",low,high,vernacbridge_family_1000.csv
family happiness vishayam romba stress kudukudhu,Dealing with my family happiness is giving me a lot of stress,family,stressed,"family,stressed",high,high,vernacbridge_family_1000.csv
emotional support eppadi handle pannanum nu puriyala,I don't understand how to handle my emotional support,family,confused,"emotional,confused",medium,high,vernacbridge_family_1000.csv
sacrifice pathi amma solradhukum appa solradhukum match aagala,"What amma says about my sacrifice doesn't match what appa says, I'm confused",family,confused,"sacrifice,confused",medium,high,vernacbridge_family_1000.csv
parenting handle panna time illama stress ah irukku,I'm stressed because I don't have time to handle my parenting,family,stressed,"parenting,stressed",high,high,vernacbridge_family_1000.csv
"festival celebration pathi nenju padhapadhukkudhu, anxious feel panren","My heart races about my festival celebration, I feel anxious",family,anxious,"festival,anxious",medium,high,vernacbridge_family_1000.csv
"sacrifice pathi effort pannitu irukken, nalladhu varum nu nambikkai","I'm putting in effort for my sacrifice, I hope good things will come",family,hopeful,"sacrifice,hopeful",low,high,vernacbridge_family_1000.csv
En ex ah miss panren romba,I really miss my ex,relationship,lonely,"ex,lonely",medium,high,vernacbridge_general_1000.csv
coding assignment mudinjadhukku aprom romba relief ah irukku,After finishing my coding assignment I feel really relieved,education,calm,"coding,calm",low,high,vernacbridge_general_1000.csv
grandparents visit pathi veetla romba tension irukku,There's a lot of tension at home about grandparents' visit,family,stressed,"grandparents,stressed",medium,high,vernacbridge_general_1000.csv
"gas leak pathi ippove call pannunga, delay panna koodathu","Please call about gas leak right now, we can't delay",emergency,fear,"gas,fear",high,high,vernacbridge_general_1000.csv
"Enakku allergic reaction irukku, urgent ah help pannunga","I have severe allergic reaction, please help urgently",emergency,fear,"allergic,fear",high,high,vernacbridge_general_1000.csv
En habit building pathi self doubt varudhu,I have self doubt about my habit building,motivation,confused,"habit,confused",medium,high,vernacbridge_general_1000.csv
"En boyfriend kooda long time ah pesave illa, miss aaguthu","I haven't spoken to my boyfriend in a long time, I miss them",relationship,lonely,"boyfriend,lonely",medium,high,vernacbridge_general_1000.csv
"joint family issue pathi guilt ah irukku, naan help panna mudiyala","I feel guilty about the joint family issue, I couldn't help",family,guilty,"joint,guilty",medium,high,vernacbridge_general_1000.csv
grandparents visit pathi ninachaale sad ah irukku,Thinking about the grandparents' visit makes me feel sad,family,sad,"grandparents,sad",medium,high,vernacbridge_general_1000.csv
resignation letter ku decide panna mudiyala innum,I still can't decide about my resignation letter,career,confused,"resignation,confused",medium,high,vernacbridge_general_1000.csv
relative's dispute ku ellarum koodi irundhadhu romba nalla irundhuchu,Everyone coming together for the relative's dispute felt really nice,family,happy,"relative's,happy",low,high,vernacbridge_general_1000.csv
exam stress la irundhu recover aaganum nu try panren,I'm trying to recover from exam stress,mental_health,hopeful,"exam,hopeful",medium,high,vernacbridge_general_1000.csv
rainy weather pathi kelvi pattu romba curious ah irukken,I heard about the rainy weather and I'm really curious,daily_conversation,excited,"rainy,excited",low,high,vernacbridge_general_1000.csv
En new skill ku consistency maintain panna kastama irukku,It's hard to stay consistent with my new skill,motivation,stressed,"new,stressed",medium,high,vernacbridge_general_1000.csv
En spouse kitta cheat pannitten nu guilt ah irukku,I feel guilty that I cheated on my spouse,relationship,guilty,"spouse,guilty",high,high,vernacbridge_general_1000.csv
scholarship form pathi enakku innum confuse ah irukku,I'm still confused about my scholarship form,education,confused,"scholarship,confused",medium,high,vernacbridge_general_1000.csv
"Appa ku breathing trouble start aayiduchu, hospital ku poganum urgent ah","My father has started having breathing trouble, we need to get to the hospital urgently",emergency,fear,"breathing,fear",high,high,vernacbridge_general_1000.csv
En habit building ku consistency maintain panna kastama irukku,It's hard to stay consistent with my habit building,motivation,stressed,"habit,stressed",medium,high,vernacbridge_general_1000.csv
En new skill pathi motivation completely poachu,My motivation for my new skill has completely disappeared,motivation,sad,"new,sad",medium,high,vernacbridge_general_1000.csv
"severe bleeding nadanthuchu, yaro udanadiya help pannanum","There's been severe bleeding, someone needs to help immediately",emergency,fear,"severe,fear",high,high,vernacbridge_general_1000.csv
"En fiance propose panniten, yes sonnanga","I proposed to my fiance, and they said yes",relationship,excited,"fiance,excited",low,high,vernacbridge_general_1000.csv
"En savings goal ku romba tired ah irukken, but continue panren","I'm really tired from my savings goal, but I'll keep going",motivation,stressed,"savings,stressed",medium,high,vernacbridge_general_1000.csv
Naan en weight loss journey ku romba hard work panren,I'm working really hard towards my weight loss journey,motivation,excited,"weight,excited",low,high,vernacbridge_general_1000.csv
"En crush propose panniten, yes sonnanga","I proposed to my crush, and they said yes",relationship,excited,"crush,excited",low,high,vernacbridge_general_1000.csv
"project deadline nalla ah poachu, romba happy ah irukken","My project deadline went well, I'm really happy",career,happy,"project,happy",low,high,vernacbridge_general_1000.csv
salary negotiation pathi romba nervous ah irukken,I'm really nervous about my salary negotiation,career,fear,"salary,fear",medium,high,vernacbridge_general_1000.csv
English viva pathi enakku innum confuse ah irukku,I'm still confused about my English viva,education,confused,"English,confused",medium,high,vernacbridge_general_1000.csv
sister marriage nalla mudiyum nu nambikkai irukku,I have hope that the sister's marriage will turn out well,family,hopeful,"sister,hopeful",low,high,vernacbridge_general_1000.csv
physics test fail aagiduven nu bayama irukku,I'm scared I might fail my physics test,education,fear,"physics,fear",medium,high,vernacbridge_general_1000.csv
"rainy weather nalla irundhuchu, mood improve aayiduchu","The rainy weather was nice, my mood improved",daily_conversation,happy,"rainy,happy",low,high,vernacbridge_general_1000.csv
"En girlfriend propose panniten, yes sonnanga","I proposed to my girlfriend, and they said yes",relationship,excited,"girlfriend,excited",low,high,vernacbridge_general_1000.csv
En girlfriend kooda trust issues start aayiduchu,Trust issues have started with my girlfriend,relationship,anxious,"girlfriend,anxious",medium,high,vernacbridge_general_1000.csv
online quiz mudinjadhukku aprom romba relief ah irukku,After finishing my online quiz I feel really relieved,education,calm,"online,calm",low,high,vernacbridge_general_1000.csv
cricket match pathi kelvi pattu romba curious ah irukken,I heard about the cricket match and I'm really curious,daily_conversation,excited,"cricket,excited",low,high,vernacbridge_general_1000.csv
semester project pathi yosichaale bayama irukku,Just thinking about my semester project scares me,education,fear,"semester,fear",medium,high,vernacbridge_general_1000.csv
freelance project ku decide panna mudiyala innum,I still can't decide about my freelance project,career,confused,"freelance,confused",medium,high,vernacbridge_general_1000.csv
family function pathi enakku bayama irukku,I'm scared about the family function,family,fear,"family,fear",medium,high,vernacbridge_general_1000.csv
cricket match vechu konjam late aayiduchu,Because of the cricket match I got a bit late,daily_conversation,stressed,"cricket,stressed",low,high,vernacbridge_general_1000.csv
client meeting kku aprom future pathi confidence vandhuchu,"After the client meeting, I feel confident about the future",career,hopeful,"client,hopeful",low,high,vernacbridge_general_1000.csv
"festival prep pathi enakku onnume theriyala, sollunga","I don't know anything about the festival preparation, tell me",daily_conversation,confused,"festival,confused",low,high,vernacbridge_general_1000.csv
freelance project ku romba naala kaathurukken,I've been waiting a long time for this freelance project,career,anxious,"freelance,anxious",medium,high,vernacbridge_general_1000.csv
"En spouse pathi confuse ah irukken, munnadi poganuma nu","I'm confused about my spouse, whether to move forward or not",relationship,confused,"spouse,confused",medium,high,vernacbridge_general_1000.csv
En new skill pathi self doubt varudhu,I have self doubt about my new skill,motivation,confused,"new,confused",medium,high,vernacbridge_general_1000.csv
home loan ku ellarum koodi irundhadhu romba nalla irundhuchu,Everyone coming together for the home loan felt really nice,family,happy,"home,happy",low,high,vernacbridge_general_1000.csv
"traffic today nalla irundhuchu, mood improve aayiduchu","The traffic today was nice, my mood improved",daily_conversation,happy,"traffic,happy",low,high,vernacbridge_general_1000.csv
therapy sessions pathi yaridamum solla mudiyala,I can't tell anyone about my therapy sessions,mental_health,lonely,"therapy,lonely",medium,high,vernacbridge_general_1000.csv
"Appa ku child missing start aayiduchu, hospital ku poganum urgent ah","My father has started having missing child, we need to get to the hospital urgently",emergency,fear,"child,fear",high,high,vernacbridge_general_1000.csv
layoff rumor ku decide panna mudiyala innum,I still can't decide about my layoff round,career,confused,"layoff,confused",medium,high,vernacbridge_general_1000.csv
"history record results vandhuchu, expect panna maari varala","The results for my history record came out, not what I expected",education,sad,"history,sad",medium,high,vernacbridge_general_1000.csv
English viva pathi yosichaale bayama irukku,Just thinking about my English viva scares me,education,fear,"English,fear",medium,high,vernacbridge_general_1000.csv
"home loan ku ellarum kudi decide pannom, nalla feel aaguthu","We all decided about the home loan together, it feels good",family,calm,"home,calm",low,high,vernacbridge_general_1000.csv
neighbor's function vechu konjam late aayiduchu,Because of the neighbor's function I got a bit late,daily_conversation,stressed,"neighbor's,stressed",low,high,vernacbridge_general_1000.csv
"internship offer nalla ah poachu, romba happy ah irukken","My internship offer went well, I'm really happy",career,happy,"internship,happy",low,high,vernacbridge_general_1000.csv
"En arranged match ennai ignore pannuranga, romba hurt ah irukku","My arranged match has been ignoring me, it really hurts",relationship,lonely,"arranged,lonely",medium,high,vernacbridge_general_1000.csv
new gadget vechu konjam late aayiduchu,Because of the new gadget I got a bit late,daily_conversation,stressed,"new,stressed",low,high,vernacbridge_general_1000.csv
"entrance exam ku full ah prepare aayiten, confident ah irukken","I've fully prepared for my entrance exam, I feel confident",education,hopeful,"entrance,hopeful",low,high,vernacbridge_general_1000.csv
brother's job vishayathula amma appa kooda fight aayiduchu,I had a fight with my parents over the brother's job,family,angry,"brother's,angry",medium,high,vernacbridge_general_1000.csv
En marathon training pathi self doubt varudhu,I have self doubt about my marathon training,motivation,confused,"marathon,confused",medium,high,vernacbridge_general_1000.csv
promotion round ku romba naala kaathurukken,I've been waiting a long time for this promotion round,career,anxious,"promotion,anxious",medium,high,vernacbridge_general_1000.csv
"family trip pathi guilt ah irukku, naan help panna mudiyala","I feel guilty about the family trip, I couldn't help",family,guilty,"family,guilty",medium,high,vernacbridge_general_1000.csv
"office transfer nalla ah poachu, romba happy ah irukken","My office transfer went well, I'm really happy",career,happy,"office,happy",low,high,vernacbridge_general_1000.csv
rainy weather vechu weekend full ah busy ah irundhuchu,"Because of the rainy weather, my whole weekend was busy",daily_conversation,calm,"rainy,calm",low,high,vernacbridge_general_1000.csv
"client meeting pathi guilt ah irukku, better ah panniruka mudiyum","I feel guilty about the client meeting, I could have done it better",career,guilty,"client,guilty",medium,high,vernacbridge_general_1000.csv
scholarship form pathi yosichaale bayama irukku,Just thinking about my scholarship form scares me,education,fear,"scholarship,fear",medium,high,vernacbridge_general_1000.csv
job interview pathi romba nervous ah irukken,I'm really nervous about my job interview,career,fear,"job,fear",medium,high,vernacbridge_general_1000.csv
En startup dream pathi motivation completely poachu,My motivation for my startup dream has completely disappeared,motivation,sad,"startup,sad",medium,high,vernacbridge_general_1000.csv
"exam stress ku therapy help pannuchu, konjam better ah irukken","Therapy has been helping with my exam stress, I feel a bit better",mental_health,calm,"exam,calm",low,high,vernacbridge_general_1000.csv
startup idea pathi kettavudan romba stress ah aayiduchu,"The moment I heard about the startup idea, I got really stressed",career,stressed,"startup,stressed",high,high,vernacbridge_general_1000.csv
"stroke symptoms ku first aid theriyuma yaarukavadhu, urgent ah venum","Does anyone know first aid for stroke symptoms, we need it urgently",emergency,fear,"stroke,fear",high,high,vernacbridge_general_1000.csv
power cut vechu konjam late aayiduchu,Because of the power cut I got a bit late,daily_conversation,stressed,"power,stressed",low,high,vernacbridge_general_1000.csv
"freelance project pathi guilt ah irukku, better ah panniruka mudiyum","I feel guilty about the freelance project, I could have done it better",career,guilty,"freelance,guilty",medium,high,vernacbridge_general_1000.csv
cricket match vechu weekend full ah busy ah irundhuchu,"Because of the cricket match, my whole weekend was busy",daily_conversation,calm,"cricket,calm",low,high,vernacbridge_general_1000.csv
"grandparents visit ku ellarum kudi decide pannom, nalla feel aaguthu","We all decided about the grandparents' visit together, it feels good",family,calm,"grandparents,calm",low,high,vernacbridge_general_1000.csv
physics test pathi enakku innum confuse ah irukku,I'm still confused about my physics test,education,confused,"physics,confused",medium,high,vernacbridge_general_1000.csv
En business plan ku consistency maintain panna kastama irukku,It's hard to stay consistent with my business plan,motivation,stressed,"business,stressed",medium,high,vernacbridge_general_1000.csv
"maths exam nalla ah mudinjuduchu, romba santhosama irukku","My math exam went really well, I'm very happy",education,happy,"maths,happy",low,high,vernacbridge_general_1000.csv
semester project fail aagiduven nu bayama irukku,I'm scared I might fail my semester project,education,fear,"semester,fear",medium,high,vernacbridge_general_1000.csv
"Appa ku chest pain start aayiduchu, hospital ku poganum urgent ah","My father has started having chest pain, we need to get to the hospital urgently",emergency,fear,"chest,fear",high,high,vernacbridge_general_1000.csv
"client meeting success aachu, romba excited ah irukken","The client meeting was a success, I'm really excited",career,excited,"client,excited",low,high,vernacbridge_general_1000.csv
house renovation pathi ninachaale sad ah irukku,Thinking about the house renovation makes me feel sad,family,sad,"house,sad",medium,high,vernacbridge_general_1000.csv
En art practice pathi self doubt varudhu,I have self doubt about my art practice,motivation,confused,"art,confused",medium,high,vernacbridge_general_1000.csv
"snake bite ku first aid theriyuma yaarukavadhu, urgent ah venum","Does anyone know first aid for snake bite, we need it urgently",emergency,fear,"snake,fear",high,high,vernacbridge_general_1000.csv
En marathon training ku consistency maintain panna kastama irukku,It's hard to stay consistent with my marathon training,motivation,stressed,"marathon,stressed",medium,high,vernacbridge_general_1000.csv
"En college friend turned partner pathi confuse ah irukken, munnadi poganuma nu","I'm confused about my close friend turned partner, whether to move forward or not",relationship,confused,"college,confused",medium,high,vernacbridge_general_1000.csv
lab record pathi enakku innum confuse ah irukku,I'm still confused about my lab record,education,confused,"lab,confused",medium,high,vernacbridge_general_1000.csv
"team lead role nalla ah poachu, romba happy ah irukken","My team lead role went well, I'm really happy",career,happy,"team,happy",low,high,vernacbridge_general_1000.csv
"Amma ku allergic reaction vandhuchu, ambulance venum ippove","My mother has severe allergic reaction, we need an ambulance right now",emergency,fear,"allergic,fear",high,high,vernacbridge_general_1000.csv
"En girlfriend kooda fight aayiduchu, romba sad ah irukku","I had a fight with my girlfriend, I feel really sad",relationship,sad,"girlfriend,sad",medium,high,vernacbridge_general_1000.csv
"startup idea success aachu, romba excited ah irukken","The startup idea was a success, I'm really excited",career,excited,"startup,excited",low,high,vernacbridge_general_1000.csv
promotion round kku aprom future pathi confidence vandhuchu,"After the promotion round, I feel confident about the future",career,hopeful,"promotion,hopeful",low,high,vernacbridge_general_1000.csv
work burnout la irundhu recover aaganum nu try panren,I'm trying to recover from work burnout,mental_health,hopeful,"work,hopeful",medium,high,vernacbridge_general_1000.csv
"kid's admission pathi guilt ah irukku, naan help panna mudiyala","I feel guilty about the child's school admission, I couldn't help",family,guilty,"kid's,guilty",medium,high,vernacbridge_general_1000.csv
En startup dream nalla direction la poguthu nu nambikkai irukku,I believe my startup dream is heading in a good direction,motivation,hopeful,"startup,hopeful",low,high,vernacbridge_general_1000.csv
Naan en language learning ku romba hard work panren,I'm working really hard towards my language learning,motivation,excited,"language,excited",low,high,vernacbridge_general_1000.csv
En crush kitta cheat pannitten nu guilt ah irukku,I feel guilty that I cheated on my crush,relationship,guilty,"crush,guilty",high,high,vernacbridge_general_1000.csv
self doubt vechu raathiri thoonga mudiyala,Because of self doubt I can't sleep at night,mental_health,anxious,"self,anxious",medium,high,vernacbridge_general_1000.csv
"chemistry practical results vandhuchu, expect panna maari varala","The results for my chemistry practical came out, not what I expected",education,sad,"chemistry,sad",medium,high,vernacbridge_general_1000.csv
new restaurant pathi kelvi pattu romba curious ah irukken,I heard about the new restaurant and I'm really curious,daily_conversation,excited,"new,excited",low,high,vernacbridge_general_1000.csv
Naan snake bite paathu romba panic aayiduchen,I saw snake bite and I panicked completely,emergency,fear,"snake,fear",high,high,vernacbridge_general_1000.csv
movie release ku naan innum ready aagala,I'm still not ready for the movie release,daily_conversation,calm,"movie,calm",low,high,vernacbridge_general_1000.csv
"brother's job pathi guilt ah irukku, naan help panna mudiyala","I feel guilty about the brother's job, I couldn't help",family,guilty,"brother's,guilty",medium,high,vernacbridge_general_1000.csv
En language learning nalla direction la poguthu nu nambikkai irukku,I believe my language learning is heading in a good direction,motivation,hopeful,"language,hopeful",low,high,vernacbridge_general_1000.csv
"semester project results vandhuchu, expect panna maari varala","The results for my semester project came out, not what I expected",education,sad,"semester,sad",medium,high,vernacbridge_general_1000.csv
En marathon training pathi motivation completely poachu,My motivation for my marathon training has completely disappeared,motivation,sad,"marathon,sad",medium,high,vernacbridge_general_1000.csv
power cut ku naan innum ready aagala,I'm still not ready for the power cut,daily_conversation,calm,"power,calm",low,high,vernacbridge_general_1000.csv
"En language learning la achievement adaichen, proud ah irukken","I achieved something in my language learning, I feel proud",motivation,happy,"language,happy",low,high,vernacbridge_general_1000.csv
"En arranged match kooda long time ah pesave illa, miss aaguthu","I haven't spoken to my arranged match in a long time, I miss them",relationship,lonely,"arranged,lonely",medium,high,vernacbridge_general_1000.csv
En ex kooda trust issues start aayiduchu,Trust issues have started with my ex,relationship,anxious,"ex,anxious",medium,high,vernacbridge_general_1000.csv
Naan en side hustle ku romba hard work panren,I'm working really hard towards my side hustle,motivation,excited,"side,excited",low,high,vernacbridge_general_1000.csv
panic attacks vechu raathiri thoonga mudiyala,Because of panic attacks I can't sleep at night,mental_health,anxious,"panic,anxious",medium,high,vernacbridge_general_1000.csv
social anxiety pathi yaridamum solla mudiyala,I can't tell anyone about my social anxiety,mental_health,lonely,"social,lonely",medium,high,vernacbridge_general_1000.csv
"house fire nadanthuchu, yaro udanadiya help pannanum","There's been house fire, someone needs to help immediately",emergency,fear,"house,fear",high,high,vernacbridge_general_1000.csv
sister marriage ku ellarum koodi irundhadhu romba nalla irundhuchu,Everyone coming together for the sister's marriage felt really nice,family,happy,"sister,happy",low,high,vernacbridge_general_1000.csv
En language learning pathi self doubt varudhu,I have self doubt about my language learning,motivation,confused,"language,confused",medium,high,vernacbridge_general_1000.csv
family trip pathi enakku bayama irukku,I'm scared about the family trip,family,fear,"family,fear",medium,high,vernacbridge_general_1000.csv
Naan therapy sessions vachi romba struggle panren,I'm really struggling with therapy sessions,mental_health,stressed,"therapy,stressed",medium,high,vernacbridge_general_1000.csv
"En fitness goal la oru small win kedaichuchu, romba santhosam","I got a small win in my fitness goal, I'm really happy",motivation,happy,"fitness,happy",low,high,vernacbridge_general_1000.csv
startup idea pathi romba nervous ah irukken,I'm really nervous about my startup idea,career,fear,"startup,fear",medium,high,vernacbridge_general_1000.csv
kid's admission nalla mudiyum nu nambikkai irukku,I have hope that the child's school admission will turn out well,family,hopeful,"kid's,hopeful",low,high,vernacbridge_general_1000.csv
"work burnout konjam kammiya irukku indha vaaram, nalla feel aaguthu","My work burnout has reduced a bit this week, I feel good",mental_health,calm,"work,calm",low,high,vernacbridge_general_1000.csv
"En startup dream la achievement adaichen, proud ah irukken","I achieved something in my startup dream, I feel proud",motivation,happy,"startup,happy",low,high,vernacbridge_general_1000.csv
chemistry practical fail aagiduven nu bayama irukku,I'm scared I might fail my chemistry practical,education,fear,"chemistry,fear",medium,high,vernacbridge_general_1000.csv
En girlfriend kooda future pathi romba worry ah irukken,I'm really worried about the future with my girlfriend,relationship,anxious,"girlfriend,anxious",medium,high,vernacbridge_general_1000.csv
"road accident nadanthuchu, yaro udanadiya help pannanum","There's been road accident, someone needs to help immediately",emergency,fear,"road,fear",high,high,vernacbridge_general_1000.csv
"client meeting expect panna maari nadakala, romba sad ah irukken","My client meeting didn't go as I expected, I feel really sad",career,sad,"client,sad",medium,high,vernacbridge_general_1000.csv
salary negotiation ku decide panna mudiyala innum,I still can't decide about my salary negotiation,career,confused,"salary,confused",medium,high,vernacbridge_general_1000.csv
power cut vechu weekend full ah busy ah irundhuchu,"Because of the power cut, my whole weekend was busy",daily_conversation,calm,"power,calm",low,high,vernacbridge_general_1000.csv
"En boyfriend propose panniten, yes sonnanga","I proposed to my boyfriend, and they said yes",relationship,excited,"boyfriend,excited",low,high,vernacbridge_general_1000.csv
"team lead role pathi guilt ah irukku, better ah panniruka mudiyum","I feel guilty about the team lead role, I could have done it better",career,guilty,"team,guilty",medium,high,vernacbridge_general_1000.csv
"new restaurant pathi enakku onnume theriyala, sollunga","I don't know anything about the new restaurant, tell me",daily_conversation,confused,"new,confused",low,high,vernacbridge_general_1000.csv
new gadget vechu weekend full ah busy ah irundhuchu,"Because of the new gadget, my whole weekend was busy",daily_conversation,calm,"new,calm",low,high,vernacbridge_general_1000.csv
low self esteem la irundhu recover aaganum nu try panren,I'm trying to recover from low self esteem,mental_health,hopeful,"low,hopeful",medium,high,vernacbridge_general_1000.csv
"job application nalla ah poachu, romba happy ah irukken","My job application went well, I'm really happy",career,happy,"job,happy",low,high,vernacbridge_general_1000.csv
movie release pathi ellarum pesikittu irundhanga,Everyone was talking about the movie release,daily_conversation,calm,"movie,calm",low,high,vernacbridge_general_1000.csv
"Kozhandhaiku gas leak irukku, doctor ku koodithama poganum","My child has gas leak, we need to see a doctor immediately",emergency,fear,"gas,fear",high,high,vernacbridge_general_1000.csv
"En long distance partner propose panniten, yes sonnanga","I proposed to my long distance partner, and they said yes",relationship,excited,"long,excited",low,high,vernacbridge_general_1000.csv
home loan pathi ninachaale sad ah irukku,Thinking about the home loan makes me feel sad,family,sad,"home,sad",medium,high,vernacbridge_general_1000.csv
loneliness pathi yaridamum solla mudiyala,I can't tell anyone about my loneliness,mental_health,lonely,"loneliness,lonely",medium,high,vernacbridge_general_1000.csv
grocery shopping ku naan innum ready aagala,I'm still not ready for the grocery shopping,daily_conversation,calm,"grocery,calm",low,high,vernacbridge_general_1000.csv
En weight loss journey ku innum konjam push venum,I need a bit more push for my weight loss journey,motivation,stressed,"weight,stressed",medium,high,vernacbridge_general_1000.csv
history record pathi enakku innum confuse ah irukku,I'm still confused about my history record,education,confused,"history,confused",medium,high,vernacbridge_general_1000.csv
home loan pathi veetla romba tension irukku,There's a lot of tension at home about home loan,family,stressed,"home,stressed",medium,high,vernacbridge_general_1000.csv
Naan allergic reaction paathu romba panic aayiduchen,I saw severe allergic reaction and I panicked completely,emergency,fear,"allergic,fear",high,high,vernacbridge_general_1000.csv
elders decision vishayathula amma appa kooda fight aayiduchu,I had a fight with my parents over the elders' decision,family,angry,"elders,angry",medium,high,vernacbridge_general_1000.csv
Naan sleepless nights vachi romba struggle panren,I'm really struggling with sleepless nights,mental_health,stressed,"sleepless,stressed",medium,high,vernacbridge_general_1000.csv
Naan en new skill ku romba hard work panren,I'm working really hard towards my new skill,motivation,excited,"new,excited",low,high,vernacbridge_general_1000.csv
brother's job pathi ninachaale sad ah irukku,Thinking about the brother's job makes me feel sad,family,sad,"brother's,sad",medium,high,vernacbridge_general_1000.csv
"En startup dream la fail aayiten, but thirumba try panren","I failed at my startup dream, but I'll try again",motivation,hopeful,"startup,hopeful",medium,high,vernacbridge_general_1000.csv
"parents expectation nalla ah nadanthuchu, ellarum happy ah irundhom","The parents' expectations went well, everyone was happy",family,happy,"parents,happy",low,high,vernacbridge_general_1000.csv
"En weight loss journey la achievement adaichen, proud ah irukken","I achieved something in my weight loss journey, I feel proud",motivation,happy,"weight,happy",low,high,vernacbridge_general_1000.csv
family trip vishayam pathi konjam confuse ah irukken,I'm a bit confused about the family trip,family,confused,"family,confused",medium,high,vernacbridge_general_1000.csv
kid's admission pathi ninachaale sad ah irukku,Thinking about the child's school admission makes me feel sad,family,sad,"kid's,sad",medium,high,vernacbridge_general_1000.csv
"festival prep pathi enna nenaikra, poganuma","What do you think about the festival preparation, shall we go",daily_conversation,calm,"festival,calm",low,high,vernacbridge_general_1000.csv
"panic attacks pathi guilt ah irukku, control panna mudiyala","I feel guilty about panic attacks, I can't seem to control it",mental_health,guilty,"panic,guilty",medium,high,vernacbridge_general_1000.csv
sleepless nights vandha udane body react panna start aaguthu,"The moment sleepless nights hits, my body starts reacting",mental_health,anxious,"sleepless,anxious",high,high,vernacbridge_general_1000.csv
En boyfriend kooda trust issues start aayiduchu,Trust issues have started with my boyfriend,relationship,anxious,"boyfriend,anxious",medium,high,vernacbridge_general_1000.csv
"resignation letter expect panna maari nadakala, romba sad ah irukken","My resignation letter didn't go as I expected, I feel really sad",career,sad,"resignation,sad",medium,high,vernacbridge_general_1000.csv
Naan panic attacks vachi romba struggle panren,I'm really struggling with panic attacks,mental_health,stressed,"panic,stressed",medium,high,vernacbridge_general_1000.csv
"Appa ku allergic reaction start aayiduchu, hospital ku poganum urgent ah","My father has started having severe allergic reaction, we need to get to the hospital urgently",emergency,fear,"allergic,fear",high,high,vernacbridge_general_1000.csv
"resignation letter success aachu, romba excited ah irukken","The resignation letter was a success, I'm really excited",career,excited,"resignation,excited",low,high,vernacbridge_general_1000.csv
En ex kitta cheat pannitten nu guilt ah irukku,I feel guilty that I cheated on my ex,relationship,guilty,"ex,guilty",high,high,vernacbridge_general_1000.csv
"Appa ku severe bleeding start aayiduchu, hospital ku poganum urgent ah","My father has started having severe bleeding, we need to get to the hospital urgently",emergency,fear,"severe,fear",high,high,vernacbridge_general_1000.csv
grocery shopping vechu konjam late aayiduchu,Because of the grocery shopping I got a bit late,daily_conversation,stressed,"grocery,stressed",low,high,vernacbridge_general_1000.csv
"En fitness goal ku romba tired ah irukken, but continue panren","I'm really tired from my fitness goal, but I'll keep going",motivation,stressed,"fitness,stressed",medium,high,vernacbridge_general_1000.csv
job interview ku romba naala kaathurukken,I've been waiting a long time for this job interview,career,anxious,"job,anxious",medium,high,vernacbridge_general_1000.csv
online delivery vechu konjam late aayiduchu,Because of the online delivery I got a bit late,daily_conversation,stressed,"online,stressed",low,high,vernacbridge_general_1000.csv
En marathon training nalla direction la poguthu nu nambikkai irukku,I believe my marathon training is heading in a good direction,motivation,hopeful,"marathon,hopeful",low,high,vernacbridge_general_1000.csv
"En arranged match pathi confuse ah irukken, munnadi poganuma nu","I'm confused about my arranged match, whether to move forward or not",relationship,confused,"arranged,confused",medium,high,vernacbridge_general_1000.csv
"weekend plan pathi enna nenaikra, poganuma","What do you think about the weekend plan, shall we go",daily_conversation,calm,"weekend,calm",low,high,vernacbridge_general_1000.csv
parents expectation pathi ninachaale sad ah irukku,Thinking about the parents' expectations makes me feel sad,family,sad,"parents,sad",medium,high,vernacbridge_general_1000.csv
"Enakku road accident irukku, urgent ah help pannunga","I have road accident, please help urgently",emergency,fear,"road,fear",high,high,vernacbridge_general_1000.csv
"parents expectation pathi guilt ah irukku, naan help panna mudiyala","I feel guilty about the parents' expectations, I couldn't help",family,guilty,"parents,guilty",medium,high,vernacbridge_general_1000.csv
group presentation ku prepare panna time podave illa,I haven't had time to prepare for my group presentation,education,stressed,"group,stressed",high,high,vernacbridge_general_1000.csv
"Enakku severe bleeding irukku, urgent ah help pannunga","I have severe bleeding, please help urgently",emergency,fear,"severe,fear",high,high,vernacbridge_general_1000.csv
"En competitive exam prep la achievement adaichen, proud ah irukken","I achieved something in my competitive exam preparation, I feel proud",motivation,happy,"competitive,happy",low,high,vernacbridge_general_1000.csv
"Appa ku stroke symptoms start aayiduchu, hospital ku poganum urgent ah","My father has started having stroke symptoms, we need to get to the hospital urgently",emergency,fear,"stroke,fear",high,high,vernacbridge_general_1000.csv
En long distance partner kooda romba nalla irukken ippo,I'm doing really well with my long distance partner now,relationship,happy,"long,happy",low,high,vernacbridge_general_1000.csv
guilt over a mistake vechu raathiri thoonga mudiyala,Because of guilt over a mistake I can't sleep at night,mental_health,anxious,"guilt,anxious",medium,high,vernacbridge_general_1000.csv
power cut romba super ah irundhuchu,The power cut was really great,daily_conversation,excited,"power,excited",low,high,vernacbridge_general_1000.csv
En savings goal pathi motivation completely poachu,My motivation for my savings goal has completely disappeared,motivation,sad,"savings,sad",medium,high,vernacbridge_general_1000.csv
En long distance partner ah miss panren romba,I really miss my long distance partner,relationship,lonely,"long,lonely",medium,high,vernacbridge_general_1000.csv
office transfer ku romba naala kaathurukken,I've been waiting a long time for this office transfer,career,anxious,"office,anxious",medium,high,vernacbridge_general_1000.csv
"relative's dispute ku ellarum kudi decide pannom, nalla feel aaguthu","We all decided about the relative's dispute together, it feels good",family,calm,"relative's,calm",low,high,vernacbridge_general_1000.csv
amma health vishayam pathi konjam confuse ah irukken,I'm a bit confused about the mother's health,family,confused,"amma,confused",medium,high,vernacbridge_general_1000.csv
cousin's wedding pathi veetla romba tension irukku,There's a lot of tension at home about cousin's wedding,family,stressed,"cousin's,stressed",medium,high,vernacbridge_general_1000.csv
internal assessment pathi enakku innum confuse ah irukku,I'm still confused about my internal assessment,education,confused,"internal,confused",medium,high,vernacbridge_general_1000.csv
entrance exam fail aagiduven nu bayama irukku,I'm scared I might fail my entrance exam,education,fear,"entrance,fear",medium,high,vernacbridge_general_1000.csv
En new skill nalla direction la poguthu nu nambikkai irukku,I believe my new skill is heading in a good direction,motivation,hopeful,"new,hopeful",low,high,vernacbridge_general_1000.csv
"exam stress pathi guilt ah irukku, control panna mudiyala","I feel guilty about exam stress, I can't seem to control it",mental_health,guilty,"exam,guilty",medium,high,vernacbridge_general_1000.csv
grief la irundhu recover aaganum nu try panren,I'm trying to recover from grief,mental_health,hopeful,"grief,hopeful",medium,high,vernacbridge_general_1000.csv
"En ex ennai ignore pannuranga, romba hurt ah irukku","My ex has been ignoring me, it really hurts",relationship,lonely,"ex,lonely",medium,high,vernacbridge_general_1000.csv
"Kozhandhaiku stroke symptoms irukku, doctor ku koodithama poganum","My child has stroke symptoms, we need to see a doctor immediately",emergency,fear,"stroke,fear",high,high,vernacbridge_general_1000.csv
"appa retirement pathi guilt ah irukku, naan help panna mudiyala","I feel guilty about the father's retirement, I couldn't help",family,guilty,"appa,guilty",medium,high,vernacbridge_general_1000.csv
"promotion round success aachu, romba excited ah irukken","The promotion round was a success, I'm really excited",career,excited,"promotion,excited",low,high,vernacbridge_general_1000.csv
chemistry practical pathi enakku innum confuse ah irukku,I'm still confused about my chemistry practical,education,confused,"chemistry,confused",medium,high,vernacbridge_general_1000.csv
grandparents visit vishayathula amma appa kooda fight aayiduchu,I had a fight with my parents over the grandparents' visit,family,angry,"grandparents,angry",medium,high,vernacbridge_general_1000.csv
elders decision nalla mudiyum nu nambikkai irukku,I have hope that the elders' decision will turn out well,family,hopeful,"elders,hopeful",low,high,vernacbridge_general_1000.csv
"overthinking konjam kammiya irukku indha vaaram, nalla feel aaguthu","My overthinking has reduced a bit this week, I feel good",mental_health,calm,"overthinking,calm",low,high,vernacbridge_general_1000.csv
"online delivery miss pannitten, adhu kastama irundhuchu","I missed the online delivery, that was disappointing",daily_conversation,sad,"online,sad",low,high,vernacbridge_general_1000.csv
"En partner kooda breakup aayiduchu, heartbroken ah irukken","I broke up with my partner, I'm heartbroken",relationship,sad,"partner,sad",medium,high,vernacbridge_general_1000.csv
Naan English viva pathi romba tension ah irukken,I'm really tense about my English viva,education,stressed,"English,stressed",medium,high,vernacbridge_general_1000.csv
internship offer pathi ippozhum romba angry ah irukken,I'm still really angry about the internship offer,career,angry,"internship,angry",medium,high,vernacbridge_general_1000.csv
"cousin's wedding pathi guilt ah irukku, naan help panna mudiyala","I feel guilty about the cousin's wedding, I couldn't help",family,guilty,"cousin's,guilty",medium,high,vernacbridge_general_1000.csv
new gadget pathi kelvi pattu romba curious ah irukken,I heard about the new gadget and I'm really curious,daily_conversation,excited,"new,excited",low,high,vernacbridge_general_1000.csv
promotion round pathi kettavudan romba stress ah aayiduchu,"The moment I heard about the promotion round, I got really stressed",career,stressed,"promotion,stressed",high,high,vernacbridge_general_1000.csv
"online quiz la nalla marks vangiten, romba proud ah irukken","I scored well in my online quiz, I'm really proud",education,happy,"online,happy",low,high,vernacbridge_general_1000.csv
project deadline pathi romba nervous ah irukken,I'm really nervous about my project deadline,career,fear,"project,fear",medium,high,vernacbridge_general_1000.csv
loneliness vandha udane body react panna start aaguthu,"The moment loneliness hits, my body starts reacting",mental_health,anxious,"loneliness,anxious",high,high,vernacbridge_general_1000.csv
online quiz fail aagiduven nu bayama irukku,I'm scared I might fail my online quiz,education,fear,"online,fear",medium,high,vernacbridge_general_1000.csv
"guilt over a mistake konjam kammiya irukku indha vaaram, nalla feel aaguthu","My guilt over a mistake has reduced a bit this week, I feel good",mental_health,calm,"guilt,calm",low,high,vernacbridge_general_1000.csv
lab record mudinjadhukku aprom romba relief ah irukku,After finishing my lab record I feel really relieved,education,calm,"lab,calm",low,high,vernacbridge_general_1000.csv
appa retirement vishayam pathi konjam confuse ah irukken,I'm a bit confused about the father's retirement,family,confused,"appa,confused",medium,high,vernacbridge_general_1000.csv
Naan severe bleeding paathu romba panic aayiduchen,I saw severe bleeding and I panicked completely,emergency,fear,"severe,fear",high,high,vernacbridge_general_1000.csv
parents expectation vishayathula amma appa kooda fight aayiduchu,I had a fight with my parents over the parents' expectations,family,angry,"parents,angry",medium,high,vernacbridge_general_1000.csv
En startup dream pathi self doubt varudhu,I have self doubt about my startup dream,motivation,confused,"startup,confused",medium,high,vernacbridge_general_1000.csv
"En spouse propose panniten, yes sonnanga","I proposed to my spouse, and they said yes",relationship,excited,"spouse,excited",low,high,vernacbridge_general_1000.csv
sleepless nights vechu raathiri thoonga mudiyala,Because of sleepless nights I can't sleep at night,mental_health,anxious,"sleepless,anxious",medium,high,vernacbridge_general_1000.csv
family function ku ellarum koodi irundhadhu romba nalla irundhuchu,Everyone coming together for the family function felt really nice,family,happy,"family,happy",low,high,vernacbridge_general_1000.csv
relative's dispute vishayam pathi konjam confuse ah irukken,I'm a bit confused about the relative's dispute,family,confused,"relative's,confused",medium,high,vernacbridge_general_1000.csv
"high fever ku first aid theriyuma yaarukavadhu, urgent ah venum","Does anyone know first aid for high fever, we need it urgently",emergency,fear,"high,fear",high,high,vernacbridge_general_1000.csv
"En side hustle la achievement adaichen, proud ah irukken","I achieved something in my side hustle, I feel proud",motivation,happy,"side,happy",low,high,vernacbridge_general_1000.csv
Naan loneliness vachi romba struggle panren,I'm really struggling with loneliness,mental_health,stressed,"loneliness,stressed",medium,high,vernacbridge_general_1000.csv
En startup dream ku innum konjam push venum,I need a bit more push for my startup dream,motivation,stressed,"startup,stressed",medium,high,vernacbridge_general_1000.csv
"En ex kooda fight aayiduchu, romba sad ah irukku","I had a fight with my ex, I feel really sad",relationship,sad,"ex,sad",medium,high,vernacbridge_general_1000.csv
scholarship form mudinjadhukku aprom romba relief ah irukku,After finishing my scholarship form I feel really relieved,education,calm,"scholarship,calm",low,high,vernacbridge_general_1000.csv
En partner kitta cheat pannitten nu guilt ah irukku,I feel guilty that I cheated on my partner,relationship,guilty,"partner,guilty",high,high,vernacbridge_general_1000.csv
"online quiz results vandhuchu, expect panna maari varala","The results for my online quiz came out, not what I expected",education,sad,"online,sad",medium,high,vernacbridge_general_1000.csv
chemistry practical mudinjadhukku aprom romba relief ah irukku,After finishing my chemistry practical I feel really relieved,education,calm,"chemistry,calm",low,high,vernacbridge_general_1000.csv
En business plan pathi self doubt varudhu,I have self doubt about my business plan,motivation,confused,"business,confused",medium,high,vernacbridge_general_1000.csv
"model exam nalla ah mudinjuduchu, romba santhosama irukku","My model exam went really well, I'm very happy",education,happy,"model,happy",low,high,vernacbridge_general_1000.csv
"appa retirement nalla ah nadanthuchu, ellarum happy ah irundhom","The father's retirement went well, everyone was happy",family,happy,"appa,happy",low,high,vernacbridge_general_1000.csv
"history record nalla ah mudinjuduchu, romba santhosama irukku","My history record went really well, I'm very happy",education,happy,"history,happy",low,high,vernacbridge_general_1000.csv
"sister marriage ku ellarum kudi decide pannom, nalla feel aaguthu","We all decided about the sister's marriage together, it feels good",family,calm,"sister,calm",low,high,vernacbridge_general_1000.csv
"breathing trouble nadanthuchu, yaro udanadiya help pannanum","There's been breathing trouble, someone needs to help immediately",emergency,fear,"breathing,fear",high,high,vernacbridge_general_1000.csv
"maths exam ku full ah prepare aayiten, confident ah irukken","I've fully prepared for my math exam, I feel confident",education,hopeful,"maths,hopeful",low,high,vernacbridge_general_1000.csv
kid's admission vishayathula amma appa kooda fight aayiduchu,I had a fight with my parents over the child's school admission,family,angry,"kid's,angry",medium,high,vernacbridge_general_1000.csv
"En savings goal la fail aayiten, but thirumba try panren","I failed at my savings goal, but I'll try again",motivation,hopeful,"savings,hopeful",medium,high,vernacbridge_general_1000.csv
elders decision pathi ninachaale sad ah irukku,Thinking about the elders' decision makes me feel sad,family,sad,"elders,sad",medium,high,vernacbridge_general_1000.csv
movie release romba super ah irundhuchu,The movie release was really great,daily_conversation,excited,"movie,excited",low,high,vernacbridge_general_1000.csv
resignation letter pathi kettavudan romba stress ah aayiduchu,"The moment I heard about the resignation letter, I got really stressed",career,stressed,"resignation,stressed",high,high,vernacbridge_general_1000.csv
"online delivery pathi enakku onnume theriyala, sollunga","I don't know anything about the online delivery, tell me",daily_conversation,confused,"online,confused",low,high,vernacbridge_general_1000.csv
En new skill ku innum konjam push venum,I need a bit more push for my new skill,motivation,stressed,"new,stressed",medium,high,vernacbridge_general_1000.csv
self doubt pathi yaridamum solla mudiyala,I can't tell anyone about my self doubt,mental_health,lonely,"self,lonely",medium,high,vernacbridge_general_1000.csv
"physics test la nalla marks vangiten, romba proud ah irukken","I scored well in my physics test, I'm really proud",education,happy,"physics,happy",low,high,vernacbridge_general_1000.csv
"En spouse kooda breakup aayiduchu, heartbroken ah irukken","I broke up with my spouse, I'm heartbroken",relationship,sad,"spouse,sad",medium,high,vernacbridge_general_1000.csv
"snake bite nadanthuchu, yaro udanadiya help pannanum","There's been snake bite, someone needs to help immediately",emergency,fear,"snake,fear",high,high,vernacbridge_general_1000.csv
"kid's admission ku ellarum kudi decide pannom, nalla feel aaguthu","We all decided about the child's school admission together, it feels good",family,calm,"kid's,calm",low,high,vernacbridge_general_1000.csv
parents expectation pathi veetla romba tension irukku,There's a lot of tension at home about parents' expectations,family,stressed,"parents,stressed",medium,high,vernacbridge_general_1000.csv
higher studies plan ku decide panna mudiyala innum,I still can't decide about my plan for higher studies,career,confused,"higher,confused",medium,high,vernacbridge_general_1000.csv
internal assessment fail aagiduven nu bayama irukku,I'm scared I might fail my internal assessment,education,fear,"internal,fear",medium,high,vernacbridge_general_1000.csv
"resignation letter nalla ah poachu, romba happy ah irukken","My resignation letter went well, I'm really happy",career,happy,"resignation,happy",low,high,vernacbridge_general_1000.csv
"maths exam results vandhuchu, expect panna maari varala","The results for my math exam came out, not what I expected",education,sad,"maths,sad",medium,high,vernacbridge_general_1000.csv
En weight loss journey pathi motivation completely poachu,My motivation for my weight loss journey has completely disappeared,motivation,sad,"weight,sad",medium,high,vernacbridge_general_1000.csv
Naan chemistry practical pathi romba tension ah irukken,I'm really tense about my chemistry practical,education,stressed,"chemistry,stressed",medium,high,vernacbridge_general_1000.csv
project deadline pathi kettavudan romba stress ah aayiduchu,"The moment I heard about the project deadline, I got really stressed",career,stressed,"project,stressed",high,high,vernacbridge_general_1000.csv
model exam mudinjadhukku aprom romba relief ah irukku,After finishing my model exam I feel really relieved,education,calm,"model,calm",low,high,vernacbridge_general_1000.csv
amma health pathi enakku bayama irukku,I'm scared about the mother's health,family,fear,"amma,fear",medium,high,vernacbridge_general_1000.csv
En fitness goal pathi motivation completely poachu,My motivation for my fitness goal has completely disappeared,motivation,sad,"fitness,sad",medium,high,vernacbridge_general_1000.csv
layoff rumor kku aprom future pathi confidence vandhuchu,"After the layoff round, I feel confident about the future",career,hopeful,"layoff,hopeful",low,high,vernacbridge_general_1000.csv
"En business plan ku romba tired ah irukken, but continue panren","I'm really tired from my business plan, but I'll keep going",motivation,stressed,"business,stressed",medium,high,vernacbridge_general_1000.csv
family trip nalla mudiyum nu nambikkai irukku,I have hope that the family trip will turn out well,family,hopeful,"family,hopeful",low,high,vernacbridge_general_1000.csv
job application ku decide panna mudiyala innum,I still can't decide about my job application,career,confused,"job,confused",medium,high,vernacbridge_general_1000.csv
festival prep pathi ellarum pesikittu irundhanga,Everyone was talking about the festival preparation,daily_conversation,calm,"festival,calm",low,high,vernacbridge_general_1000.csv
En side hustle pathi self doubt varudhu,I have self doubt about my side hustle,motivation,confused,"side,confused",medium,high,vernacbridge_general_1000.csv
"En partner pathi family ku pudikala, romba tension irukku","My family doesn't like my partner, there's a lot of tension",relationship,stressed,"partner,stressed",medium,high,vernacbridge_general_1000.csv
"En crush kooda fight aayiduchu, romba sad ah irukku","I had a fight with my crush, I feel really sad",relationship,sad,"crush,sad",medium,high,vernacbridge_general_1000.csv
grandparents visit ku ellarum koodi irundhadhu romba nalla irundhuchu,Everyone coming together for the grandparents' visit felt really nice,family,happy,"grandparents,happy",low,high,vernacbridge_general_1000.csv
Naan gas leak paathu romba panic aayiduchen,I saw gas leak and I panicked completely,emergency,fear,"gas,fear",high,high,vernacbridge_general_1000.csv
job application pathi ippozhum romba angry ah irukken,I'm still really angry about the job application,career,angry,"job,angry",medium,high,vernacbridge_general_1000.csv
"En new skill ku romba tired ah irukken, but continue panren","I'm really tired from my new skill, but I'll keep going",motivation,stressed,"new,stressed",medium,high,vernacbridge_general_1000.csv
traffic today vechu weekend full ah busy ah irundhuchu,"Because of the traffic today, my whole weekend was busy",daily_conversation,calm,"traffic,calm",low,high,vernacbridge_general_1000.csv
En marathon training ku innum konjam push venum,I need a bit more push for my marathon training,motivation,stressed,"marathon,stressed",medium,high,vernacbridge_general_1000.csv
En crush kooda future pathi romba worry ah irukken,I'm really worried about the future with my crush,relationship,anxious,"crush,anxious",medium,high,vernacbridge_general_1000.csv
"salary negotiation nalla ah poachu, romba happy ah irukken","My salary negotiation went well, I'm really happy",career,happy,"salary,happy",low,high,vernacbridge_general_1000.csv
physics test pathi yosichaale bayama irukku,Just thinking about my physics test scares me,education,fear,"physics,fear",medium,high,vernacbridge_general_1000.csv
"En spouse kooda fight aayiduchu, romba sad ah irukku","I had a fight with my spouse, I feel really sad",relationship,sad,"spouse,sad",medium,high,vernacbridge_general_1000.csv
"En habit building la oru small win kedaichuchu, romba santhosam","I got a small win in my habit building, I'm really happy",motivation,happy,"habit,happy",low,high,vernacbridge_general_1000.csv
"job application pathi guilt ah irukku, better ah panniruka mudiyum","I feel guilty about the job application, I could have done it better",career,guilty,"job,guilty",medium,high,vernacbridge_general_1000.csv
"entrance exam results vandhuchu, expect panna maari varala","The results for my entrance exam came out, not what I expected",education,sad,"entrance,sad",medium,high,vernacbridge_general_1000.csv
En spouse ah miss panren romba,I really miss my spouse,relationship,lonely,"spouse,lonely",medium,high,vernacbridge_general_1000.csv
promotion round ku decide panna mudiyala innum,I still can't decide about my promotion round,career,confused,"promotion,confused",medium,high,vernacbridge_general_1000.csv
"Kozhandhaiku electric shock irukku, doctor ku koodithama poganum","My child has electric shock, we need to see a doctor immediately",emergency,fear,"electric,fear",high,high,vernacbridge_general_1000.csv
En crush kooda trust issues start aayiduchu,Trust issues have started with my crush,relationship,anxious,"crush,anxious",medium,high,vernacbridge_general_1000.csv
brother's job pathi veetla romba tension irukku,There's a lot of tension at home about brother's job,family,stressed,"brother's,stressed",medium,high,vernacbridge_general_1000.csv
online delivery vechu weekend full ah busy ah irundhuchu,"Because of the online delivery, my whole weekend was busy",daily_conversation,calm,"online,calm",low,high,vernacbridge_general_1000.csv
relative's dispute pathi ninachaale sad ah irukku,Thinking about the relative's dispute makes me feel sad,family,sad,"relative's,sad",medium,high,vernacbridge_general_1000.csv
En fitness goal pathi self doubt varudhu,I have self doubt about my fitness goal,motivation,confused,"fitness,confused",medium,high,vernacbridge_general_1000.csv
"office transfer pathi guilt ah irukku, better ah panniruka mudiyum","I feel guilty about the office transfer, I could have done it better",career,guilty,"office,guilty",medium,high,vernacbridge_general_1000.csv
"home loan nalla ah nadanthuchu, ellarum happy ah irundhom","The home loan went well, everyone was happy",family,happy,"home,happy",low,high,vernacbridge_general_1000.csv
"higher studies plan pathi guilt ah irukku, better ah panniruka mudiyum","I feel guilty about the plan for higher studies, I could have done it better",career,guilty,"higher,guilty",medium,high,vernacbridge_general_1000.csv
social anxiety vandha udane body react panna start aaguthu,"The moment social anxiety hits, my body starts reacting",mental_health,anxious,"social,anxious",high,high,vernacbridge_general_1000.csv
"allergic reaction pathi ippove call pannunga, delay panna koodathu","Please call about severe allergic reaction right now, we can't delay",emergency,fear,"allergic,fear",high,high,vernacbridge_general_1000.csv
"amma health nalla ah nadanthuchu, ellarum happy ah irundhom","The mother's health went well, everyone was happy",family,happy,"amma,happy",low,high,vernacbridge_general_1000.csv
"Kozhandhaiku allergic reaction irukku, doctor ku koodithama poganum","My child has severe allergic reaction, we need to see a doctor immediately",emergency,fear,"allergic,fear",high,high,vernacbridge_general_1000.csv
client meeting pathi romba nervous ah irukken,I'm really nervous about my client meeting,career,fear,"client,fear",medium,high,vernacbridge_general_1000.csv
"En arranged match kooda fight aayiduchu, romba sad ah irukku","I had a fight with my arranged match, I feel really sad",relationship,sad,"arranged,sad",medium,high,vernacbridge_general_1000.csv
"En business plan la fail aayiten, but thirumba try panren","I failed at my business plan, but I'll try again",motivation,hopeful,"business,hopeful",medium,high,vernacbridge_general_1000.csv
kid's admission vishayam pathi konjam confuse ah irukken,I'm a bit confused about the child's school admission,family,confused,"kid's,confused",medium,high,vernacbridge_general_1000.csv
"house renovation ku ellarum kudi decide pannom, nalla feel aaguthu","We all decided about the house renovation together, it feels good",family,calm,"house,calm",low,high,vernacbridge_general_1000.csv
Naan physics test pathi romba tension ah irukken,I'm really tense about my physics test,education,stressed,"physics,stressed",medium,high,vernacbridge_general_1000.csv
"startup idea pathi guilt ah irukku, better ah panniruka mudiyum","I feel guilty about the startup idea, I could have done it better",career,guilty,"startup,guilty",medium,high,vernacbridge_general_1000.csv
"resignation letter pathi guilt ah irukku, better ah panniruka mudiyum","I feel guilty about the resignation letter, I could have done it better",career,guilty,"resignation,guilty",medium,high,vernacbridge_general_1000.csv
joint family issue pathi veetla romba tension irukku,There's a lot of tension at home about joint family issue,family,stressed,"joint,stressed",medium,high,vernacbridge_general_1000.csv
"En long distance partner pathi confuse ah irukken, munnadi poganuma nu","I'm confused about my long distance partner, whether to move forward or not",relationship,confused,"long,confused",medium,high,vernacbridge_general_1000.csv
"semester project nalla ah mudinjuduchu, romba santhosama irukku","My semester project went really well, I'm very happy",education,happy,"semester,happy",low,high,vernacbridge_general_1000.csv
"En girlfriend pathi family ku pudikala, romba tension irukku","My family doesn't like my girlfriend, there's a lot of tension",relationship,stressed,"girlfriend,stressed",medium,high,vernacbridge_general_1000.csv
parents expectation ku ellarum koodi irundhadhu romba nalla irundhuchu,Everyone coming together for the parents' expectations felt really nice,family,happy,"parents,happy",low,high,vernacbridge_general_1000.csv
higher studies plan ku romba naala kaathurukken,I've been waiting a long time for this plan for higher studies,career,anxious,"higher,anxious",medium,high,vernacbridge_general_1000.csv
"En marathon training ku romba tired ah irukken, but continue panren","I'm really tired from my marathon training, but I'll keep going",motivation,stressed,"marathon,stressed",medium,high,vernacbridge_general_1000.csv
"En art practice la oru small win kedaichuchu, romba santhosam","I got a small win in my art practice, I'm really happy",motivation,happy,"art,happy",low,high,vernacbridge_general_1000.csv
"En girlfriend ennai ignore pannuranga, romba hurt ah irukku","My girlfriend has been ignoring me, it really hurts",relationship,lonely,"girlfriend,lonely",medium,high,vernacbridge_general_1000.csv
"cricket match pathi enakku onnume theriyala, sollunga","I don't know anything about the cricket match, tell me",daily_conversation,confused,"cricket,confused",low,high,vernacbridge_general_1000.csv
Naan en marathon training ku romba hard work panren,I'm working really hard towards my marathon training,motivation,excited,"marathon,excited",low,high,vernacbridge_general_1000.csv
lab record fail aagiduven nu bayama irukku,I'm scared I might fail my lab record,education,fear,"lab,fear",medium,high,vernacbridge_general_1000.csv
"power cut miss pannitten, adhu kastama irundhuchu","I missed the power cut, that was disappointing",daily_conversation,sad,"power,sad",low,high,vernacbridge_general_1000.csv
En fitness goal ku innum konjam push venum,I need a bit more push for my fitness goal,motivation,stressed,"fitness,stressed",medium,high,vernacbridge_general_1000.csv
festival prep vechu weekend full ah busy ah irundhuchu,"Because of the festival preparation, my whole weekend was busy",daily_conversation,calm,"festival,calm",low,high,vernacbridge_general_1000.csv
festival prep vechu konjam late aayiduchu,Because of the festival preparation I got a bit late,daily_conversation,stressed,"festival,stressed",low,high,vernacbridge_general_1000.csv
"coding assignment nalla ah mudinjuduchu, romba santhosama irukku","My coding assignment went really well, I'm very happy",education,happy,"coding,happy",low,high,vernacbridge_general_1000.csv
Naan work burnout vachi romba struggle panren,I'm really struggling with work burnout,mental_health,stressed,"work,stressed",medium,high,vernacbridge_general_1000.csv
En spouse kooda romba nalla irukken ippo,I'm doing really well with my spouse now,relationship,happy,"spouse,happy",low,high,vernacbridge_general_1000.csv
family trip vishayathula amma appa kooda fight aayiduchu,I had a fight with my parents over the family trip,family,angry,"family,angry",medium,high,vernacbridge_general_1000.csv
internal assessment mudinjadhukku aprom romba relief ah irukku,After finishing my internal assessment I feel really relieved,education,calm,"internal,calm",low,high,vernacbridge_general_1000.csv
"Amma ku high fever vandhuchu, ambulance venum ippove","My mother has high fever, we need an ambulance right now",emergency,fear,"high,fear",high,high,vernacbridge_general_1000.csv
relative's dispute nalla mudiyum nu nambikkai irukku,I have hope that the relative's dispute will turn out well,family,hopeful,"relative's,hopeful",low,high,vernacbridge_general_1000.csv
festival prep pathi kelvi pattu romba curious ah irukken,I heard about the festival preparation and I'm really curious,daily_conversation,excited,"festival,excited",low,high,vernacbridge_general_1000.csv
movie release vechu konjam late aayiduchu,Because of the movie release I got a bit late,daily_conversation,stressed,"movie,stressed",low,high,vernacbridge_general_1000.csv
Naan online quiz pathi romba tension ah irukken,I'm really tense about my online quiz,education,stressed,"online,stressed",medium,high,vernacbridge_general_1000.csv
"En new skill la achievement adaichen, proud ah irukken","I achieved something in my new skill, I feel proud",motivation,happy,"new,happy",low,high,vernacbridge_general_1000.csv
sister marriage pathi veetla romba tension irukku,There's a lot of tension at home about sister's marriage,family,stressed,"sister,stressed",medium,high,vernacbridge_general_1000.csv
"traffic today pathi enna nenaikra, poganuma","What do you think about the traffic today, shall we go",daily_conversation,calm,"traffic,calm",low,high,vernacbridge_general_1000.csv
grocery shopping pathi kelvi pattu romba curious ah irukken,I heard about the grocery shopping and I'm really curious,daily_conversation,excited,"grocery,excited",low,high,vernacbridge_general_1000.csv
"Amma ku severe bleeding vandhuchu, ambulance venum ippove","My mother has severe bleeding, we need an ambulance right now",emergency,fear,"severe,fear",high,high,vernacbridge_general_1000.csv
"sister marriage pathi guilt ah irukku, naan help panna mudiyala","I feel guilty about the sister's marriage, I couldn't help",family,guilty,"sister,guilty",medium,high,vernacbridge_general_1000.csv
model exam pathi enakku innum confuse ah irukku,I'm still confused about my model exam,education,confused,"model,confused",medium,high,vernacbridge_general_1000.csv
internal assessment ku prepare panna time podave illa,I haven't had time to prepare for my internal assessment,education,stressed,"internal,stressed",high,high,vernacbridge_general_1000.csv
"grocery shopping pathi enna nenaikra, poganuma","What do you think about the grocery shopping, shall we go",daily_conversation,calm,"grocery,calm",low,high,vernacbridge_general_1000.csv
"cousin's wedding nalla ah nadanthuchu, ellarum happy ah irundhom","The cousin's wedding went well, everyone was happy",family,happy,"cousin's,happy",low,high,vernacbridge_general_1000.csv
work burnout pathi yaridamum solla mudiyala,I can't tell anyone about my work burnout,mental_health,lonely,"work,lonely",medium,high,vernacbridge_general_1000.csv
"Kozhandhaiku child missing irukku, doctor ku koodithama poganum","My child has missing child, we need to see a doctor immediately",emergency,fear,"child,fear",high,high,vernacbridge_general_1000.csv
"new restaurant pathi enna nenaikra, poganuma","What do you think about the new restaurant, shall we go",daily_conversation,calm,"new,calm",low,high,vernacbridge_general_1000.csv
"social anxiety pathi guilt ah irukku, control panna mudiyala","I feel guilty about social anxiety, I can't seem to control it",mental_health,guilty,"social,guilty",medium,high,vernacbridge_general_1000.csv
"internship offer success aachu, romba excited ah irukken","The internship offer was a success, I'm really excited",career,excited,"internship,excited",low,high,vernacbridge_general_1000.csv
appa retirement vishayathula amma appa kooda fight aayiduchu,I had a fight with my parents over the father's retirement,family,angry,"appa,angry",medium,high,vernacbridge_general_1000.csv
parents expectation nalla mudiyum nu nambikkai irukku,I have hope that the parents' expectations will turn out well,family,hopeful,"parents,hopeful",low,high,vernacbridge_general_1000.csv
performance review ku decide panna mudiyala innum,I still can't decide about my performance review,career,confused,"performance,confused",medium,high,vernacbridge_general_1000.csv
amma health pathi ninachaale sad ah irukku,Thinking about the mother's health makes me feel sad,family,sad,"amma,sad",medium,high,vernacbridge_general_1000.csv
freelance project pathi ippozhum romba angry ah irukken,I'm still really angry about the freelance project,career,angry,"freelance,angry",medium,high,vernacbridge_general_1000.csv
En competitive exam prep pathi motivation completely poachu,My motivation for my competitive exam preparation has completely disappeared,motivation,sad,"competitive,sad",medium,high,vernacbridge_general_1000.csv
joint family issue ku ellarum koodi irundhadhu romba nalla irundhuchu,Everyone coming together for the joint family issue felt really nice,family,happy,"joint,happy",low,high,vernacbridge_general_1000.csv
"cricket match miss pannitten, adhu kastama irundhuchu","I missed the cricket match, that was disappointing",daily_conversation,sad,"cricket,sad",low,high,vernacbridge_general_1000.csv
history record fail aagiduven nu bayama irukku,I'm scared I might fail my history record,education,fear,"history,fear",medium,high,vernacbridge_general_1000.csv
"En college friend turned partner kooda fight aayiduchu, romba sad ah irukku","I had a fight with my close friend turned partner, I feel really sad",relationship,sad,"college,sad",medium,high,vernacbridge_general_1000.csv
En savings goal ku consistency maintain panna kastama irukku,It's hard to stay consistent with my savings goal,motivation,stressed,"savings,stressed",medium,high,vernacbridge_general_1000.csv
"panic attacks konjam kammiya irukku indha vaaram, nalla feel aaguthu","My panic attacks has reduced a bit this week, I feel good",mental_health,calm,"panic,calm",low,high,vernacbridge_general_1000.csv
"En habit building la fail aayiten, but thirumba try panren","I failed at my habit building, but I'll try again",motivation,hopeful,"habit,hopeful",medium,high,vernacbridge_general_1000.csv
"En spouse ennai ignore pannuranga, romba hurt ah irukku","My spouse has been ignoring me, it really hurts",relationship,lonely,"spouse,lonely",medium,high,vernacbridge_general_1000.csv
job application ku romba naala kaathurukken,I've been waiting a long time for this job application,career,anxious,"job,anxious",medium,high,vernacbridge_general_1000.csv
"layoff rumor expect panna maari nadakala, romba sad ah irukken","My layoff round didn't go as I expected, I feel really sad",career,sad,"layoff,sad",medium,high,vernacbridge_general_1000.csv
house renovation pathi enakku bayama irukku,I'm scared about the house renovation,family,fear,"house,fear",medium,high,vernacbridge_general_1000.csv
Naan group presentation pathi romba tension ah irukken,I'm really tense about my group presentation,education,stressed,"group,stressed",medium,high,vernacbridge_general_1000.csv
"gas leak nadanthuchu, yaro udanadiya help pannanum","There's been gas leak, someone needs to help immediately",emergency,fear,"gas,fear",high,high,vernacbridge_general_1000.csv
Naan child missing paathu romba panic aayiduchen,I saw missing child and I panicked completely,emergency,fear,"child,fear",high,high,vernacbridge_general_1000.csv
"English viva results vandhuchu, expect panna maari varala","The results for my English viva came out, not what I expected",education,sad,"English,sad",medium,high,vernacbridge_general_1000.csv
"En art practice ku romba tired ah irukken, but continue panren","I'm really tired from my art practice, but I'll keep going",motivation,stressed,"art,stressed",medium,high,vernacbridge_general_1000.csv
"social anxiety konjam kammiya irukku indha vaaram, nalla feel aaguthu","My social anxiety has reduced a bit this week, I feel good",mental_health,calm,"social,calm",low,high,vernacbridge_general_1000.csv
"relative's dispute nalla ah nadanthuchu, ellarum happy ah irundhom","The relative's dispute went well, everyone was happy",family,happy,"relative's,happy",low,high,vernacbridge_general_1000.csv
"cousin's wedding ku ellarum kudi decide pannom, nalla feel aaguthu","We all decided about the cousin's wedding together, it feels good",family,calm,"cousin's,calm",low,high,vernacbridge_general_1000.csv
"model exam results vandhuchu, expect panna maari varala","The results for my model exam came out, not what I expected",education,sad,"model,sad",medium,high,vernacbridge_general_1000.csv
"En crush kooda long time ah pesave illa, miss aaguthu","I haven't spoken to my crush in a long time, I miss them",relationship,lonely,"crush,lonely",medium,high,vernacbridge_general_1000.csv
grocery shopping romba super ah irundhuchu,The grocery shopping was really great,daily_conversation,excited,"grocery,excited",low,high,vernacbridge_general_1000.csv
En habit building nalla direction la poguthu nu nambikkai irukku,I believe my habit building is heading in a good direction,motivation,hopeful,"habit,hopeful",low,high,vernacbridge_general_1000.csv
"joint family issue ku ellarum kudi decide pannom, nalla feel aaguthu","We all decided about the joint family issue together, it feels good",family,calm,"joint,calm",low,high,vernacbridge_general_1000.csv
low self esteem vandha udane body react panna start aaguthu,"The moment low self esteem hits, my body starts reacting",mental_health,anxious,"low,anxious",high,high,vernacbridge_general_1000.csv
"new restaurant nalla irundhuchu, mood improve aayiduchu","The new restaurant was nice, my mood improved",daily_conversation,happy,"new,happy",low,high,vernacbridge_general_1000.csv
startup idea kku aprom future pathi confidence vandhuchu,"After the startup idea, I feel confident about the future",career,hopeful,"startup,hopeful",low,high,vernacbridge_general_1000.csv
"child missing ku first aid theriyuma yaarukavadhu, urgent ah venum","Does anyone know first aid for missing child, we need it urgently",emergency,fear,"child,fear",high,high,vernacbridge_general_1000.csv
project deadline ku decide panna mudiyala innum,I still can't decide about my project deadline,career,confused,"project,confused",medium,high,vernacbridge_general_1000.csv
online delivery romba super ah irundhuchu,The online delivery was really great,daily_conversation,excited,"online,excited",low,high,vernacbridge_general_1000.csv
"semester project la nalla marks vangiten, romba proud ah irukken","I scored well in my semester project, I'm really proud",education,happy,"semester,happy",low,high,vernacbridge_general_1000.csv
En fiance ah miss panren romba,I really miss my fiance,relationship,lonely,"fiance,lonely",medium,high,vernacbridge_general_1000.csv
"cricket match pathi enna nenaikra, poganuma","What do you think about the cricket match, shall we go",daily_conversation,calm,"cricket,calm",low,high,vernacbridge_general_1000.csv
"model exam ku full ah prepare aayiten, confident ah irukken","I've fully prepared for my model exam, I feel confident",education,hopeful,"model,hopeful",low,high,vernacbridge_general_1000.csv
chemistry practical pathi yosichaale bayama irukku,Just thinking about my chemistry practical scares me,education,fear,"chemistry,fear",medium,high,vernacbridge_general_1000.csv
En fiance kooda romba nalla irukken ippo,I'm doing really well with my fiance now,relationship,happy,"fiance,happy",low,high,vernacbridge_general_1000.csv
"En competitive exam prep ku romba tired ah irukken, but continue panren","I'm really tired from my competitive exam preparation, but I'll keep going",motivation,stressed,"competitive,stressed",medium,high,vernacbridge_general_1000.csv
"thesis submission nalla ah mudinjuduchu, romba santhosama irukku","My thesis submission went really well, I'm very happy",education,happy,"thesis,happy",low,high,vernacbridge_general_1000.csv
"scholarship form ku full ah prepare aayiten, confident ah irukken","I've fully prepared for my scholarship form, I feel confident",education,hopeful,"scholarship,hopeful",low,high,vernacbridge_general_1000.csv
rainy weather pathi ellarum pesikittu irundhanga,Everyone was talking about the rainy weather,daily_conversation,calm,"rainy,calm",low,high,vernacbridge_general_1000.csv
"low self esteem pathi guilt ah irukku, control panna mudiyala","I feel guilty about low self esteem, I can't seem to control it",mental_health,guilty,"low,guilty",medium,high,vernacbridge_general_1000.csv
Naan model exam pathi romba tension ah irukken,I'm really tense about my model exam,education,stressed,"model,stressed",medium,high,vernacbridge_general_1000.csv
cousin's wedding pathi ninachaale sad ah irukku,Thinking about the cousin's wedding makes me feel sad,family,sad,"cousin's,sad",medium,high,vernacbridge_general_1000.csv
"coding assignment la nalla marks vangiten, romba proud ah irukken","I scored well in my coding assignment, I'm really proud",education,happy,"coding,happy",low,high,vernacbridge_general_1000.csv
"promotion round nalla ah poachu, romba happy ah irukken","My promotion round went well, I'm really happy",career,happy,"promotion,happy",low,high,vernacbridge_general_1000.csv
appa retirement nalla mudiyum nu nambikkai irukku,I have hope that the father's retirement will turn out well,family,hopeful,"appa,hopeful",low,high,vernacbridge_general_1000.csv
sister marriage pathi ninachaale sad ah irukku,Thinking about the sister's marriage makes me feel sad,family,sad,"sister,sad",medium,high,vernacbridge_general_1000.csv
"elders decision pathi guilt ah irukku, naan help panna mudiyala","I feel guilty about the elders' decision, I couldn't help",family,guilty,"elders,guilty",medium,high,vernacbridge_general_1000.csv
layoff rumor pathi kettavudan romba stress ah aayiduchu,"The moment I heard about the layoff round, I got really stressed",career,stressed,"layoff,stressed",high,high,vernacbridge_general_1000.csv
"online quiz ku full ah prepare aayiten, confident ah irukken","I've fully prepared for my online quiz, I feel confident",education,hopeful,"online,hopeful",low,high,vernacbridge_general_1000.csv
coding assignment pathi yosichaale bayama irukku,Just thinking about my coding assignment scares me,education,fear,"coding,fear",medium,high,vernacbridge_general_1000.csv
"En ex pathi family ku pudikala, romba tension irukku","My family doesn't like my ex, there's a lot of tension",relationship,stressed,"ex,stressed",medium,high,vernacbridge_general_1000.csv
entrance exam pathi enakku innum confuse ah irukku,I'm still confused about my entrance exam,education,confused,"entrance,confused",medium,high,vernacbridge_general_1000.csv
"house renovation pathi guilt ah irukku, naan help panna mudiyala","I feel guilty about the house renovation, I couldn't help",family,guilty,"house,guilty",medium,high,vernacbridge_general_1000.csv
"En spouse kooda long time ah pesave illa, miss aaguthu","I haven't spoken to my spouse in a long time, I miss them",relationship,lonely,"spouse,lonely",medium,high,vernacbridge_general_1000.csv
Naan en habit building ku romba hard work panren,I'm working really hard towards my habit building,motivation,excited,"habit,excited",low,high,vernacbridge_general_1000.csv
"En weight loss journey la fail aayiten, but thirumba try panren","I failed at my weight loss journey, but I'll try again",motivation,hopeful,"weight,hopeful",medium,high,vernacbridge_general_1000.csv
"family function ku ellarum kudi decide pannom, nalla feel aaguthu","We all decided about the family function together, it feels good",family,calm,"family,calm",low,high,vernacbridge_general_1000.csv
"power cut pathi enna nenaikra, poganuma","What do you think about the power cut, shall we go",daily_conversation,calm,"power,calm",low,high,vernacbridge_general_1000.csv
team lead role pathi ippozhum romba angry ah irukken,I'm still really angry about the team lead role,career,angry,"team,angry",medium,high,vernacbridge_general_1000.csv
work burnout vandha udane body react panna start aaguthu,"The moment work burnout hits, my body starts reacting",mental_health,anxious,"work,anxious",high,high,vernacbridge_general_1000.csv
performance review kku aprom future pathi confidence vandhuchu,"After the performance review, I feel confident about the future",career,hopeful,"performance,hopeful",low,high,vernacbridge_general_1000.csv
"brother's job ku ellarum kudi decide pannom, nalla feel aaguthu","We all decided about the brother's job together, it feels good",family,calm,"brother's,calm",low,high,vernacbridge_general_1000.csv
En partner kooda romba nalla irukken ippo,I'm doing really well with my partner now,relationship,happy,"partner,happy",low,high,vernacbridge_general_1000.csv
work burnout vechu raathiri thoonga mudiyala,Because of work burnout I can't sleep at night,mental_health,anxious,"work,anxious",medium,high,vernacbridge_general_1000.csv
En partner ah miss panren romba,I really miss my partner,relationship,lonely,"partner,lonely",medium,high,vernacbridge_general_1000.csv
En college friend turned partner kitta cheat pannitten nu guilt ah irukku,I feel guilty that I cheated on my close friend turned partner,relationship,guilty,"college,guilty",high,high,vernacbridge_general_1000.csv
"thesis submission la nalla marks vangiten, romba proud ah irukken","I scored well in my thesis submission, I'm really proud",education,happy,"thesis,happy",low,high,vernacbridge_general_1000.csv
"Enakku child missing irukku, urgent ah help pannunga","I have missing child, please help urgently",emergency,fear,"child,fear",high,high,vernacbridge_general_1000.csv
"job interview expect panna maari nadakala, romba sad ah irukken","My job interview didn't go as I expected, I feel really sad",career,sad,"job,sad",medium,high,vernacbridge_general_1000.csv
"En boyfriend kooda fight aayiduchu, romba sad ah irukku","I had a fight with my boyfriend, I feel really sad",relationship,sad,"boyfriend,sad",medium,high,vernacbridge_general_1000.csv
freelance project pathi romba nervous ah irukken,I'm really nervous about my freelance project,career,fear,"freelance,fear",medium,high,vernacbridge_general_1000.csv
salary negotiation ku romba naala kaathurukken,I've been waiting a long time for this salary negotiation,career,anxious,"salary,anxious",medium,high,vernacbridge_general_1000.csv
job interview kku aprom future pathi confidence vandhuchu,"After the job interview, I feel confident about the future",career,hopeful,"job,hopeful",low,high,vernacbridge_general_1000.csv
"En startup dream ku romba tired ah irukken, but continue panren","I'm really tired from my startup dream, but I'll keep going",motivation,stressed,"startup,stressed",medium,high,vernacbridge_general_1000.csv
En long distance partner kitta cheat pannitten nu guilt ah irukku,I feel guilty that I cheated on my long distance partner,relationship,guilty,"long,guilty",high,high,vernacbridge_general_1000.csv
therapy sessions vandha udane body react panna start aaguthu,"The moment therapy sessions hits, my body starts reacting",mental_health,anxious,"therapy,anxious",high,high,vernacbridge_general_1000.csv
cousin's wedding vishayathula amma appa kooda fight aayiduchu,I had a fight with my parents over the cousin's wedding,family,angry,"cousin's,angry",medium,high,vernacbridge_general_1000.csv
"Amma ku road accident vandhuchu, ambulance venum ippove","My mother has road accident, we need an ambulance right now",emergency,fear,"road,fear",high,high,vernacbridge_general_1000.csv
"stroke symptoms pathi ippove call pannunga, delay panna koodathu","Please call about stroke symptoms right now, we can't delay",emergency,fear,"stroke,fear",high,high,vernacbridge_general_1000.csv
En girlfriend kooda romba nalla irukken ippo,I'm doing really well with my girlfriend now,relationship,happy,"girlfriend,happy",low,high,vernacbridge_general_1000.csv
En long distance partner kooda trust issues start aayiduchu,Trust issues have started with my long distance partner,relationship,anxious,"long,anxious",medium,high,vernacbridge_general_1000.csv
"En ex kooda long time ah pesave illa, miss aaguthu","I haven't spoken to my ex in a long time, I miss them",relationship,lonely,"ex,lonely",medium,high,vernacbridge_general_1000.csv
online delivery ku naan innum ready aagala,I'm still not ready for the online delivery,daily_conversation,calm,"online,calm",low,high,vernacbridge_general_1000.csv
En arranged match ah miss panren romba,I really miss my arranged match,relationship,lonely,"arranged,lonely",medium,high,vernacbridge_general_1000.csv
"stroke symptoms nadanthuchu, yaro udanadiya help pannanum","There's been stroke symptoms, someone needs to help immediately",emergency,fear,"stroke,fear",high,high,vernacbridge_general_1000.csv
"grandparents visit pathi guilt ah irukku, naan help panna mudiyala","I feel guilty about the grandparents' visit, I couldn't help",family,guilty,"grandparents,guilty",medium,high,vernacbridge_general_1000.csv
salary negotiation pathi ippozhum romba angry ah irukken,I'm still really angry about the salary negotiation,career,angry,"salary,angry",medium,high,vernacbridge_general_1000.csv
"loneliness ku therapy help pannuchu, konjam better ah irukken","Therapy has been helping with my loneliness, I feel a bit better",mental_health,calm,"loneliness,calm",low,high,vernacbridge_general_1000.csv
neighbor's function pathi kelvi pattu romba curious ah irukken,I heard about the neighbor's function and I'm really curious,daily_conversation,excited,"neighbor's,excited",low,high,vernacbridge_general_1000.csv
guilt over a mistake vandha udane body react panna start aaguthu,"The moment guilt over a mistake hits, my body starts reacting",mental_health,anxious,"guilt,anxious",high,high,vernacbridge_general_1000.csv
"En spouse pathi family ku pudikala, romba tension irukku","My family doesn't like my spouse, there's a lot of tension",relationship,stressed,"spouse,stressed",medium,high,vernacbridge_general_1000.csv
"internship offer pathi guilt ah irukku, better ah panniruka mudiyum","I feel guilty about the internship offer, I could have done it better",career,guilty,"internship,guilty",medium,high,vernacbridge_general_1000.csv
job interview pathi kettavudan romba stress ah aayiduchu,"The moment I heard about the job interview, I got really stressed",career,stressed,"job,stressed",high,high,vernacbridge_general_1000.csv
En girlfriend kitta cheat pannitten nu guilt ah irukku,I feel guilty that I cheated on my girlfriend,relationship,guilty,"girlfriend,guilty",high,high,vernacbridge_general_1000.csv
history record pathi yosichaale bayama irukku,Just thinking about my history record scares me,education,fear,"history,fear",medium,high,vernacbridge_general_1000.csv
joint family issue pathi ninachaale sad ah irukku,Thinking about the joint family issue makes me feel sad,family,sad,"joint,sad",medium,high,vernacbridge_general_1000.csv
brother's job ku ellarum koodi irundhadhu romba nalla irundhuchu,Everyone coming together for the brother's job felt really nice,family,happy,"brother's,happy",low,high,vernacbridge_general_1000.csv
"En partner pathi confuse ah irukken, munnadi poganuma nu","I'm confused about my partner, whether to move forward or not",relationship,confused,"partner,confused",medium,high,vernacbridge_general_1000.csv
"new gadget pathi enna nenaikra, poganuma","What do you think about the new gadget, shall we go",daily_conversation,calm,"new,calm",low,high,vernacbridge_general_1000.csv
"therapy sessions konjam kammiya irukku indha vaaram, nalla feel aaguthu","My therapy sessions has reduced a bit this week, I feel good",mental_health,calm,"therapy,calm",low,high,vernacbridge_general_1000.csv
"sleepless nights ku therapy help pannuchu, konjam better ah irukken","Therapy has been helping with my sleepless nights, I feel a bit better",mental_health,calm,"sleepless,calm",low,high,vernacbridge_general_1000.csv
"En ex propose panniten, yes sonnanga","I proposed to my ex, and they said yes",relationship,excited,"ex,excited",low,high,vernacbridge_general_1000.csv
Naan overthinking vachi romba struggle panren,I'm really struggling with overthinking,mental_health,stressed,"overthinking,stressed",medium,high,vernacbridge_general_1000.csv
client meeting pathi ippozhum romba angry ah irukken,I'm still really angry about the client meeting,career,angry,"client,angry",medium,high,vernacbridge_general_1000.csv
"Enakku breathing trouble irukku, urgent ah help pannunga","I have breathing trouble, please help urgently",emergency,fear,"breathing,fear",high,high,vernacbridge_general_1000.csv
house renovation nalla mudiyum nu nambikkai irukku,I have hope that the house renovation will turn out well,family,hopeful,"house,hopeful",low,high,vernacbridge_general_1000.csv
"allergic reaction ku first aid theriyuma yaarukavadhu, urgent ah venum","Does anyone know first aid for severe allergic reaction, we need it urgently",emergency,fear,"allergic,fear",high,high,vernacbridge_general_1000.csv
home loan vishayam pathi konjam confuse ah irukken,I'm a bit confused about the home loan,family,confused,"home,confused",medium,high,vernacbridge_general_1000.csv
"Appa ku electric shock start aayiduchu, hospital ku poganum urgent ah","My father has started having electric shock, we need to get to the hospital urgently",emergency,fear,"electric,fear",high,high,vernacbridge_general_1000.csv
"higher studies plan expect panna maari nadakala, romba sad ah irukken","My plan for higher studies didn't go as I expected, I feel really sad",career,sad,"higher,sad",medium,high,vernacbridge_general_1000.csv
therapy sessions la irundhu recover aaganum nu try panren,I'm trying to recover from therapy sessions,mental_health,hopeful,"therapy,hopeful",medium,high,vernacbridge_general_1000.csv
layoff rumor pathi ippozhum romba angry ah irukken,I'm still really angry about the layoff round,career,angry,"layoff,angry",medium,high,vernacbridge_general_1000.csv
neighbor's function ku naan innum ready aagala,I'm still not ready for the neighbor's function,daily_conversation,calm,"neighbor's,calm",low,high,vernacbridge_general_1000.csv
"En partner kooda fight aayiduchu, romba sad ah irukku","I had a fight with my partner, I feel really sad",relationship,sad,"partner,sad",medium,high,vernacbridge_general_1000.csv
Naan grief vachi romba struggle panren,I'm really struggling with grief,mental_health,stressed,"grief,stressed",medium,high,vernacbridge_general_1000.csv
chemistry practical ku prepare panna time podave illa,I haven't had time to prepare for my chemistry practical,education,stressed,"chemistry,stressed",high,high,vernacbridge_general_1000.csv
"En long distance partner kooda long time ah pesave illa, miss aaguthu","I haven't spoken to my long distance partner in a long time, I miss them",relationship,lonely,"long,lonely",medium,high,vernacbridge_general_1000.csv
"group presentation la nalla marks vangiten, romba proud ah irukken","I scored well in my group presentation, I'm really proud",education,happy,"group,happy",low,high,vernacbridge_general_1000.csv
"startup idea expect panna maari nadakala, romba sad ah irukken","My startup idea didn't go as I expected, I feel really sad",career,sad,"startup,sad",medium,high,vernacbridge_general_1000.csv
"En girlfriend kooda long time ah pesave illa, miss aaguthu","I haven't spoken to my girlfriend in a long time, I miss them",relationship,lonely,"girlfriend,lonely",medium,high,vernacbridge_general_1000.csv
resignation letter ku romba naala kaathurukken,I've been waiting a long time for this resignation letter,career,anxious,"resignation,anxious",medium,high,vernacbridge_general_1000.csv
En crush ah miss panren romba,I really miss my crush,relationship,lonely,"crush,lonely",medium,high,vernacbridge_general_1000.csv
"layoff rumor nalla ah poachu, romba happy ah irukken","My layoff round went well, I'm really happy",career,happy,"layoff,happy",low,high,vernacbridge_general_1000.csv
appa retirement pathi veetla romba tension irukku,There's a lot of tension at home about father's retirement,family,stressed,"appa,stressed",medium,high,vernacbridge_general_1000.csv
grief pathi yaridamum solla mudiyala,I can't tell anyone about my grief,mental_health,lonely,"grief,lonely",medium,high,vernacbridge_general_1000.csv
performance review pathi romba nervous ah irukken,I'm really nervous about my performance review,career,fear,"performance,fear",medium,high,vernacbridge_general_1000.csv
parents expectation pathi enakku bayama irukku,I'm scared about the parents' expectations,family,fear,"parents,fear",medium,high,vernacbridge_general_1000.csv
traffic today pathi kelvi pattu romba curious ah irukken,I heard about the traffic today and I'm really curious,daily_conversation,excited,"traffic,excited",low,high,vernacbridge_general_1000.csv
promotion round pathi ippozhum romba angry ah irukken,I'm still really angry about the promotion round,career,angry,"promotion,angry",medium,high,vernacbridge_general_1000.csv
En savings goal nalla direction la poguthu nu nambikkai irukku,I believe my savings goal is heading in a good direction,motivation,hopeful,"savings,hopeful",low,high,vernacbridge_general_1000.csv
"festival prep nalla irundhuchu, mood improve aayiduchu","The festival preparation was nice, my mood improved",daily_conversation,happy,"festival,happy",low,high,vernacbridge_general_1000.csv
"chest pain ku first aid theriyuma yaarukavadhu, urgent ah venum","Does anyone know first aid for chest pain, we need it urgently",emergency,fear,"chest,fear",high,high,vernacbridge_general_1000.csv
"neighbor's function miss pannitten, adhu kastama irundhuchu","I missed the neighbor's function, that was disappointing",daily_conversation,sad,"neighbor's,sad",low,high,vernacbridge_general_1000.csv
En competitive exam prep ku consistency maintain panna kastama irukku,It's hard to stay consistent with my competitive exam preparation,motivation,stressed,"competitive,stressed",medium,high,vernacbridge_general_1000.csv
startup idea ku romba naala kaathurukken,I've been waiting a long time for this startup idea,career,anxious,"startup,anxious",medium,high,vernacbridge_general_1000.csv
"group presentation nalla ah mudinjuduchu, romba santhosama irukku","My group presentation went really well, I'm very happy",education,happy,"group,happy",low,high,vernacbridge_general_1000.csv
"En college friend turned partner pathi family ku pudikala, romba tension irukku","My family doesn't like my close friend turned partner, there's a lot of tension",relationship,stressed,"college,stressed",medium,high,vernacbridge_general_1000.csv
elders decision ku ellarum koodi irundhadhu romba nalla irundhuchu,Everyone coming together for the elders' decision felt really nice,family,happy,"elders,happy",low,high,vernacbridge_general_1000.csv
En savings goal ku innum konjam push venum,I need a bit more push for my savings goal,motivation,stressed,"savings,stressed",medium,high,vernacbridge_general_1000.csv
"physics test results vandhuchu, expect panna maari varala","The results for my physics test came out, not what I expected",education,sad,"physics,sad",medium,high,vernacbridge_general_1000.csv
"En partner ennai ignore pannuranga, romba hurt ah irukku","My partner has been ignoring me, it really hurts",relationship,lonely,"partner,lonely",medium,high,vernacbridge_general_1000.csv
rainy weather romba super ah irundhuchu,The rainy weather was really great,daily_conversation,excited,"rainy,excited",low,high,vernacbridge_general_1000.csv
"Kozhandhaiku house fire irukku, doctor ku koodithama poganum","My child has house fire, we need to see a doctor immediately",emergency,fear,"house,fear",high,high,vernacbridge_general_1000.csv
"joint family issue nalla ah nadanthuchu, ellarum happy ah irundhom","The joint family issue went well, everyone was happy",family,happy,"joint,happy",low,high,vernacbridge_general_1000.csv
weekend plan romba super ah irundhuchu,The weekend plan was really great,daily_conversation,excited,"weekend,excited",low,high,vernacbridge_general_1000.csv
"En ex kooda breakup aayiduchu, heartbroken ah irukken","I broke up with my ex, I'm heartbroken",relationship,sad,"ex,sad",medium,high,vernacbridge_general_1000.csv
layoff rumor pathi romba nervous ah irukken,I'm really nervous about my layoff round,career,fear,"layoff,fear",medium,high,vernacbridge_general_1000.csv
sister marriage vishayam pathi konjam confuse ah irukken,I'm a bit confused about the sister's marriage,family,confused,"sister,confused",medium,high,vernacbridge_general_1000.csv
"promotion round pathi guilt ah irukku, better ah panniruka mudiyum","I feel guilty about the promotion round, I could have done it better",career,guilty,"promotion,guilty",medium,high,vernacbridge_general_1000.csv
"work burnout ku therapy help pannuchu, konjam better ah irukken","Therapy has been helping with my work burnout, I feel a bit better",mental_health,calm,"work,calm",low,high,vernacbridge_general_1000.csv
"En crush kooda breakup aayiduchu, heartbroken ah irukken","I broke up with my crush, I'm heartbroken",relationship,sad,"crush,sad",medium,high,vernacbridge_general_1000.csv
"semester project ku full ah prepare aayiten, confident ah irukken","I've fully prepared for my semester project, I feel confident",education,hopeful,"semester,hopeful",low,high,vernacbridge_general_1000.csv
elders decision pathi enakku bayama irukku,I'm scared about the elders' decision,family,fear,"elders,fear",medium,high,vernacbridge_general_1000.csv
Naan breathing trouble paathu romba panic aayiduchen,I saw breathing trouble and I panicked completely,emergency,fear,"breathing,fear",high,high,vernacbridge_general_1000.csv
"weekend plan nalla irundhuchu, mood improve aayiduchu","The weekend plan was nice, my mood improved",daily_conversation,happy,"weekend,happy",low,high,vernacbridge_general_1000.csv
"En fiance ennai ignore pannuranga, romba hurt ah irukku","My fiance has been ignoring me, it really hurts",relationship,lonely,"fiance,lonely",medium,high,vernacbridge_general_1000.csv
group presentation fail aagiduven nu bayama irukku,I'm scared I might fail my group presentation,education,fear,"group,fear",medium,high,vernacbridge_general_1000.csv
brother's job nalla mudiyum nu nambikkai irukku,I have hope that the brother's job will turn out well,family,hopeful,"brother's,hopeful",low,high,vernacbridge_general_1000.csv
physics test ku prepare panna time podave illa,I haven't had time to prepare for my physics test,education,stressed,"physics,stressed",high,high,vernacbridge_general_1000.csv
self doubt vandha udane body react panna start aaguthu,"The moment self doubt hits, my body starts reacting",mental_health,anxious,"self,anxious",high,high,vernacbridge_general_1000.csv
"work burnout pathi guilt ah irukku, control panna mudiyala","I feel guilty about work burnout, I can't seem to control it",mental_health,guilty,"work,guilty",medium,high,vernacbridge_general_1000.csv
appa retirement pathi enakku bayama irukku,I'm scared about the father's retirement,family,fear,"appa,fear",medium,high,vernacbridge_general_1000.csv
grandparents visit vishayam pathi konjam confuse ah irukken,I'm a bit confused about the grandparents' visit,family,confused,"grandparents,confused",medium,high,vernacbridge_general_1000.csv
"En boyfriend kooda breakup aayiduchu, heartbroken ah irukken","I broke up with my boyfriend, I'm heartbroken",relationship,sad,"boyfriend,sad",medium,high,vernacbridge_general_1000.csv
salary negotiation kku aprom future pathi confidence vandhuchu,"After the salary negotiation, I feel confident about the future",career,hopeful,"salary,hopeful",low,high,vernacbridge_general_1000.csv
team lead role ku romba naala kaathurukken,I've been waiting a long time for this team lead role,career,anxious,"team,anxious",medium,high,vernacbridge_general_1000.csv
En partner kooda future pathi romba worry ah irukken,I'm really worried about the future with my partner,relationship,anxious,"partner,anxious",medium,high,vernacbridge_general_1000.csv
semester project mudinjadhukku aprom romba relief ah irukku,After finishing my semester project I feel really relieved,education,calm,"semester,calm",low,high,vernacbridge_general_1000.csv
"family trip nalla ah nadanthuchu, ellarum happy ah irundhom","The family trip went well, everyone was happy",family,happy,"family,happy",low,high,vernacbridge_general_1000.csv
Naan scholarship form pathi romba tension ah irukken,I'm really tense about my scholarship form,education,stressed,"scholarship,stressed",medium,high,vernacbridge_general_1000.csv
"Enakku gas leak irukku, urgent ah help pannunga","I have gas leak, please help urgently",emergency,fear,"gas,fear",high,high,vernacbridge_general_1000.csv
"Kozhandhaiku chest pain irukku, doctor ku koodithama poganum","My child has chest pain, we need to see a doctor immediately",emergency,fear,"chest,fear",high,high,vernacbridge_general_1000.csv
weekend plan pathi ellarum pesikittu irundhanga,Everyone was talking about the weekend plan,daily_conversation,calm,"weekend,calm",low,high,vernacbridge_general_1000.csv
"kid's admission nalla ah nadanthuchu, ellarum happy ah irundhom","The child's school admission went well, everyone was happy",family,happy,"kid's,happy",low,high,vernacbridge_general_1000.csv
family function pathi veetla romba tension irukku,There's a lot of tension at home about family function,family,stressed,"family,stressed",medium,high,vernacbridge_general_1000.csv
client meeting pathi kettavudan romba stress ah aayiduchu,"The moment I heard about the client meeting, I got really stressed",career,stressed,"client,stressed",high,high,vernacbridge_general_1000.csv
self doubt la irundhu recover aaganum nu try panren,I'm trying to recover from self doubt,mental_health,hopeful,"self,hopeful",medium,high,vernacbridge_general_1000.csv
kid's admission pathi enakku bayama irukku,I'm scared about the child's school admission,family,fear,"kid's,fear",medium,high,vernacbridge_general_1000.csv
"client meeting nalla ah poachu, romba happy ah irukken","My client meeting went well, I'm really happy",career,happy,"client,happy",low,high,vernacbridge_general_1000.csv
"sleepless nights konjam kammiya irukku indha vaaram, nalla feel aaguthu","My sleepless nights has reduced a bit this week, I feel good",mental_health,calm,"sleepless,calm",low,high,vernacbridge_general_1000.csv
"Appa ku road accident start aayiduchu, hospital ku poganum urgent ah","My father has started having road accident, we need to get to the hospital urgently",emergency,fear,"road,fear",high,high,vernacbridge_general_1000.csv
"En art practice la fail aayiten, but thirumba try panren","I failed at my art practice, but I'll try again",motivation,hopeful,"art,hopeful",medium,high,vernacbridge_general_1000.csv
"En side hustle la oru small win kedaichuchu, romba santhosam","I got a small win in my side hustle, I'm really happy",motivation,happy,"side,happy",low,high,vernacbridge_general_1000.csv
new restaurant vechu konjam late aayiduchu,Because of the new restaurant I got a bit late,daily_conversation,stressed,"new,stressed",low,high,vernacbridge_general_1000.csv
"thesis submission ku full ah prepare aayiten, confident ah irukken","I've fully prepared for my thesis submission, I feel confident",education,hopeful,"thesis,hopeful",low,high,vernacbridge_general_1000.csv
"En side hustle ku romba tired ah irukken, but continue panren","I'm really tired from my side hustle, but I'll keep going",motivation,stressed,"side,stressed",medium,high,vernacbridge_general_1000.csv
"En fitness goal la fail aayiten, but thirumba try panren","I failed at my fitness goal, but I'll try again",motivation,hopeful,"fitness,hopeful",medium,high,vernacbridge_general_1000.csv
"home loan pathi guilt ah irukku, naan help panna mudiyala","I feel guilty about the home loan, I couldn't help",family,guilty,"home,guilty",medium,high,vernacbridge_general_1000.csv
therapy sessions vechu raathiri thoonga mudiyala,Because of therapy sessions I can't sleep at night,mental_health,anxious,"therapy,anxious",medium,high,vernacbridge_general_1000.csv
exam stress vandha udane body react panna start aaguthu,"The moment exam stress hits, my body starts reacting",mental_health,anxious,"exam,anxious",high,high,vernacbridge_general_1000.csv
"appa retirement ku ellarum kudi decide pannom, nalla feel aaguthu","We all decided about the father's retirement together, it feels good",family,calm,"appa,calm",low,high,vernacbridge_general_1000.csv
coding assignment ku prepare panna time podave illa,I haven't had time to prepare for my coding assignment,education,stressed,"coding,stressed",high,high,vernacbridge_general_1000.csv
Naan internal assessment pathi romba tension ah irukken,I'm really tense about my internal assessment,education,stressed,"internal,stressed",medium,high,vernacbridge_general_1000.csv
elders decision pathi veetla romba tension irukku,There's a lot of tension at home about elders' decision,family,stressed,"elders,stressed",medium,high,vernacbridge_general_1000.csv
"job interview nalla ah poachu, romba happy ah irukken","My job interview went well, I'm really happy",career,happy,"job,happy",low,high,vernacbridge_general_1000.csv
traffic today vechu konjam late aayiduchu,Because of the traffic today I got a bit late,daily_conversation,stressed,"traffic,stressed",low,high,vernacbridge_general_1000.csv
semester project pathi enakku innum confuse ah irukku,I'm still confused about my semester project,education,confused,"semester,confused",medium,high,vernacbridge_general_1000.csv
job interview ku decide panna mudiyala innum,I still can't decide about my job interview,career,confused,"job,confused",medium,high,vernacbridge_general_1000.csv
En side hustle nalla direction la poguthu nu nambikkai irukku,I believe my side hustle is heading in a good direction,motivation,hopeful,"side,hopeful",low,high,vernacbridge_general_1000.csv
"power cut pathi enakku onnume theriyala, sollunga","I don't know anything about the power cut, tell me",daily_conversation,confused,"power,confused",low,high,vernacbridge_general_1000.csv
loneliness la irundhu recover aaganum nu try panren,I'm trying to recover from loneliness,mental_health,hopeful,"loneliness,hopeful",medium,high,vernacbridge_general_1000.csv
joint family issue nalla mudiyum nu nambikkai irukku,I have hope that the joint family issue will turn out well,family,hopeful,"joint,hopeful",low,high,vernacbridge_general_1000.csv
"En girlfriend pathi confuse ah irukken, munnadi poganuma nu","I'm confused about my girlfriend, whether to move forward or not",relationship,confused,"girlfriend,confused",medium,high,vernacbridge_general_1000.csv
"chest pain nadanthuchu, yaro udanadiya help pannanum","There's been chest pain, someone needs to help immediately",emergency,fear,"chest,fear",high,high,vernacbridge_general_1000.csv
"layoff rumor success aachu, romba excited ah irukken","The layoff round was a success, I'm really excited",career,excited,"layoff,excited",low,high,vernacbridge_general_1000.csv
internal assessment pathi yosichaale bayama irukku,Just thinking about my internal assessment scares me,education,fear,"internal,fear",medium,high,vernacbridge_general_1000.csv
"online delivery nalla irundhuchu, mood improve aayiduchu","The online delivery was nice, my mood improved",daily_conversation,happy,"online,happy",low,high,vernacbridge_general_1000.csv
"coding assignment ku full ah prepare aayiten, confident ah irukken","I've fully prepared for my coding assignment, I feel confident",education,hopeful,"coding,hopeful",low,high,vernacbridge_general_1000.csv
freelance project pathi kettavudan romba stress ah aayiduchu,"The moment I heard about the freelance project, I got really stressed",career,stressed,"freelance,stressed",high,high,vernacbridge_general_1000.csv
"Kozhandhaiku snake bite irukku, doctor ku koodithama poganum","My child has snake bite, we need to see a doctor immediately",emergency,fear,"snake,fear",high,high,vernacbridge_general_1000.csv
low self esteem vechu raathiri thoonga mudiyala,Because of low self esteem I can't sleep at night,mental_health,anxious,"low,anxious",medium,high,vernacbridge_general_1000.csv
English viva ku prepare panna time podave illa,I haven't had time to prepare for my English viva,education,stressed,"English,stressed",high,high,vernacbridge_general_1000.csv
"road accident pathi ippove call pannunga, delay panna koodathu","Please call about road accident right now, we can't delay",emergency,fear,"road,fear",high,high,vernacbridge_general_1000.csv
"low self esteem konjam kammiya irukku indha vaaram, nalla feel aaguthu","My low self esteem has reduced a bit this week, I feel good",mental_health,calm,"low,calm",low,high,vernacbridge_general_1000.csv
grief vandha udane body react panna start aaguthu,"The moment grief hits, my body starts reacting",mental_health,anxious,"grief,anxious",high,high,vernacbridge_general_1000.csv
En business plan ku innum konjam push venum,I need a bit more push for my business plan,motivation,stressed,"business,stressed",medium,high,vernacbridge_general_1000.csv
"salary negotiation success aachu, romba excited ah irukken","The salary negotiation was a success, I'm really excited",career,excited,"salary,excited",low,high,vernacbridge_general_1000.csv
"grandparents visit nalla ah nadanthuchu, ellarum happy ah irundhom","The grandparents' visit went well, everyone was happy",family,happy,"grandparents,happy",low,high,vernacbridge_general_1000.csv
"project deadline expect panna maari nadakala, romba sad ah irukken","My project deadline didn't go as I expected, I feel really sad",career,sad,"project,sad",medium,high,vernacbridge_general_1000.csv
"freelance project success aachu, romba excited ah irukken","The freelance project was a success, I'm really excited",career,excited,"freelance,excited",low,high,vernacbridge_general_1000.csv
"higher studies plan success aachu, romba excited ah irukken","The plan for higher studies was a success, I'm really excited",career,excited,"higher,excited",low,high,vernacbridge_general_1000.csv
overthinking vandha udane body react panna start aaguthu,"The moment overthinking hits, my body starts reacting",mental_health,anxious,"overthinking,anxious",high,high,vernacbridge_general_1000.csv
"Kozhandhaiku road accident irukku, doctor ku koodithama poganum","My child has road accident, we need to see a doctor immediately",emergency,fear,"road,fear",high,high,vernacbridge_general_1000.csv
thesis submission mudinjadhukku aprom romba relief ah irukku,After finishing my thesis submission I feel really relieved,education,calm,"thesis,calm",low,high,vernacbridge_general_1000.csv
scholarship form fail aagiduven nu bayama irukku,I'm scared I might fail my scholarship form,education,fear,"scholarship,fear",medium,high,vernacbridge_general_1000.csv
social anxiety la irundhu recover aaganum nu try panren,I'm trying to recover from social anxiety,mental_health,hopeful,"social,hopeful",medium,high,vernacbridge_general_1000.csv
"internal assessment la nalla marks vangiten, romba proud ah irukken","I scored well in my internal assessment, I'm really proud",education,happy,"internal,happy",low,high,vernacbridge_general_1000.csv
thesis submission pathi enakku innum confuse ah irukku,I'm still confused about my thesis submission,education,confused,"thesis,confused",medium,high,vernacbridge_general_1000.csv
"amma health pathi guilt ah irukku, naan help panna mudiyala","I feel guilty about the mother's health, I couldn't help",family,guilty,"amma,guilty",medium,high,vernacbridge_general_1000.csv
"Enakku house fire irukku, urgent ah help pannunga","I have house fire, please help urgently",emergency,fear,"house,fear",high,high,vernacbridge_general_1000.csv
maths exam fail aagiduven nu bayama irukku,I'm scared I might fail my math exam,education,fear,"maths,fear",medium,high,vernacbridge_general_1000.csv
"house fire ku first aid theriyuma yaarukavadhu, urgent ah venum","Does anyone know first aid for house fire, we need it urgently",emergency,fear,"house,fear",high,high,vernacbridge_general_1000.csv
amma health ku ellarum koodi irundhadhu romba nalla irundhuchu,Everyone coming together for the mother's health felt really nice,family,happy,"amma,happy",low,high,vernacbridge_general_1000.csv
"En college friend turned partner kooda long time ah pesave illa, miss aaguthu","I haven't spoken to my close friend turned partner in a long time, I miss them",relationship,lonely,"college,lonely",medium,high,vernacbridge_general_1000.csv
"grocery shopping nalla irundhuchu, mood improve aayiduchu","The grocery shopping was nice, my mood improved",daily_conversation,happy,"grocery,happy",low,high,vernacbridge_general_1000.csv
"En marathon training la achievement adaichen, proud ah irukken","I achieved something in my marathon training, I feel proud",motivation,happy,"marathon,happy",low,high,vernacbridge_general_1000.csv
"startup idea nalla ah poachu, romba happy ah irukken","My startup idea went well, I'm really happy",career,happy,"startup,happy",low,high,vernacbridge_general_1000.csv
house renovation vishayam pathi konjam confuse ah irukken,I'm a bit confused about the house renovation,family,confused,"house,confused",medium,high,vernacbridge_general_1000.csv
"Amma ku stroke symptoms vandhuchu, ambulance venum ippove","My mother has stroke symptoms, we need an ambulance right now",emergency,fear,"stroke,fear",high,high,vernacbridge_general_1000.csv
"En marathon training la fail aayiten, but thirumba try panren","I failed at my marathon training, but I'll try again",motivation,hopeful,"marathon,hopeful",medium,high,vernacbridge_general_1000.csv
grandparents visit nalla mudiyum nu nambikkai irukku,I have hope that the grandparents' visit will turn out well,family,hopeful,"grandparents,hopeful",low,high,vernacbridge_general_1000.csv
overthinking la irundhu recover aaganum nu try panren,I'm trying to recover from overthinking,mental_health,hopeful,"overthinking,hopeful",medium,high,vernacbridge_general_1000.csv
social anxiety vechu raathiri thoonga mudiyala,Because of social anxiety I can't sleep at night,mental_health,anxious,"social,anxious",medium,high,vernacbridge_general_1000.csv
En fiance kitta cheat pannitten nu guilt ah irukku,I feel guilty that I cheated on my fiance,relationship,guilty,"fiance,guilty",high,high,vernacbridge_general_1000.csv
En language learning ku consistency maintain panna kastama irukku,It's hard to stay consistent with my language learning,motivation,stressed,"language,stressed",medium,high,vernacbridge_general_1000.csv
En college friend turned partner kooda trust issues start aayiduchu,Trust issues have started with my close friend turned partner,relationship,anxious,"college,anxious",medium,high,vernacbridge_general_1000.csv
"lab record ku full ah prepare aayiten, confident ah irukken","I've fully prepared for my lab record, I feel confident",education,hopeful,"lab,hopeful",low,high,vernacbridge_general_1000.csv
thesis submission ku prepare panna time podave illa,I haven't had time to prepare for my thesis submission,education,stressed,"thesis,stressed",high,high,vernacbridge_general_1000.csv
"En fitness goal la achievement adaichen, proud ah irukken","I achieved something in my fitness goal, I feel proud",motivation,happy,"fitness,happy",low,high,vernacbridge_general_1000.csv
"Amma ku child missing vandhuchu, ambulance venum ippove","My mother has missing child, we need an ambulance right now",emergency,fear,"child,fear",high,high,vernacbridge_general_1000.csv
maths exam mudinjadhukku aprom romba relief ah irukku,After finishing my math exam I feel really relieved,education,calm,"maths,calm",low,high,vernacbridge_general_1000.csv
"lab record results vandhuchu, expect panna maari varala","The results for my lab record came out, not what I expected",education,sad,"lab,sad",medium,high,vernacbridge_general_1000.csv
En business plan pathi motivation completely poachu,My motivation for my business plan has completely disappeared,motivation,sad,"business,sad",medium,high,vernacbridge_general_1000.csv
"En boyfriend ennai ignore pannuranga, romba hurt ah irukku","My boyfriend has been ignoring me, it really hurts",relationship,lonely,"boyfriend,lonely",medium,high,vernacbridge_general_1000.csv
amma health nalla mudiyum nu nambikkai irukku,I have hope that the mother's health will turn out well,family,hopeful,"amma,hopeful",low,high,vernacbridge_general_1000.csv
"internal assessment results vandhuchu, expect panna maari varala","The results for my internal assessment came out, not what I expected",education,sad,"internal,sad",medium,high,vernacbridge_general_1000.csv
"child missing nadanthuchu, yaro udanadiya help pannanum","There's been missing child, someone needs to help immediately",emergency,fear,"child,fear",high,high,vernacbridge_general_1000.csv
En art practice ku innum konjam push venum,I need a bit more push for my art practice,motivation,stressed,"art,stressed",medium,high,vernacbridge_general_1000.csv
office transfer kku aprom future pathi confidence vandhuchu,"After the office transfer, I feel confident about the future",career,hopeful,"office,hopeful",low,high,vernacbridge_general_1000.csv
panic attacks vandha udane body react panna start aaguthu,"The moment panic attacks hits, my body starts reacting",mental_health,anxious,"panic,anxious",high,high,vernacbridge_general_1000.csv
"salary negotiation pathi guilt ah irukku, better ah panniruka mudiyum","I feel guilty about the salary negotiation, I could have done it better",career,guilty,"salary,guilty",medium,high,vernacbridge_general_1000.csv
layoff rumor ku romba naala kaathurukken,I've been waiting a long time for this layoff round,career,anxious,"layoff,anxious",medium,high,vernacbridge_general_1000.csv
Naan house fire paathu romba panic aayiduchen,I saw house fire and I panicked completely,emergency,fear,"house,fear",high,high,vernacbridge_general_1000.csv
"En long distance partner kooda fight aayiduchu, romba sad ah irukku","I had a fight with my long distance partner, I feel really sad",relationship,sad,"long,sad",medium,high,vernacbridge_general_1000.csv
En fitness goal nalla direction la poguthu nu nambikkai irukku,I believe my fitness goal is heading in a good direction,motivation,hopeful,"fitness,hopeful",low,high,vernacbridge_general_1000.csv
"severe bleeding pathi ippove call pannunga, delay panna koodathu","Please call about severe bleeding right now, we can't delay",emergency,fear,"severe,fear",high,high,vernacbridge_general_1000.csv
Naan guilt over a mistake vachi romba struggle panren,I'm really struggling with guilt over a mistake,mental_health,stressed,"guilt,stressed",medium,high,vernacbridge_general_1000.csv
entrance exam pathi yosichaale bayama irukku,Just thinking about my entrance exam scares me,education,fear,"entrance,fear",medium,high,vernacbridge_general_1000.csv
Naan coding assignment pathi romba tension ah irukken,I'm really tense about my coding assignment,education,stressed,"coding,stressed",medium,high,vernacbridge_general_1000.csv
En weight loss journey nalla direction la poguthu nu nambikkai irukku,I believe my weight loss journey is heading in a good direction,motivation,hopeful,"weight,hopeful",low,high,vernacbridge_general_1000.csv
En competitive exam prep pathi self doubt varudhu,I have self doubt about my competitive exam preparation,motivation,confused,"competitive,confused",medium,high,vernacbridge_general_1000.csv
"breathing trouble pathi ippove call pannunga, delay panna koodathu","Please call about breathing trouble right now, we can't delay",emergency,fear,"breathing,fear",high,high,vernacbridge_general_1000.csv
"En startup dream la oru small win kedaichuchu, romba santhosam","I got a small win in my startup dream, I'm really happy",motivation,happy,"startup,happy",low,high,vernacbridge_general_1000.csv
model exam ku prepare panna time podave illa,I haven't had time to prepare for my model exam,education,stressed,"model,stressed",high,high,vernacbridge_general_1000.csv
relative's dispute vishayathula amma appa kooda fight aayiduchu,I had a fight with my parents over the relative's dispute,family,angry,"relative's,angry",medium,high,vernacbridge_general_1000.csv
office transfer pathi romba nervous ah irukken,I'm really nervous about my office transfer,career,fear,"office,fear",medium,high,vernacbridge_general_1000.csv
"cricket match nalla irundhuchu, mood improve aayiduchu","The cricket match was nice, my mood improved",daily_conversation,happy,"cricket,happy",low,high,vernacbridge_general_1000.csv
"En weight loss journey ku romba tired ah irukken, but continue panren","I'm really tired from my weight loss journey, but I'll keep going",motivation,stressed,"weight,stressed",medium,high,vernacbridge_general_1000.csv
"chest pain pathi ippove call pannunga, delay panna koodathu","Please call about chest pain right now, we can't delay",emergency,fear,"chest,fear",high,high,vernacbridge_general_1000.csv
resignation letter pathi romba nervous ah irukken,I'm really nervous about my resignation letter,career,fear,"resignation,fear",medium,high,vernacbridge_general_1000.csv
entrance exam ku prepare panna time podave illa,I haven't had time to prepare for my entrance exam,education,stressed,"entrance,stressed",high,high,vernacbridge_general_1000.csv
"En fiance kooda long time ah pesave illa, miss aaguthu","I haven't spoken to my fiance in a long time, I miss them",relationship,lonely,"fiance,lonely",medium,high,vernacbridge_general_1000.csv
"Amma ku gas leak vandhuchu, ambulance venum ippove","My mother has gas leak, we need an ambulance right now",emergency,fear,"gas,fear",high,high,vernacbridge_general_1000.csv
online delivery pathi ellarum pesikittu irundhanga,Everyone was talking about the online delivery,daily_conversation,calm,"online,calm",low,high,vernacbridge_general_1000.csv
"neighbor's function nalla irundhuchu, mood improve aayiduchu","The neighbor's function was nice, my mood improved",daily_conversation,happy,"neighbor's,happy",low,high,vernacbridge_general_1000.csv
En fiance kooda trust issues start aayiduchu,Trust issues have started with my fiance,relationship,anxious,"fiance,anxious",medium,high,vernacbridge_general_1000.csv
"En crush pathi confuse ah irukken, munnadi poganuma nu","I'm confused about my crush, whether to move forward or not",relationship,confused,"crush,confused",medium,high,vernacbridge_general_1000.csv
"panic attacks ku therapy help pannuchu, konjam better ah irukken","Therapy has been helping with my panic attacks, I feel a bit better",mental_health,calm,"panic,calm",low,high,vernacbridge_general_1000.csv
"electric shock nadanthuchu, yaro udanadiya help pannanum","There's been electric shock, someone needs to help immediately",emergency,fear,"electric,fear",high,high,vernacbridge_general_1000.csv
English viva fail aagiduven nu bayama irukku,I'm scared I might fail my English viva,education,fear,"English,fear",medium,high,vernacbridge_general_1000.csv
"sister marriage nalla ah nadanthuchu, ellarum happy ah irundhom","The sister's marriage went well, everyone was happy",family,happy,"sister,happy",low,high,vernacbridge_general_1000.csv
weekend plan pathi kelvi pattu romba curious ah irukken,I heard about the weekend plan and I'm really curious,daily_conversation,excited,"weekend,excited",low,high,vernacbridge_general_1000.csv
"En college friend turned partner kooda breakup aayiduchu, heartbroken ah irukken","I broke up with my close friend turned partner, I'm heartbroken",relationship,sad,"college,sad",medium,high,vernacbridge_general_1000.csv
"En competitive exam prep la oru small win kedaichuchu, romba santhosam","I got a small win in my competitive exam preparation, I'm really happy",motivation,happy,"competitive,happy",low,high,vernacbridge_general_1000.csv
"power cut nalla irundhuchu, mood improve aayiduchu","The power cut was nice, my mood improved",daily_conversation,happy,"power,happy",low,high,vernacbridge_general_1000.csv
team lead role ku decide panna mudiyala innum,I still can't decide about my team lead role,career,confused,"team,confused",medium,high,vernacbridge_general_1000.csv
amma health vishayathula amma appa kooda fight aayiduchu,I had a fight with my parents over the mother's health,family,angry,"amma,angry",medium,high,vernacbridge_general_1000.csv
"grocery shopping miss pannitten, adhu kastama irundhuchu","I missed the grocery shopping, that was disappointing",daily_conversation,sad,"grocery,sad",low,high,vernacbridge_general_1000.csv
"job interview success aachu, romba excited ah irukken","The job interview was a success, I'm really excited",career,excited,"job,excited",low,high,vernacbridge_general_1000.csv
En ex kooda romba nalla irukken ippo,I'm doing really well with my ex now,relationship,happy,"ex,happy",low,high,vernacbridge_general_1000.csv
"En arranged match pathi family ku pudikala, romba tension irukku","My family doesn't like my arranged match, there's a lot of tension",relationship,stressed,"arranged,stressed",medium,high,vernacbridge_general_1000.csv
"sleepless nights pathi guilt ah irukku, control panna mudiyala","I feel guilty about sleepless nights, I can't seem to control it",mental_health,guilty,"sleepless,guilty",medium,high,vernacbridge_general_1000.csv
startup idea ku decide panna mudiyala innum,I still can't decide about my startup idea,career,confused,"startup,confused",medium,high,vernacbridge_general_1000.csv
En boyfriend ah miss panren romba,I really miss my boyfriend,relationship,lonely,"boyfriend,lonely",medium,high,vernacbridge_general_1000.csv
"rainy weather pathi enna nenaikra, poganuma","What do you think about the rainy weather, shall we go",daily_conversation,calm,"rainy,calm",low,high,vernacbridge_general_1000.csv
maths exam ku prepare panna time podave illa,I haven't had time to prepare for my math exam,education,stressed,"maths,stressed",high,high,vernacbridge_general_1000.csv
Naan electric shock paathu romba panic aayiduchen,I saw electric shock and I panicked completely,emergency,fear,"electric,fear",high,high,vernacbridge_general_1000.csv
"performance review success aachu, romba excited ah irukken","The performance review was a success, I'm really excited",career,excited,"performance,excited",low,high,vernacbridge_general_1000.csv
cricket match pathi ellarum pesikittu irundhanga,Everyone was talking about the cricket match,daily_conversation,calm,"cricket,calm",low,high,vernacbridge_general_1000.csv
"house fire pathi ippove call pannunga, delay panna koodathu","Please call about house fire right now, we can't delay",emergency,fear,"house,fear",high,high,vernacbridge_general_1000.csv
"project deadline success aachu, romba excited ah irukken","The project deadline was a success, I'm really excited",career,excited,"project,excited",low,high,vernacbridge_general_1000.csv
"En crush ennai ignore pannuranga, romba hurt ah irukku","My crush has been ignoring me, it really hurts",relationship,lonely,"crush,lonely",medium,high,vernacbridge_general_1000.csv
traffic today pathi ellarum pesikittu irundhanga,Everyone was talking about the traffic today,daily_conversation,calm,"traffic,calm",low,high,vernacbridge_general_1000.csv
"new restaurant miss pannitten, adhu kastama irundhuchu","I missed the new restaurant, that was disappointing",daily_conversation,sad,"new,sad",low,high,vernacbridge_general_1000.csv
promotion round pathi romba nervous ah irukken,I'm really nervous about my promotion round,career,fear,"promotion,fear",medium,high,vernacbridge_general_1000.csv
office transfer ku decide panna mudiyala innum,I still can't decide about my office transfer,career,confused,"office,confused",medium,high,vernacbridge_general_1000.csv
grief vechu raathiri thoonga mudiyala,Because of grief I can't sleep at night,mental_health,anxious,"grief,anxious",medium,high,vernacbridge_general_1000.csv
"physics test ku full ah prepare aayiten, confident ah irukken","I've fully prepared for my physics test, I feel confident",education,hopeful,"physics,hopeful",low,high,vernacbridge_general_1000.csv
En college friend turned partner kooda future pathi romba worry ah irukken,I'm really worried about the future with my close friend turned partner,relationship,anxious,"college,anxious",medium,high,vernacbridge_general_1000.csv
En language learning ku innum konjam push venum,I need a bit more push for my language learning,motivation,stressed,"language,stressed",medium,high,vernacbridge_general_1000.csv
"English viva nalla ah mudinjuduchu, romba santhosama irukku","My English viva went really well, I'm very happy",education,happy,"English,happy",low,high,vernacbridge_general_1000.csv
weekend plan ku naan innum ready aagala,I'm still not ready for the weekend plan,daily_conversation,calm,"weekend,calm",low,high,vernacbridge_general_1000.csv
"En arranged match propose panniten, yes sonnanga","I proposed to my arranged match, and they said yes",relationship,excited,"arranged,excited",low,high,vernacbridge_general_1000.csv
En girlfriend ah miss panren romba,I really miss my girlfriend,relationship,lonely,"girlfriend,lonely",medium,high,vernacbridge_general_1000.csv
"lab record la nalla marks vangiten, romba proud ah irukken","I scored well in my lab record, I'm really proud",education,happy,"lab,happy",low,high,vernacbridge_general_1000.csv
"internship offer expect panna maari nadakala, romba sad ah irukken","My internship offer didn't go as I expected, I feel really sad",career,sad,"internship,sad",medium,high,vernacbridge_general_1000.csv
"electric shock ku first aid theriyuma yaarukavadhu, urgent ah venum","Does anyone know first aid for electric shock, we need it urgently",emergency,fear,"electric,fear",high,high,vernacbridge_general_1000.csv
"traffic today pathi enakku onnume theriyala, sollunga","I don't know anything about the traffic today, tell me",daily_conversation,confused,"traffic,confused",low,high,vernacbridge_general_1000.csv
client meeting ku romba naala kaathurukken,I've been waiting a long time for this client meeting,career,anxious,"client,anxious",medium,high,vernacbridge_general_1000.csv
"high fever pathi ippove call pannunga, delay panna koodathu","Please call about high fever right now, we can't delay",emergency,fear,"high,fear",high,high,vernacbridge_general_1000.csv
online quiz pathi yosichaale bayama irukku,Just thinking about my online quiz scares me,education,fear,"online,fear",medium,high,vernacbridge_general_1000.csv
"loneliness pathi guilt ah irukku, control panna mudiyala","I feel guilty about loneliness, I can't seem to control it",mental_health,guilty,"loneliness,guilty",medium,high,vernacbridge_general_1000.csv
Naan chest pain paathu romba panic aayiduchen,I saw chest pain and I panicked completely,emergency,fear,"chest,fear",high,high,vernacbridge_general_1000.csv
new restaurant pathi ellarum pesikittu irundhanga,Everyone was talking about the new restaurant,daily_conversation,calm,"new,calm",low,high,vernacbridge_general_1000.csv
sleepless nights pathi yaridamum solla mudiyala,I can't tell anyone about my sleepless nights,mental_health,lonely,"sleepless,lonely",medium,high,vernacbridge_general_1000.csv
internship offer kku aprom future pathi confidence vandhuchu,"After the internship offer, I feel confident about the future",career,hopeful,"internship,hopeful",low,high,vernacbridge_general_1000.csv
"scholarship form nalla ah mudinjuduchu, romba santhosama irukku","My scholarship form went really well, I'm very happy",education,happy,"scholarship,happy",low,high,vernacbridge_general_1000.csv
family function nalla mudiyum nu nambikkai irukku,I have hope that the family function will turn out well,family,hopeful,"family,hopeful",low,high,vernacbridge_general_1000.csv
relative's dispute pathi enakku bayama irukku,I'm scared about the relative's dispute,family,fear,"relative's,fear",medium,high,vernacbridge_general_1000.csv
history record ku prepare panna time podave illa,I haven't had time to prepare for my history record,education,stressed,"history,stressed",high,high,vernacbridge_general_1000.csv
Naan thesis submission pathi romba tension ah irukken,I'm really tense about my thesis submission,education,stressed,"thesis,stressed",medium,high,vernacbridge_general_1000.csv
"En language learning la fail aayiten, but thirumba try panren","I failed at my language learning, but I'll try again",motivation,hopeful,"language,hopeful",medium,high,vernacbridge_general_1000.csv
"En language learning ku romba tired ah irukken, but continue panren","I'm really tired from my language learning, but I'll keep going",motivation,stressed,"language,stressed",medium,high,vernacbridge_general_1000.csv
"En habit building ku romba tired ah irukken, but continue panren","I'm really tired from my habit building, but I'll keep going",motivation,stressed,"habit,stressed",medium,high,vernacbridge_general_1000.csv
"English viva ku full ah prepare aayiten, confident ah irukken","I've fully prepared for my English viva, I feel confident",education,hopeful,"English,hopeful",low,high,vernacbridge_general_1000.csv
En partner kooda trust issues start aayiduchu,Trust issues have started with my partner,relationship,anxious,"partner,anxious",medium,high,vernacbridge_general_1000.csv
kid's admission pathi veetla romba tension irukku,There's a lot of tension at home about child's school admission,family,stressed,"kid's,stressed",medium,high,vernacbridge_general_1000.csv
new gadget pathi ellarum pesikittu irundhanga,Everyone was talking about the new gadget,daily_conversation,calm,"new,calm",low,high,vernacbridge_general_1000.csv
home loan pathi enakku bayama irukku,I'm scared about the home loan,family,fear,"home,fear",medium,high,vernacbridge_general_1000.csv
"elders decision nalla ah nadanthuchu, ellarum happy ah irundhom","The elders' decision went well, everyone was happy",family,happy,"elders,happy",low,high,vernacbridge_general_1000.csv
En side hustle ku consistency maintain panna kastama irukku,It's hard to stay consistent with my side hustle,motivation,stressed,"side,stressed",medium,high,vernacbridge_general_1000.csv
"low self esteem ku therapy help pannuchu, konjam better ah irukken","Therapy has been helping with my low self esteem, I feel a bit better",mental_health,calm,"low,calm",low,high,vernacbridge_general_1000.csv
group presentation pathi enakku innum confuse ah irukku,I'm still confused about my group presentation,education,confused,"group,confused",medium,high,vernacbridge_general_1000.csv
resignation letter kku aprom future pathi confidence vandhuchu,"After the resignation letter, I feel confident about the future",career,hopeful,"resignation,hopeful",low,high,vernacbridge_general_1000.csv
"relative's dispute pathi guilt ah irukku, naan help panna mudiyala","I feel guilty about the relative's dispute, I couldn't help",family,guilty,"relative's,guilty",medium,high,vernacbridge_general_1000.csv
traffic today romba super ah irundhuchu,The traffic today was really great,daily_conversation,excited,"traffic,excited",low,high,vernacbridge_general_1000.csv
"office transfer success aachu, romba excited ah irukken","The office transfer was a success, I'm really excited",career,excited,"office,excited",low,high,vernacbridge_general_1000.csv
"En partner kooda long time ah pesave illa, miss aaguthu","I haven't spoken to my partner in a long time, I miss them",relationship,lonely,"partner,lonely",medium,high,vernacbridge_general_1000.csv
Naan en competitive exam prep ku romba hard work panren,I'm working really hard towards my competitive exam preparation,motivation,excited,"competitive,excited",low,high,vernacbridge_general_1000.csv
En startup dream ku consistency maintain panna kastama irukku,It's hard to stay consistent with my startup dream,motivation,stressed,"startup,stressed",medium,high,vernacbridge_general_1000.csv
"internal assessment ku full ah prepare aayiten, confident ah irukken","I've fully prepared for my internal assessment, I feel confident",education,hopeful,"internal,hopeful",low,high,vernacbridge_general_1000.csv
"new gadget nalla irundhuchu, mood improve aayiduchu","The new gadget was nice, my mood improved",daily_conversation,happy,"new,happy",low,high,vernacbridge_general_1000.csv
"project deadline pathi guilt ah irukku, better ah panniruka mudiyum","I feel guilty about the project deadline, I could have done it better",career,guilty,"project,guilty",medium,high,vernacbridge_general_1000.csv
"rainy weather pathi enakku onnume theriyala, sollunga","I don't know anything about the rainy weather, tell me",daily_conversation,confused,"rainy,confused",low,high,vernacbridge_general_1000.csv
En habit building pathi motivation completely poachu,My motivation for my habit building has completely disappeared,motivation,sad,"habit,sad",medium,high,vernacbridge_general_1000.csv
"freelance project expect panna maari nadakala, romba sad ah irukken","My freelance project didn't go as I expected, I feel really sad",career,sad,"freelance,sad",medium,high,vernacbridge_general_1000.csv
office transfer pathi kettavudan romba stress ah aayiduchu,"The moment I heard about the office transfer, I got really stressed",career,stressed,"office,stressed",high,high,vernacbridge_general_1000.csv
En spouse kooda trust issues start aayiduchu,Trust issues have started with my spouse,relationship,anxious,"spouse,anxious",medium,high,vernacbridge_general_1000.csv
new gadget romba super ah irundhuchu,The new gadget was really great,daily_conversation,excited,"new,excited",low,high,vernacbridge_general_1000.csv
brother's job vishayam pathi konjam confuse ah irukken,I'm a bit confused about the brother's job,family,confused,"brother's,confused",medium,high,vernacbridge_general_1000.csv
"Enakku snake bite irukku, urgent ah help pannunga","I have snake bite, please help urgently",emergency,fear,"snake,fear",high,high,vernacbridge_general_1000.csv
history record mudinjadhukku aprom romba relief ah irukku,After finishing my history record I feel really relieved,education,calm,"history,calm",low,high,vernacbridge_general_1000.csv
"Appa ku snake bite start aayiduchu, hospital ku poganum urgent ah","My father has started having snake bite, we need to get to the hospital urgently",emergency,fear,"snake,fear",high,high,vernacbridge_general_1000.csv
Naan history record pathi romba tension ah irukken,I'm really tense about my history record,education,stressed,"history,stressed",medium,high,vernacbridge_general_1000.csv
"En savings goal la achievement adaichen, proud ah irukken","I achieved something in my savings goal, I feel proud",motivation,happy,"savings,happy",low,high,vernacbridge_general_1000.csv
cricket match ku naan innum ready aagala,I'm still not ready for the cricket match,daily_conversation,calm,"cricket,calm",low,high,vernacbridge_general_1000.csv
lab record ku prepare panna time podave illa,I haven't had time to prepare for my lab record,education,stressed,"lab,stressed",high,high,vernacbridge_general_1000.csv
"maths exam la nalla marks vangiten, romba proud ah irukken","I scored well in my math exam, I'm really proud",education,happy,"maths,happy",low,high,vernacbridge_general_1000.csv
"loneliness konjam kammiya irukku indha vaaram, nalla feel aaguthu","My loneliness has reduced a bit this week, I feel good",mental_health,calm,"loneliness,calm",low,high,vernacbridge_general_1000.csv
online delivery pathi kelvi pattu romba curious ah irukken,I heard about the online delivery and I'm really curious,daily_conversation,excited,"online,excited",low,high,vernacbridge_general_1000.csv
"job application expect panna maari nadakala, romba sad ah irukken","My job application didn't go as I expected, I feel really sad",career,sad,"job,sad",medium,high,vernacbridge_general_1000.csv
"En arranged match kooda breakup aayiduchu, heartbroken ah irukken","I broke up with my arranged match, I'm heartbroken",relationship,sad,"arranged,sad",medium,high,vernacbridge_general_1000.csv
En weight loss journey pathi self doubt varudhu,I have self doubt about my weight loss journey,motivation,confused,"weight,confused",medium,high,vernacbridge_general_1000.csv
"chemistry practical nalla ah mudinjuduchu, romba santhosama irukku","My chemistry practical went really well, I'm very happy",education,happy,"chemistry,happy",low,high,vernacbridge_general_1000.csv
"high fever nadanthuchu, yaro udanadiya help pannanum","There's been high fever, someone needs to help immediately",emergency,fear,"high,fear",high,high,vernacbridge_general_1000.csv
job application pathi romba nervous ah irukken,I'm really nervous about my job application,career,fear,"job,fear",medium,high,vernacbridge_general_1000.csv
internship offer pathi kettavudan romba stress ah aayiduchu,"The moment I heard about the internship offer, I got really stressed",career,stressed,"internship,stressed",high,high,vernacbridge_general_1000.csv
model exam pathi yosichaale bayama irukku,Just thinking about my model exam scares me,education,fear,"model,fear",medium,high,vernacbridge_general_1000.csv
En boyfriend kooda romba nalla irukken ippo,I'm doing really well with my boyfriend now,relationship,happy,"boyfriend,happy",low,high,vernacbridge_general_1000.csv
En spouse kooda future pathi romba worry ah irukken,I'm really worried about the future with my spouse,relationship,anxious,"spouse,anxious",medium,high,vernacbridge_general_1000.csv
elders decision vishayam pathi konjam confuse ah irukken,I'm a bit confused about the elders' decision,family,confused,"elders,confused",medium,high,vernacbridge_general_1000.csv
"neighbor's function pathi enakku onnume theriyala, sollunga","I don't know anything about the neighbor's function, tell me",daily_conversation,confused,"neighbor's,confused",low,high,vernacbridge_general_1000.csv
guilt over a mistake pathi yaridamum solla mudiyala,I can't tell anyone about my guilt over a mistake,mental_health,lonely,"guilt,lonely",medium,high,vernacbridge_general_1000.csv
En habit building ku innum konjam push venum,I need a bit more push for my habit building,motivation,stressed,"habit,stressed",medium,high,vernacbridge_general_1000.csv
"Kozhandhaiku severe bleeding irukku, doctor ku koodithama poganum","My child has severe bleeding, we need to see a doctor immediately",emergency,fear,"severe,fear",high,high,vernacbridge_general_1000.csv
appa retirement ku ellarum koodi irundhadhu romba nalla irundhuchu,Everyone coming together for the father's retirement felt really nice,family,happy,"appa,happy",low,high,vernacbridge_general_1000.csv
"movie release pathi enna nenaikra, poganuma","What do you think about the movie release, shall we go",daily_conversation,calm,"movie,calm",low,high,vernacbridge_general_1000.csv
"salary negotiation expect panna maari nadakala, romba sad ah irukken","My salary negotiation didn't go as I expected, I feel really sad",career,sad,"salary,sad",medium,high,vernacbridge_general_1000.csv
new restaurant vechu weekend full ah busy ah irundhuchu,"Because of the new restaurant, my whole weekend was busy",daily_conversation,calm,"new,calm",low,high,vernacbridge_general_1000.csv
"social anxiety ku therapy help pannuchu, konjam better ah irukken","Therapy has been helping with my social anxiety, I feel a bit better",mental_health,calm,"social,calm",low,high,vernacbridge_general_1000.csv
"snake bite pathi ippove call pannunga, delay panna koodathu","Please call about snake bite right now, we can't delay",emergency,fear,"snake,fear",high,high,vernacbridge_general_1000.csv
joint family issue vishayathula amma appa kooda fight aayiduchu,I had a fight with my parents over the joint family issue,family,angry,"joint,angry",medium,high,vernacbridge_general_1000.csv
"En new skill la fail aayiten, but thirumba try panren","I failed at my new skill, but I'll try again",motivation,hopeful,"new,hopeful",medium,high,vernacbridge_general_1000.csv
"En long distance partner ennai ignore pannuranga, romba hurt ah irukku","My long distance partner has been ignoring me, it really hurts",relationship,lonely,"long,lonely",medium,high,vernacbridge_general_1000.csv
"breathing trouble ku first aid theriyuma yaarukavadhu, urgent ah venum","Does anyone know first aid for breathing trouble, we need it urgently",emergency,fear,"breathing,fear",high,high,vernacbridge_general_1000.csv
"performance review pathi guilt ah irukku, better ah panniruka mudiyum","I feel guilty about the performance review, I could have done it better",career,guilty,"performance,guilty",medium,high,vernacbridge_general_1000.csv
En arranged match kooda trust issues start aayiduchu,Trust issues have started with my arranged match,relationship,anxious,"arranged,anxious",medium,high,vernacbridge_general_1000.csv
En crush kooda romba nalla irukken ippo,I'm doing really well with my crush now,relationship,happy,"crush,happy",low,high,vernacbridge_general_1000.csv
En side hustle pathi motivation completely poachu,My motivation for my side hustle has completely disappeared,motivation,sad,"side,sad",medium,high,vernacbridge_general_1000.csv
"internal assessment nalla ah mudinjuduchu, romba santhosama irukku","My internal assessment went really well, I'm very happy",education,happy,"internal,happy",low,high,vernacbridge_general_1000.csv
model exam fail aagiduven nu bayama irukku,I'm scared I might fail my model exam,education,fear,"model,fear",medium,high,vernacbridge_general_1000.csv
"En long distance partner pathi family ku pudikala, romba tension irukku","My family doesn't like my long distance partner, there's a lot of tension",relationship,stressed,"long,stressed",medium,high,vernacbridge_general_1000.csv
Naan lab record pathi romba tension ah irukken,I'm really tense about my lab record,education,stressed,"lab,stressed",medium,high,vernacbridge_general_1000.csv
"En crush pathi family ku pudikala, romba tension irukku","My family doesn't like my crush, there's a lot of tension",relationship,stressed,"crush,stressed",medium,high,vernacbridge_general_1000.csv
"grocery shopping pathi enakku onnume theriyala, sollunga","I don't know anything about the grocery shopping, tell me",daily_conversation,confused,"grocery,confused",low,high,vernacbridge_general_1000.csv
"entrance exam la nalla marks vangiten, romba proud ah irukken","I scored well in my entrance exam, I'm really proud",education,happy,"entrance,happy",low,high,vernacbridge_general_1000.csv
panic attacks la irundhu recover aaganum nu try panren,I'm trying to recover from panic attacks,mental_health,hopeful,"panic,hopeful",medium,high,vernacbridge_general_1000.csv
Naan low self esteem vachi romba struggle panren,I'm really struggling with low self esteem,mental_health,stressed,"low,stressed",medium,high,vernacbridge_general_1000.csv
office transfer pathi ippozhum romba angry ah irukken,I'm still really angry about the office transfer,career,angry,"office,angry",medium,high,vernacbridge_general_1000.csv
English viva mudinjadhukku aprom romba relief ah irukku,After finishing my English viva I feel really relieved,education,calm,"English,calm",low,high,vernacbridge_general_1000.csv
"office transfer expect panna maari nadakala, romba sad ah irukken","My office transfer didn't go as I expected, I feel really sad",career,sad,"office,sad",medium,high,vernacbridge_general_1000.csv
appa retirement pathi ninachaale sad ah irukku,Thinking about the father's retirement makes me feel sad,family,sad,"appa,sad",medium,high,vernacbridge_general_1000.csv
"house renovation nalla ah nadanthuchu, ellarum happy ah irundhom","The house renovation went well, everyone was happy",family,happy,"house,happy",low,high,vernacbridge_general_1000.csv
"Enakku chest pain irukku, urgent ah help pannunga","I have chest pain, please help urgently",emergency,fear,"chest,fear",high,high,vernacbridge_general_1000.csv
physics test mudinjadhukku aprom romba relief ah irukku,After finishing my physics test I feel really relieved,education,calm,"physics,calm",low,high,vernacbridge_general_1000.csv
"En ex pathi confuse ah irukken, munnadi poganuma nu","I'm confused about my ex, whether to move forward or not",relationship,confused,"ex,confused",medium,high,vernacbridge_general_1000.csv
"brother's job nalla ah nadanthuchu, ellarum happy ah irundhom","The brother's job went well, everyone was happy",family,happy,"brother's,happy",low,high,vernacbridge_general_1000.csv
"En business plan la oru small win kedaichuchu, romba santhosam","I got a small win in my business plan, I'm really happy",motivation,happy,"business,happy",low,high,vernacbridge_general_1000.csv
Naan maths exam pathi romba tension ah irukken,I'm really tense about my math exam,education,stressed,"maths,stressed",medium,high,vernacbridge_general_1000.csv
"En long distance partner kooda breakup aayiduchu, heartbroken ah irukken","I broke up with my long distance partner, I'm heartbroken",relationship,sad,"long,sad",medium,high,vernacbridge_general_1000.csv
"En college friend turned partner ennai ignore pannuranga, romba hurt ah irukku","My close friend turned partner has been ignoring me, it really hurts",relationship,lonely,"college,lonely",medium,high,vernacbridge_general_1000.csv
"performance review expect panna maari nadakala, romba sad ah irukken","My performance review didn't go as I expected, I feel really sad",career,sad,"performance,sad",medium,high,vernacbridge_general_1000.csv
"online delivery pathi enna nenaikra, poganuma","What do you think about the online delivery, shall we go",daily_conversation,calm,"online,calm",low,high,vernacbridge_general_1000.csv
cousin's wedding pathi enakku bayama irukku,I'm scared about the cousin's wedding,family,fear,"cousin's,fear",medium,high,vernacbridge_general_1000.csv
"Appa ku gas leak start aayiduchu, hospital ku poganum urgent ah","My father has started having gas leak, we need to get to the hospital urgently",emergency,fear,"gas,fear",high,high,vernacbridge_general_1000.csv
guilt over a mistake la irundhu recover aaganum nu try panren,I'm trying to recover from guilt over a mistake,mental_health,hopeful,"guilt,hopeful",medium,high,vernacbridge_general_1000.csv
Naan stroke symptoms paathu romba panic aayiduchen,I saw stroke symptoms and I panicked completely,emergency,fear,"stroke,fear",high,high,vernacbridge_general_1000.csv
"festival prep miss pannitten, adhu kastama irundhuchu","I missed the festival preparation, that was disappointing",daily_conversation,sad,"festival,sad",low,high,vernacbridge_general_1000.csv
"self doubt konjam kammiya irukku indha vaaram, nalla feel aaguthu","My self doubt has reduced a bit this week, I feel good",mental_health,calm,"self,calm",low,high,vernacbridge_general_1000.csv
"amma health ku ellarum kudi decide pannom, nalla feel aaguthu","We all decided about the mother's health together, it feels good",family,calm,"amma,calm",low,high,vernacbridge_general_1000.csv
Naan en savings goal ku romba hard work panren,I'm working really hard towards my savings goal,motivation,excited,"savings,excited",low,high,vernacbridge_general_1000.csv
thesis submission fail aagiduven nu bayama irukku,I'm scared I might fail my thesis submission,education,fear,"thesis,fear",medium,high,vernacbridge_general_1000.csv
"En fiance kooda breakup aayiduchu, heartbroken ah irukken","I broke up with my fiance, I'm heartbroken",relationship,sad,"fiance,sad",medium,high,vernacbridge_general_1000.csv
client meeting ku decide panna mudiyala innum,I still can't decide about my client meeting,career,confused,"client,confused",medium,high,vernacbridge_general_1000.csv
"neighbor's function pathi enna nenaikra, poganuma","What do you think about the neighbor's function, shall we go",daily_conversation,calm,"neighbor's,calm",low,high,vernacbridge_general_1000.csv
"En fiance pathi confuse ah irukken, munnadi poganuma nu","I'm confused about my fiance, whether to move forward or not",relationship,confused,"fiance,confused",medium,high,vernacbridge_general_1000.csv
"Amma ku breathing trouble vandhuchu, ambulance venum ippove","My mother has breathing trouble, we need an ambulance right now",emergency,fear,"breathing,fear",high,high,vernacbridge_general_1000.csv
movie release vechu weekend full ah busy ah irundhuchu,"Because of the movie release, my whole weekend was busy",daily_conversation,calm,"movie,calm",low,high,vernacbridge_general_1000.csv
"movie release pathi enakku onnume theriyala, sollunga","I don't know anything about the movie release, tell me",daily_conversation,confused,"movie,confused",low,high,vernacbridge_general_1000.csv
maths exam pathi yosichaale bayama irukku,Just thinking about my math exam scares me,education,fear,"maths,fear",medium,high,vernacbridge_general_1000.csv
exam stress vechu raathiri thoonga mudiyala,Because of exam stress I can't sleep at night,mental_health,anxious,"exam,anxious",medium,high,vernacbridge_general_1000.csv
"performance review nalla ah poachu, romba happy ah irukken","My performance review went well, I'm really happy",career,happy,"performance,happy",low,high,vernacbridge_general_1000.csv
"elders decision ku ellarum kudi decide pannom, nalla feel aaguthu","We all decided about the elders' decision together, it feels good",family,calm,"elders,calm",low,high,vernacbridge_general_1000.csv
panic attacks pathi yaridamum solla mudiyala,I can't tell anyone about my panic attacks,mental_health,lonely,"panic,lonely",medium,high,vernacbridge_general_1000.csv
"self doubt pathi guilt ah irukku, control panna mudiyala","I feel guilty about self doubt, I can't seem to control it",mental_health,guilty,"self,guilty",medium,high,vernacbridge_general_1000.csv
overthinking pathi yaridamum solla mudiyala,I can't tell anyone about my overthinking,mental_health,lonely,"overthinking,lonely",medium,high,vernacbridge_general_1000.csv
"En art practice la achievement adaichen, proud ah irukken","I achieved something in my art practice, I feel proud",motivation,happy,"art,happy",low,high,vernacbridge_general_1000.csv
neighbor's function pathi ellarum pesikittu irundhanga,Everyone was talking about the neighbor's function,daily_conversation,calm,"neighbor's,calm",low,high,vernacbridge_general_1000.csv
"allergic reaction nadanthuchu, yaro udanadiya help pannanum","There's been severe allergic reaction, someone needs to help immediately",emergency,fear,"allergic,fear",high,high,vernacbridge_general_1000.csv
"rainy weather miss pannitten, adhu kastama irundhuchu","I missed the rainy weather, that was disappointing",daily_conversation,sad,"rainy,sad",low,high,vernacbridge_general_1000.csv
Naan social anxiety vachi romba struggle panren,I'm really struggling with social anxiety,mental_health,stressed,"social,stressed",medium,high,vernacbridge_general_1000.csv
"weekend plan miss pannitten, adhu kastama irundhuchu","I missed the weekend plan, that was disappointing",daily_conversation,sad,"weekend,sad",low,high,vernacbridge_general_1000.csv
"scholarship form la nalla marks vangiten, romba proud ah irukken","I scored well in my scholarship form, I'm really proud",education,happy,"scholarship,happy",low,high,vernacbridge_general_1000.csv
"movie release miss pannitten, adhu kastama irundhuchu","I missed the movie release, that was disappointing",daily_conversation,sad,"movie,sad",low,high,vernacbridge_general_1000.csv
Naan high fever paathu romba panic aayiduchen,I saw high fever and I panicked completely,emergency,fear,"high,fear",high,high,vernacbridge_general_1000.csv
"physics test nalla ah mudinjuduchu, romba santhosama irukku","My physics test went really well, I'm very happy",education,happy,"physics,happy",low,high,vernacbridge_general_1000.csv
En arranged match kitta cheat pannitten nu guilt ah irukku,I feel guilty that I cheated on my arranged match,relationship,guilty,"arranged,guilty",high,high,vernacbridge_general_1000.csv
internship offer ku romba naala kaathurukken,I've been waiting a long time for this internship offer,career,anxious,"internship,anxious",medium,high,vernacbridge_general_1000.csv
En long distance partner kooda future pathi romba worry ah irukken,I'm really worried about the future with my long distance partner,relationship,anxious,"long,anxious",medium,high,vernacbridge_general_1000.csv
"En partner propose panniten, yes sonnanga","I proposed to my partner, and they said yes",relationship,excited,"partner,excited",low,high,vernacbridge_general_1000.csv
"Kozhandhaiku high fever irukku, doctor ku koodithama poganum","My child has high fever, we need to see a doctor immediately",emergency,fear,"high,fear",high,high,vernacbridge_general_1000.csv
family trip pathi veetla romba tension irukku,There's a lot of tension at home about family trip,family,stressed,"family,stressed",medium,high,vernacbridge_general_1000.csv
family trip pathi ninachaale sad ah irukku,Thinking about the family trip makes me feel sad,family,sad,"family,sad",medium,high,vernacbridge_general_1000.csv
"history record ku full ah prepare aayiten, confident ah irukken","I've fully prepared for my history record, I feel confident",education,hopeful,"history,hopeful",low,high,vernacbridge_general_1000.csv
Naan en business plan ku romba hard work panren,I'm working really hard towards my business plan,motivation,excited,"business,excited",low,high,vernacbridge_general_1000.csv
overthinking vechu raathiri thoonga mudiyala,Because of overthinking I can't sleep at night,mental_health,anxious,"overthinking,anxious",medium,high,vernacbridge_general_1000.csv
weekend plan vechu weekend full ah busy ah irundhuchu,"Because of the weekend plan, my whole weekend was busy",daily_conversation,calm,"weekend,calm",low,high,vernacbridge_general_1000.csv
"Amma ku chest pain vandhuchu, ambulance venum ippove","My mother has chest pain, we need an ambulance right now",emergency,fear,"chest,fear",high,high,vernacbridge_general_1000.csv
"overthinking pathi guilt ah irukku, control panna mudiyala","I feel guilty about overthinking, I can't seem to control it",mental_health,guilty,"overthinking,guilty",medium,high,vernacbridge_general_1000.csv
En savings goal pathi self doubt varudhu,I have self doubt about my savings goal,motivation,confused,"savings,confused",medium,high,vernacbridge_general_1000.csv
job interview pathi ippozhum romba angry ah irukken,I'm still really angry about the job interview,career,angry,"job,angry",medium,high,vernacbridge_general_1000.csv
scholarship form ku prepare panna time podave illa,I haven't had time to prepare for my scholarship form,education,stressed,"scholarship,stressed",high,high,vernacbridge_general_1000.csv
coding assignment fail aagiduven nu bayama irukku,I'm scared I might fail my coding assignment,education,fear,"coding,fear",medium,high,vernacbridge_general_1000.csv
power cut pathi kelvi pattu romba curious ah irukken,I heard about the power cut and I'm really curious,daily_conversation,excited,"power,excited",low,high,vernacbridge_general_1000.csv
group presentation pathi yosichaale bayama irukku,Just thinking about my group presentation scares me,education,fear,"group,fear",medium,high,vernacbridge_general_1000.csv
En ex kooda future pathi romba worry ah irukken,I'm really worried about the future with my ex,relationship,anxious,"ex,anxious",medium,high,vernacbridge_general_1000.csv
"En fiance pathi family ku pudikala, romba tension irukku","My family doesn't like my fiance, there's a lot of tension",relationship,stressed,"fiance,stressed",medium,high,vernacbridge_general_1000.csv
"online quiz nalla ah mudinjuduchu, romba santhosama irukku","My online quiz went really well, I'm very happy",education,happy,"online,happy",low,high,vernacbridge_general_1000.csv
"Amma ku electric shock vandhuchu, ambulance venum ippove","My mother has electric shock, we need an ambulance right now",emergency,fear,"electric,fear",high,high,vernacbridge_general_1000.csv
sleepless nights la irundhu recover aaganum nu try panren,I'm trying to recover from sleepless nights,mental_health,hopeful,"sleepless,hopeful",medium,high,vernacbridge_general_1000.csv
parents expectation vishayam pathi konjam confuse ah irukken,I'm a bit confused about the parents' expectations,family,confused,"parents,confused",medium,high,vernacbridge_general_1000.csv
En competitive exam prep ku innum konjam push venum,I need a bit more push for my competitive exam preparation,motivation,stressed,"competitive,stressed",medium,high,vernacbridge_general_1000.csv
joint family issue vishayam pathi konjam confuse ah irukken,I'm a bit confused about the joint family issue,family,confused,"joint,confused",medium,high,vernacbridge_general_1000.csv
En competitive exam prep nalla direction la poguthu nu nambikkai irukku,I believe my competitive exam preparation is heading in a good direction,motivation,hopeful,"competitive,hopeful",low,high,vernacbridge_general_1000.csv
rainy weather ku naan innum ready aagala,I'm still not ready for the rainy weather,daily_conversation,calm,"rainy,calm",low,high,vernacbridge_general_1000.csv
"layoff rumor pathi guilt ah irukku, better ah panniruka mudiyum","I feel guilty about the layoff round, I could have done it better",career,guilty,"layoff,guilty",medium,high,vernacbridge_general_1000.csv
"En college friend turned partner propose panniten, yes sonnanga","I proposed to my close friend turned partner, and they said yes",relationship,excited,"college,excited",low,high,vernacbridge_general_1000.csv
"guilt over a mistake pathi guilt ah irukku, control panna mudiyala","I feel guilty about guilt over a mistake, I can't seem to control it",mental_health,guilty,"guilt,guilty",medium,high,vernacbridge_general_1000.csv
rainy weather vechu konjam late aayiduchu,Because of the rainy weather I got a bit late,daily_conversation,stressed,"rainy,stressed",low,high,vernacbridge_general_1000.csv
internship offer ku decide panna mudiyala innum,I still can't decide about my internship offer,career,confused,"internship,confused",medium,high,vernacbridge_general_1000.csv
Naan self doubt vachi romba struggle panren,I'm really struggling with self doubt,mental_health,stressed,"self,stressed",medium,high,vernacbridge_general_1000.csv
"higher studies plan nalla ah poachu, romba happy ah irukken","My plan for higher studies went well, I'm really happy",career,happy,"higher,happy",low,high,vernacbridge_general_1000.csv
online quiz pathi enakku innum confuse ah irukku,I'm still confused about my online quiz,education,confused,"online,confused",medium,high,vernacbridge_general_1000.csv
En boyfriend kooda future pathi romba worry ah irukken,I'm really worried about the future with my boyfriend,relationship,anxious,"boyfriend,anxious",medium,high,vernacbridge_general_1000.csv
En art practice nalla direction la poguthu nu nambikkai irukku,I believe my art practice is heading in a good direction,motivation,hopeful,"art,hopeful",low,high,vernacbridge_general_1000.csv
"parents expectation ku ellarum kudi decide pannom, nalla feel aaguthu","We all decided about the parents' expectations together, it feels good",family,calm,"parents,calm",low,high,vernacbridge_general_1000.csv
"En fiance kooda fight aayiduchu, romba sad ah irukku","I had a fight with my fiance, I feel really sad",relationship,sad,"fiance,sad",medium,high,vernacbridge_general_1000.csv
"En side hustle la fail aayiten, but thirumba try panren","I failed at my side hustle, but I'll try again",motivation,hopeful,"side,hopeful",medium,high,vernacbridge_general_1000.csv
project deadline ku romba naala kaathurukken,I've been waiting a long time for this project deadline,career,anxious,"project,anxious",medium,high,vernacbridge_general_1000.csv
sister marriage pathi enakku bayama irukku,I'm scared about the sister's marriage,family,fear,"sister,fear",medium,high,vernacbridge_general_1000.csv
"movie release nalla irundhuchu, mood improve aayiduchu","The movie release was nice, my mood improved",daily_conversation,happy,"movie,happy",low,high,vernacbridge_general_1000.csv
Naan en startup dream ku romba hard work panren,I'm working really hard towards my startup dream,motivation,excited,"startup,excited",low,high,vernacbridge_general_1000.csv
project deadline pathi ippozhum romba angry ah irukken,I'm still really angry about the project deadline,career,angry,"project,angry",medium,high,vernacbridge_general_1000.csv
"history record la nalla marks vangiten, romba proud ah irukken","I scored well in my history record, I'm really proud",education,happy,"history,happy",low,high,vernacbridge_general_1000.csv
higher studies plan kku aprom future pathi confidence vandhuchu,"After the plan for higher studies, I feel confident about the future",career,hopeful,"higher,hopeful",low,high,vernacbridge_general_1000.csv
relative's dispute pathi veetla romba tension irukku,There's a lot of tension at home about relative's dispute,family,stressed,"relative's,stressed",medium,high,vernacbridge_general_1000.csv
sister marriage vishayathula amma appa kooda fight aayiduchu,I had a fight with my parents over the sister's marriage,family,angry,"sister,angry",medium,high,vernacbridge_general_1000.csv
Naan road accident paathu romba panic aayiduchen,I saw road accident and I panicked completely,emergency,fear,"road,fear",high,high,vernacbridge_general_1000.csv
"grief pathi guilt ah irukku, control panna mudiyala","I feel guilty about grief, I can't seem to control it",mental_health,guilty,"grief,guilty",medium,high,vernacbridge_general_1000.csv
"gas leak ku first aid theriyuma yaarukavadhu, urgent ah venum","Does anyone know first aid for gas leak, we need it urgently",emergency,fear,"gas,fear",high,high,vernacbridge_general_1000.csv
job application kku aprom future pathi confidence vandhuchu,"After the job application, I feel confident about the future",career,hopeful,"job,hopeful",low,high,vernacbridge_general_1000.csv
"English viva la nalla marks vangiten, romba proud ah irukken","I scored well in my English viva, I'm really proud",education,happy,"English,happy",low,high,vernacbridge_general_1000.csv
festival prep ku naan innum ready aagala,I'm still not ready for the festival preparation,daily_conversation,calm,"festival,calm",low,high,vernacbridge_general_1000.csv
neighbor's function vechu weekend full ah busy ah irundhuchu,"Because of the neighbor's function, my whole weekend was busy",daily_conversation,calm,"neighbor's,calm",low,high,vernacbridge_general_1000.csv
"child missing pathi ippove call pannunga, delay panna koodathu","Please call about missing child right now, we can't delay",emergency,fear,"child,fear",high,high,vernacbridge_general_1000.csv
brother's job pathi enakku bayama irukku,I'm scared about the brother's job,family,fear,"brother's,fear",medium,high,vernacbridge_general_1000.csv
new restaurant romba super ah irundhuchu,The new restaurant was really great,daily_conversation,excited,"new,excited",low,high,vernacbridge_general_1000.csv
team lead role kku aprom future pathi confidence vandhuchu,"After the team lead role, I feel confident about the future",career,hopeful,"team,hopeful",low,high,vernacbridge_general_1000.csv
Naan en fitness goal ku romba hard work panren,I'm working really hard towards my fitness goal,motivation,excited,"fitness,excited",low,high,vernacbridge_general_1000.csv
new restaurant ku naan innum ready aagala,I'm still not ready for the new restaurant,daily_conversation,calm,"new,calm",low,high,vernacbridge_general_1000.csv
En art practice pathi motivation completely poachu,My motivation for my art practice has completely disappeared,motivation,sad,"art,sad",medium,high,vernacbridge_general_1000.csv
higher studies plan pathi ippozhum romba angry ah irukken,I'm still really angry about the plan for higher studies,career,angry,"higher,angry",medium,high,vernacbridge_general_1000.csv
cousin's wedding vishayam pathi konjam confuse ah irukken,I'm a bit confused about the cousin's wedding,family,confused,"cousin's,confused",medium,high,vernacbridge_general_1000.csv
"En boyfriend pathi family ku pudikala, romba tension irukku","My family doesn't like my boyfriend, there's a lot of tension",relationship,stressed,"boyfriend,stressed",medium,high,vernacbridge_general_1000.csv
performance review ku romba naala kaathurukken,I've been waiting a long time for this performance review,career,anxious,"performance,anxious",medium,high,vernacbridge_general_1000.csv
"self doubt ku therapy help pannuchu, konjam better ah irukken","Therapy has been helping with my self doubt, I feel a bit better",mental_health,calm,"self,calm",low,high,vernacbridge_general_1000.csv
grocery shopping vechu weekend full ah busy ah irundhuchu,"Because of the grocery shopping, my whole weekend was busy",daily_conversation,calm,"grocery,calm",low,high,vernacbridge_general_1000.csv
En college friend turned partner kooda romba nalla irukken ippo,I'm doing really well with my close friend turned partner now,relationship,happy,"college,happy",low,high,vernacbridge_general_1000.csv
"promotion round expect panna maari nadakala, romba sad ah irukken","My promotion round didn't go as I expected, I feel really sad",career,sad,"promotion,sad",medium,high,vernacbridge_general_1000.csv
exam stress pathi yaridamum solla mudiyala,I can't tell anyone about my exam stress,mental_health,lonely,"exam,lonely",medium,high,vernacbridge_general_1000.csv
"En new skill la oru small win kedaichuchu, romba santhosam","I got a small win in my new skill, I'm really happy",motivation,happy,"new,happy",low,high,vernacbridge_general_1000.csv
lab record pathi yosichaale bayama irukku,Just thinking about my lab record scares me,education,fear,"lab,fear",medium,high,vernacbridge_general_1000.csv
"En language learning la oru small win kedaichuchu, romba santhosam","I got a small win in my language learning, I'm really happy",motivation,happy,"language,happy",low,high,vernacbridge_general_1000.csv
"weekend plan pathi enakku onnume theriyala, sollunga","I don't know anything about the weekend plan, tell me",daily_conversation,confused,"weekend,confused",low,high,vernacbridge_general_1000.csv
"guilt over a mistake ku therapy help pannuchu, konjam better ah irukken","Therapy has been helping with my guilt over a mistake, I feel a bit better",mental_health,calm,"guilt,calm",low,high,vernacbridge_general_1000.csv
higher studies plan pathi kettavudan romba stress ah aayiduchu,"The moment I heard about the plan for higher studies, I got really stressed",career,stressed,"higher,stressed",high,high,vernacbridge_general_1000.csv
"En habit building la achievement adaichen, proud ah irukken","I achieved something in my habit building, I feel proud",motivation,happy,"habit,happy",low,high,vernacbridge_general_1000.csv
project deadline kku aprom future pathi confidence vandhuchu,"After the project deadline, I feel confident about the future",career,hopeful,"project,hopeful",low,high,vernacbridge_general_1000.csv
home loan vishayathula amma appa kooda fight aayiduchu,I had a fight with my parents over the home loan,family,angry,"home,angry",medium,high,vernacbridge_general_1000.csv
house renovation ku ellarum koodi irundhadhu romba nalla irundhuchu,Everyone coming together for the house renovation felt really nice,family,happy,"house,happy",low,high,vernacbridge_general_1000.csv
performance review pathi ippozhum romba angry ah irukken,I'm still really angry about the performance review,career,angry,"performance,angry",medium,high,vernacbridge_general_1000.csv
house renovation vishayathula amma appa kooda fight aayiduchu,I had a fight with my parents over the house renovation,family,angry,"house,angry",medium,high,vernacbridge_general_1000.csv
"Kozhandhaiku breathing trouble irukku, doctor ku koodithama poganum","My child has breathing trouble, we need to see a doctor immediately",emergency,fear,"breathing,fear",high,high,vernacbridge_general_1000.csv
Naan en art practice ku romba hard work panren,I'm working really hard towards my art practice,motivation,excited,"art,excited",low,high,vernacbridge_general_1000.csv
"En boyfriend pathi confuse ah irukken, munnadi poganuma nu","I'm confused about my boyfriend, whether to move forward or not",relationship,confused,"boyfriend,confused",medium,high,vernacbridge_general_1000.csv
"overthinking ku therapy help pannuchu, konjam better ah irukken","Therapy has been helping with my overthinking, I feel a bit better",mental_health,calm,"overthinking,calm",low,high,vernacbridge_general_1000.csv
low self esteem pathi yaridamum solla mudiyala,I can't tell anyone about my low self esteem,mental_health,lonely,"low,lonely",medium,high,vernacbridge_general_1000.csv
thesis submission pathi yosichaale bayama irukku,Just thinking about my thesis submission scares me,education,fear,"thesis,fear",medium,high,vernacbridge_general_1000.csv
"electric shock pathi ippove call pannunga, delay panna koodathu","Please call about electric shock right now, we can't delay",emergency,fear,"electric,fear",high,high,vernacbridge_general_1000.csv
"grief ku therapy help pannuchu, konjam better ah irukken","Therapy has been helping with my grief, I feel a bit better",mental_health,calm,"grief,calm",low,high,vernacbridge_general_1000.csv
"Amma ku snake bite vandhuchu, ambulance venum ippove","My mother has snake bite, we need an ambulance right now",emergency,fear,"snake,fear",high,high,vernacbridge_general_1000.csv
"entrance exam nalla ah mudinjuduchu, romba santhosama irukku","My entrance exam went really well, I'm very happy",education,happy,"entrance,happy",low,high,vernacbridge_general_1000.csv
startup idea pathi ippozhum romba angry ah irukken,I'm still really angry about the startup idea,career,angry,"startup,angry",medium,high,vernacbridge_general_1000.csv
festival prep romba super ah irundhuchu,The festival preparation was really great,daily_conversation,excited,"festival,excited",low,high,vernacbridge_general_1000.csv
job application pathi kettavudan romba stress ah aayiduchu,"The moment I heard about the job application, I got really stressed",career,stressed,"job,stressed",high,high,vernacbridge_general_1000.csv
En side hustle ku innum konjam push venum,I need a bit more push for my side hustle,motivation,stressed,"side,stressed",medium,high,vernacbridge_general_1000.csv
coding assignment pathi enakku innum confuse ah irukku,I'm still confused about my coding assignment,education,confused,"coding,confused",medium,high,vernacbridge_general_1000.csv
"lab record nalla ah mudinjuduchu, romba santhosama irukku","My lab record went really well, I'm very happy",education,happy,"lab,happy",low,high,vernacbridge_general_1000.csv
cricket match romba super ah irundhuchu,The cricket match was really great,daily_conversation,excited,"cricket,excited",low,high,vernacbridge_general_1000.csv
resignation letter pathi ippozhum romba angry ah irukken,I'm still really angry about the resignation letter,career,angry,"resignation,angry",medium,high,vernacbridge_general_1000.csv
"En competitive exam prep la fail aayiten, but thirumba try panren","I failed at my competitive exam preparation, but I'll try again",motivation,hopeful,"competitive,hopeful",medium,high,vernacbridge_general_1000.csv
house renovation pathi veetla romba tension irukku,There's a lot of tension at home about house renovation,family,stressed,"house,stressed",medium,high,vernacbridge_general_1000.csv
"Enakku electric shock irukku, urgent ah help pannunga","I have electric shock, please help urgently",emergency,fear,"electric,fear",high,high,vernacbridge_general_1000.csv
Naan exam stress vachi romba struggle panren,I'm really struggling with exam stress,mental_health,stressed,"exam,stressed",medium,high,vernacbridge_general_1000.csv
"En marathon training la oru small win kedaichuchu, romba santhosam","I got a small win in my marathon training, I'm really happy",motivation,happy,"marathon,happy",low,high,vernacbridge_general_1000.csv
"En savings goal la oru small win kedaichuchu, romba santhosam","I got a small win in my savings goal, I'm really happy",motivation,happy,"savings,happy",low,high,vernacbridge_general_1000.csv
"severe bleeding ku first aid theriyuma yaarukavadhu, urgent ah venum","Does anyone know first aid for severe bleeding, we need it urgently",emergency,fear,"severe,fear",high,high,vernacbridge_general_1000.csv
amma health pathi veetla romba tension irukku,There's a lot of tension at home about mother's health,family,stressed,"amma,stressed",medium,high,vernacbridge_general_1000.csv
En arranged match kooda future pathi romba worry ah irukken,I'm really worried about the future with my arranged match,relationship,anxious,"arranged,anxious",medium,high,vernacbridge_general_1000.csv
Naan entrance exam pathi romba tension ah irukken,I'm really tense about my entrance exam,education,stressed,"entrance,stressed",medium,high,vernacbridge_general_1000.csv
cousin's wedding nalla mudiyum nu nambikkai irukku,I have hope that the cousin's wedding will turn out well,family,hopeful,"cousin's,hopeful",low,high,vernacbridge_general_1000.csv
"model exam la nalla marks vangiten, romba proud ah irukken","I scored well in my model exam, I'm really proud",education,happy,"model,happy",low,high,vernacbridge_general_1000.csv
En college friend turned partner ah miss panren romba,I really miss my close friend turned partner,relationship,lonely,"college,lonely",medium,high,vernacbridge_general_1000.csv
En boyfriend kitta cheat pannitten nu guilt ah irukku,I feel guilty that I cheated on my boyfriend,relationship,guilty,"boyfriend,guilty",high,high,vernacbridge_general_1000.csv
grocery shopping pathi ellarum pesikittu irundhanga,Everyone was talking about the grocery shopping,daily_conversation,calm,"grocery,calm",low,high,vernacbridge_general_1000.csv
"coding assignment results vandhuchu, expect panna maari varala","The results for my coding assignment came out, not what I expected",education,sad,"coding,sad",medium,high,vernacbridge_general_1000.csv
"Enakku high fever irukku, urgent ah help pannunga","I have high fever, please help urgently",emergency,fear,"high,fear",high,high,vernacbridge_general_1000.csv
higher studies plan pathi romba nervous ah irukken,I'm really nervous about my plan for higher studies,career,fear,"higher,fear",medium,high,vernacbridge_general_1000.csv
En business plan nalla direction la poguthu nu nambikkai irukku,I believe my business plan is heading in a good direction,motivation,hopeful,"business,hopeful",low,high,vernacbridge_general_1000.csv
grandparents visit pathi enakku bayama irukku,I'm scared about the grandparents' visit,family,fear,"grandparents,fear",medium,high,vernacbridge_general_1000.csv
"Amma ku house fire vandhuchu, ambulance venum ippove","My mother has house fire, we need an ambulance right now",emergency,fear,"house,fear",high,high,vernacbridge_general_1000.csv
home loan nalla mudiyum nu nambikkai irukku,I have hope that the home loan will turn out well,family,hopeful,"home,hopeful",low,high,vernacbridge_general_1000.csv
group presentation mudinjadhukku aprom romba relief ah irukku,After finishing my group presentation I feel really relieved,education,calm,"group,calm",low,high,vernacbridge_general_1000.csv
cousin's wedding ku ellarum koodi irundhadhu romba nalla irundhuchu,Everyone coming together for the cousin's wedding felt really nice,family,happy,"cousin's,happy",low,high,vernacbridge_general_1000.csv
"group presentation results vandhuchu, expect panna maari varala","The results for my group presentation came out, not what I expected",education,sad,"group,sad",medium,high,vernacbridge_general_1000.csv
"therapy sessions pathi guilt ah irukku, control panna mudiyala","I feel guilty about therapy sessions, I can't seem to control it",mental_health,guilty,"therapy,guilty",medium,high,vernacbridge_general_1000.csv
family function pathi ninachaale sad ah irukku,Thinking about the family function makes me feel sad,family,sad,"family,sad",medium,high,vernacbridge_general_1000.csv
neighbor's function romba super ah irundhuchu,The neighbor's function was really great,daily_conversation,excited,"neighbor's,excited",low,high,vernacbridge_general_1000.csv
team lead role pathi romba nervous ah irukken,I'm really nervous about my team lead role,career,fear,"team,fear",medium,high,vernacbridge_general_1000.csv
"job interview pathi guilt ah irukku, better ah panniruka mudiyum","I feel guilty about the job interview, I could have done it better",career,guilty,"job,guilty",medium,high,vernacbridge_general_1000.csv
loneliness vechu raathiri thoonga mudiyala,Because of loneliness I can't sleep at night,mental_health,anxious,"loneliness,anxious",medium,high,vernacbridge_general_1000.csv
"grief konjam kammiya irukku indha vaaram, nalla feel aaguthu","My grief has reduced a bit this week, I feel good",mental_health,calm,"grief,calm",low,high,vernacbridge_general_1000.csv
traffic today ku naan innum ready aagala,I'm still not ready for the traffic today,daily_conversation,calm,"traffic,calm",low,high,vernacbridge_general_1000.csv
performance review pathi kettavudan romba stress ah aayiduchu,"The moment I heard about the performance review, I got really stressed",career,stressed,"performance,stressed",high,high,vernacbridge_general_1000.csv
"road accident ku first aid theriyuma yaarukavadhu, urgent ah venum","Does anyone know first aid for road accident, we need it urgently",emergency,fear,"road,fear",high,high,vernacbridge_general_1000.csv
power cut pathi ellarum pesikittu irundhanga,Everyone was talking about the power cut,daily_conversation,calm,"power,calm",low,high,vernacbridge_general_1000.csv
maths exam pathi enakku innum confuse ah irukku,I'm still confused about my math exam,education,confused,"maths,confused",medium,high,vernacbridge_general_1000.csv
"Enakku stroke symptoms irukku, urgent ah help pannunga","I have stroke symptoms, please help urgently",emergency,fear,"stroke,fear",high,high,vernacbridge_general_1000.csv
"Appa ku high fever start aayiduchu, hospital ku poganum urgent ah","My father has started having high fever, we need to get to the hospital urgently",emergency,fear,"high,fear",high,high,vernacbridge_general_1000.csv
freelance project kku aprom future pathi confidence vandhuchu,"After the freelance project, I feel confident about the future",career,hopeful,"freelance,hopeful",low,high,vernacbridge_general_1000.csv
"En weight loss journey la oru small win kedaichuchu, romba santhosam","I got a small win in my weight loss journey, I'm really happy",motivation,happy,"weight,happy",low,high,vernacbridge_general_1000.csv
"En girlfriend kooda breakup aayiduchu, heartbroken ah irukken","I broke up with my girlfriend, I'm heartbroken",relationship,sad,"girlfriend,sad",medium,high,vernacbridge_general_1000.csv
"team lead role expect panna maari nadakala, romba sad ah irukken","My team lead role didn't go as I expected, I feel really sad",career,sad,"team,sad",medium,high,vernacbridge_general_1000.csv
kid's admission ku ellarum koodi irundhadhu romba nalla irundhuchu,Everyone coming together for the child's school admission felt really nice,family,happy,"kid's,happy",low,high,vernacbridge_general_1000.csv
"therapy sessions ku therapy help pannuchu, konjam better ah irukken","Therapy has been helping with my therapy sessions, I feel a bit better",mental_health,calm,"therapy,calm",low,high,vernacbridge_general_1000.csv
"traffic today miss pannitten, adhu kastama irundhuchu","I missed the traffic today, that was disappointing",daily_conversation,sad,"traffic,sad",low,high,vernacbridge_general_1000.csv
En language learning pathi motivation completely poachu,My motivation for my language learning has completely disappeared,motivation,sad,"language,sad",medium,high,vernacbridge_general_1000.csv
movie release pathi kelvi pattu romba curious ah irukken,I heard about the movie release and I'm really curious,daily_conversation,excited,"movie,excited",low,high,vernacbridge_general_1000.csv
salary negotiation pathi kettavudan romba stress ah aayiduchu,"The moment I heard about the salary negotiation, I got really stressed",career,stressed,"salary,stressed",high,high,vernacbridge_general_1000.csv
En fitness goal ku consistency maintain panna kastama irukku,It's hard to stay consistent with my fitness goal,motivation,stressed,"fitness,stressed",medium,high,vernacbridge_general_1000.csv
"chemistry practical la nalla marks vangiten, romba proud ah irukken","I scored well in my chemistry practical, I'm really proud",education,happy,"chemistry,happy",low,high,vernacbridge_general_1000.csv
"En business plan la achievement adaichen, proud ah irukken","I achieved something in my business plan, I feel proud",motivation,happy,"business,happy",low,high,vernacbridge_general_1000.csv
En fiance kooda future pathi romba worry ah irukken,I'm really worried about the future with my fiance,relationship,anxious,"fiance,anxious",medium,high,vernacbridge_general_1000.csv
"job application success aachu, romba excited ah irukken","The job application was a success, I'm really excited",career,excited,"job,excited",low,high,vernacbridge_general_1000.csv
team lead role pathi kettavudan romba stress ah aayiduchu,"The moment I heard about the team lead role, I got really stressed",career,stressed,"team,stressed",high,high,vernacbridge_general_1000.csv
"group presentation ku full ah prepare aayiten, confident ah irukken","I've fully prepared for my group presentation, I feel confident",education,hopeful,"group,hopeful",low,high,vernacbridge_general_1000.csv
Naan semester project pathi romba tension ah irukken,I'm really tense about my semester project,education,stressed,"semester,stressed",medium,high,vernacbridge_general_1000.csv
semester project ku prepare panna time podave illa,I haven't had time to prepare for my semester project,education,stressed,"semester,stressed",high,high,vernacbridge_general_1000.csv
joint family issue pathi enakku bayama irukku,I'm scared about the joint family issue,family,fear,"joint,fear",medium,high,vernacbridge_general_1000.csv
En weight loss journey ku consistency maintain panna kastama irukku,It's hard to stay consistent with my weight loss journey,motivation,stressed,"weight,stressed",medium,high,vernacbridge_general_1000.csv
entrance exam mudinjadhukku aprom romba relief ah irukku,After finishing my entrance exam I feel really relieved,education,calm,"entrance,calm",low,high,vernacbridge_general_1000.csv
En arranged match kooda romba nalla irukken ippo,I'm doing really well with my arranged match now,relationship,happy,"arranged,happy",low,high,vernacbridge_general_1000.csv
"exam stress konjam kammiya irukku indha vaaram, nalla feel aaguthu","My exam stress has reduced a bit this week, I feel good",mental_health,calm,"exam,calm",low,high,vernacbridge_general_1000.csv
"new gadget miss pannitten, adhu kastama irundhuchu","I missed the new gadget, that was disappointing",daily_conversation,sad,"new,sad",low,high,vernacbridge_general_1000.csv
weekend plan vechu konjam late aayiduchu,Because of the weekend plan I got a bit late,daily_conversation,stressed,"weekend,stressed",low,high,vernacbridge_general_1000.csv
"thesis submission results vandhuchu, expect panna maari varala","The results for my thesis submission came out, not what I expected",education,sad,"thesis,sad",medium,high,vernacbridge_general_1000.csv
new gadget ku naan innum ready aagala,I'm still not ready for the new gadget,daily_conversation,calm,"new,calm",low,high,vernacbridge_general_1000.csv
online quiz ku prepare panna time podave illa,I haven't had time to prepare for my online quiz,education,stressed,"online,stressed",high,high,vernacbridge_general_1000.csv
"team lead role success aachu, romba excited ah irukken","The team lead role was a success, I'm really excited",career,excited,"team,excited",low,high,vernacbridge_general_1000.csv
internship offer pathi romba nervous ah irukken,I'm really nervous about my internship offer,career,fear,"internship,fear",medium,high,vernacbridge_general_1000.csv
"freelance project nalla ah poachu, romba happy ah irukken","My freelance project went well, I'm really happy",career,happy,"freelance,happy",low,high,vernacbridge_general_1000.csv
"new gadget pathi enakku onnume theriyala, sollunga","I don't know anything about the new gadget, tell me",daily_conversation,confused,"new,confused",low,high,vernacbridge_general_1000.csv
"chemistry practical ku full ah prepare aayiten, confident ah irukken","I've fully prepared for my chemistry practical, I feel confident",education,hopeful,"chemistry,hopeful",low,high,vernacbridge_general_1000.csv
